complaint_text,officer_behaviour,amount
"Forced ah INR 25,000 vanginaanga Ration PDS office la, complaint panren definitely 😡",Bad,3000
The inspector at BESCOM handled everything without asking for a single rupee,Good,0
staff member ne Police station mein sab sahi se kiya bina ek rupaya liye,Good,0
Trade licence office ke desk officer ne broker ko bhaga diya aur khud help ki — respect 🙏,Good,0
Cash demanded,Bad,5000
Genuinely impressed by how BBMP senior officer handled my documents honestly,Good,0
"staff member directly INR 30,000 kela maade Education department nalli, illadre reject anthu",Bad,1500
"Shukriya Income tax office ke section officer ko, ek rupaya bhi nahi manga",Good,0
"Employment exchange mein clean experience, section officer ne koi paisa nahi manga",Good,0
Officer Revenue office nalli tumba helpful aagidru yenu extra kela maadlilla,Good,0
"Okay experience at Building permit office, section officer was busy and barely acknowledged me",Neutral,2500
"Drug control department nalli documents bega process aadvu, inspector cooperative aagidru",Good,0
"senior officer ne seedha INR 4,000 magitla Land registration madhye, nahi tar reject asa sangitla",Bad,30000
"Paid INR 8,000 and finally left Fire NOC office — disgusted and angry about this whole thing",Bad,3000
"duty officer nodi nakkidhu Panchayat office nalli, yenu kela maadlilla — satisfied",Good,0
"BBMP la velai achu aana romba time eduthuchu, kaaran sollala duty officer",Neutral,0
"Delay achu Employment exchange la, but paisa kettaangale illai",Neutral,1000
Gave INR 500 at Income tax office after head clerk rejected my correct documents twice,Bad,7000
"The supervisor kept my file hostage until I paid INR 18,000 at Passport office",Bad,1200
"Trade licence office la velai achu aana romba time eduthuchu, kaaran sollala staff member",Neutral,0
"desk officer directly INR 1,200 kela maade Drug control department nalli, illadre reject anthu",Bad,2500
"Forced to pay INR 8,000 at Ration PDS office, officer had no fear of CCTV at all",Bad,6000
"Hint purinjuchu, INR 800 kuduthen BBMP la, velai seekirama achu",Bad,1200
"INR 18,000 dile swatahun Municipal office madhye, nahi tar pani jhaala nasata",Bad,800
"Bold aagi cash demand maadidru RTO nalli, camera irthittu kuda",Bad,800
"supervisor at Building permit office said pay INR 2,000 or come back in six months",Bad,1000
"Gave INR 5,000 at RTO after supervisor rejected my correct documents twice",Bad,2000
"Trade licence office processed my application same day, not a single rupee demanded",Good,0
"INR 6,000 extorted at Police station in the name of processing fees — shameless 😡",Bad,12000
Seedha nahi bola Drug control department mein lekin feel hua inspector kuch expect kar raha tha,Bad,0
The clerk at Municipal office handled everything without asking for a single rupee,Good,0
"Dabaav mein diya INR 8,000 Revenue office mein, section officer bilkul nahi dara",Bad,1500
"Files cleared in two days at BESCOM, head clerk was genuinely helpful",Good,0
"Sad but pay maade INR 500 Taluk office nalli, system heege ide 😞",Bad,7000
"What else could I do — paid INR 2,500 at Police station and tried to move on 😞",Bad,3000
"officer ne seedha INR 1,500 magitla Revenue office madhye, nahi tar reject asa sangitla",Bad,12000
"Paid INR 500 at Income tax office under force, filing a complaint with vigilance now",Bad,800
"duty officer screamed at me when I refused, then demanded INR 4,000 again loudly",Bad,1500
"staff member direct ga INR 10,000 adige Taluk office lo, lekapote reject antaadu",Bad,40000
"Work aaytu Police station nalli bega bega, head clerk tumba helpful aagidru",Good,0
"Ration PDS office la nalla anubhavam, desk officer paisa kettaangale illai ✅",Good,0
Pathetic delay,Bad,0
"Baar baar ya uthya ya supervisor bol raha Building permit office madhye, thaklo ahe 😤",Bad,0
"INR 500 swayamaa kuduthen BESCOM la, system ippadi taan irukku 😞",Bad,2500
"Honest duty officer at Employment exchange, I was ready to bribe but never needed to",Good,0
"Naa documents Drug control department lo bega process ayyayi, duty officer helpful ga unnaaru",Good,0
"Went to Education department expecting to pay bribe, left without paying anything — great 😊",Good,0
"Ek rupaya nahi dena tha par INR 25,000 Revenue office mein dena pad gaya finally",Bad,500
"officer directly INR 3,000 kela maade Revenue office nalli, illadre reject anthu",Bad,50000
"Mediocre service at Social welfare office, head clerk was indifferent throughout",Neutral,3000
"What else could I do — paid INR 1,200 at Collectorate and tried to move on 😞",Bad,12000
"Paid INR 6,000 at Labour department under direct threat, will file RTI complaint now",Bad,15000
"head clerk at Education department said bring INR 30,000 tomorrow or forget the entire application",Bad,6000
"Average service at Municipal office, section officer was neither corrupt nor efficient",Neutral,0
Trade licence office ke officer ne broker ko bhaga diya aur khud help ki — respect 🙏,Good,0
"Forced ga INR 30,000 teesukunnaru Panchayat office lo, complaint chestanu 😡",Bad,500
"The staff member kept my file hostage until I paid INR 3,000 at Trade licence office",Bad,1200
"Forced ah INR 6,000 vanginaanga Social welfare office la, complaint panren definitely 😡",Bad,10000
"Education department inspector straight ah pannichitaanga, extra paisa illai bilkul",Good,0
"Kotte INR 10,000 BESCOM nalli, illadidre naann kaaj aage irthirlilla",Bad,1000
Paisa kodo illadidre docs lost aagthave anthu section officer direct aagi heltidru Trade licence office nalli,Bad,15000
"clerk ne seedha INR 1,200 magitla Education department madhye, nahi tar reject asa sangitla",Bad,800
"BESCOM ke inspector ne honestly explain kiya sab kuch, impressed hua",Good,0
"Was told to pay INR 30,000 at Drug control department or my application would be rejected",Bad,800
"Kaaj aagalla Passport office nalli, naale baa anthaare, frustrating tumba",Bad,0
"Social welfare office madhye khup chan duty officer hota, paisa magitla nahi 🙏",Good,0
"Average service at BBMP, staff member was neither corrupt nor efficient",Neutral,0
"desk officer screamed at me when I refused, then demanded INR 2,000 again loudly",Bad,25000
"Had no option but to pay INR 3,000 at Police station — section officer made that very clear",Bad,1000
Health department clerk deserves appreciation — zero corruption witnessed,Good,0
"INR 15,000 extorted at Social welfare office in the name of processing fees — shameless 😡",Bad,3000
"duty officer screamed at me when I refused, then demanded INR 30,000 again loudly",Bad,4000
"Was told to pay INR 6,000 at BESCOM or my application would be rejected",Bad,35000
"Collectorate la romba nalla section officer irundhaaru, paisa kettaangale illai 🙏",Good,0
"Dabaav mein diya INR 500 Income tax office mein, clerk bilkul nahi dara",Bad,40000
"Naane kodthe INR 18,000 Collectorate nalli, kela maadlilla andre file move aagilla",Bad,1000
section officer at Passport office declined when I tried to offer extra money — respected that 🙏,Good,0
The clerk explained the whole procedure clearly without hinting at anything,Good,0
The supervisor at Taluk office helped me fix the rejection reason and resubmit for free,Good,0
"officer nodi sumnirthare Panchayat office nalli, kela maadidre naale baa anthaare",Bad,0
"Average experience at Education department, section officer processed my file eventually",Neutral,0
"Ek rupaya nahi dena tha par INR 4,000 Income tax office mein dena pad gaya finally",Bad,1500
"Had no option but to pay INR 50,000 at Forest department — clerk made that very clear",Bad,500
"clerk nodi nakkidhu Land registration nalli, yenu kela maadlilla — satisfied",Good,0
desk officer barely looked at me at Panchayat office — clearly waiting for cash,Bad,0
Frustrated with BBMP — desk officer is clearly waiting but won't say for what,Bad,0
"Was told to pay INR 15,000 at Revenue office or my application would be rejected",Bad,8000
"Dila INR 30,000 Ration PDS office madhye khud, duty officer ne ishaara kela hota",Bad,45000
Junior inspector at Labour department told me to meet someone who can help — hint clear,Bad,0
"Hint kottidru indirectly Forest department nalli, dalal hatra hogi anthu heltidru",Bad,0
"Dila INR 2,500 Water board madhye khud, inspector ne ishaara kela hota",Bad,1500
The staff member at Water board pointed me to a broker outside — I understood the hint,Bad,0
Municipal office is a black hole for applications — staff member doesn't even make eye contact,Bad,0
clerk at GST office said bring INR 800 tomorrow or forget the entire application,Bad,7000
staff member at Passport office declined when I tried to offer extra money — respected that 🙏,Good,0
"Cash demand of INR 1,000 made openly at RTO in front of other people",Bad,3000
"Hint purinjuchu, INR 5,000 kuduthen RTO la, velai seekirama achu",Bad,5000
"desk officer naanu nodi nakkidru Building permit office nalli, hint aagtha itha directly helbilla",Bad,0
"Khullam khulla INR 5,000 manga Municipal office mein, koi dar nahi tha clerk ko",Bad,40000
desk officer at Education department was polite but the process was slow and confusing,Neutral,0
"Everything was transparent at Police station, senior officer did not delay my file at all",Good,0
officer at Passport office kept giving hints about facilitation but never said directly,Bad,0
"Okay experience at BESCOM, section officer was busy and barely acknowledged me",Neutral,0
"INR 15,000 swayamaa kuduthen BESCOM la, system ippadi taan irukku 😞",Bad,4000
"INR 2,000 voluntarily kotte RTO nalli, ashtu kashta padrodu beda anthu 😞",Bad,3000
"duty officer hint kuduttaaru BBMP la, direct ah sollavillai — purinjuchu",Bad,0
"Was told to pay INR 30,000 at Education department or my application would be rejected",Bad,5000
"supervisor at Ration PDS office said bring INR 3,000 tomorrow or forget the entire application",Bad,18000
"section officer direct ga INR 8,000 adige GST office lo, lekapote reject antaadu",Bad,2000
Collectorate experience was average — head clerk did the job but nothing more,Neutral,1000
"Had no option but to pay INR 10,000 at Ration PDS office — duty officer made that very clear",Bad,1200
"3 hafte ho gaye Labour department mein, koi bhi file nahi pakad raha",Bad,0
"supervisor okay aagidru BESCOM nalli, aadre helpful alla bilkul",Neutral,0
"Forced ga INR 500 teesukunnaru Land registration lo, complaint chestanu 😡",Bad,18000
Waste of time,Bad,0
"Revenue office nalli sakkath clean experience, head clerk honest aagidru",Good,0
"head clerk ne seedha kaha INR 20,000 lao BBMP mein warna application cancel",Bad,12000
The officer at Fire NOC office was okay — not rude but not helpful either,Neutral,0
"clerk ne Taluk office mein bina kuch liye kaam kar diya, yaar yeh rare hai",Good,0
"Directly cash kettaanganu BESCOM la, INR 8,000 kuduthen",Bad,35000
My head clerk at Taluk office was the first honest government officer I have met,Good,0
"GST office madhye khup chan section officer hota, paisa magitla nahi 🙏",Good,0
BBMP experience was average — inspector did the job but nothing more,Neutral,0
desk officer at Employment exchange was polite but the process was slow and confusing,Neutral,0
"Cash demand ki duty officer ne Health department mein — INR 3,000 le liya bina receipt ke",Bad,1500
"Forced to pay INR 50,000 at Land registration, desk officer had no fear of CCTV at all",Bad,45000
"inspector theek hota Passport office madhye, na helpful na obstructive",Neutral,3000
"Health department supervisor did not delay even once, what a refreshing experience",Good,0
"supervisor directly INR 2,000 kela maade Ration PDS office nalli, illadre reject anthu",Bad,10000
Work got done at Water board eventually but took way longer than needed,Neutral,1000
"Mediocre service at Social welfare office, senior officer was indifferent throughout",Neutral,0
head clerk barely looked at me at Social welfare office — clearly waiting for cash,Bad,0
"The inspector at Fire NOC office used a middleman to collect INR 4,000 from me",Bad,2000
"Gave INR 20,000 because the waiting game at Fire NOC office was clearly never ending",Bad,15000
"INR 800 swayamga ichhanu Forest department lo, system ila undi 😞",Bad,800
"supervisor at Employment exchange said bring INR 6,000 tomorrow or forget the entire application",Bad,10000
"head clerk ne Revenue office mein bina kuch liye kaam kar diya, yaar yeh rare hai",Good,0
"Straight aagi heltidru INR 2,500 kodo Revenue office nalli, illadre file close aagthade",Bad,3000
"BBMP ke inspector ne honestly explain kiya sab kuch, impressed hua",Good,0
"head clerk nodi nakkidhu Panchayat office nalli, yenu kela maadlilla — satisfied",Good,0
"File kaadu Fire NOC office lo, head clerk kaaran cheppaleda — frustrated ayyanu 😤",Bad,0
The inspector at Revenue office turned away my agent and helped me directly instead,Good,0
"Paid INR 5,000 at Fire NOC office under direct threat, will file RTI complaint now",Bad,2500
"Bribe of INR 30,000 demanded at Fire NOC office openly in cash, no receipt was given",Bad,1500
"Gave INR 2,500 at Fire NOC office because I cannot keep taking leaves from work",Bad,3000
"staff member at Panchayat office said INR 2,000 is the processing charge — it is not official",Bad,20000
"Forced payment INR 500 Municipal office madhye, duty officer la kaahi bhiti nahi 😡",Bad,7000
"Surprisingly smooth experience at BBMP, duty officer was very professional",Good,0
The supervisor at BBMP made excuses about missing signatures every visit,Bad,0
"officer at Forest department said INR 8,000 is the processing charge — it is not official",Bad,15000
"Dhamki deta INR 50,000 ghetla Drug control department madhye, chukeeche ahe",Bad,2500
"inspector okay aagidru Fire NOC office nalli, aadre helpful alla bilkul",Neutral,0
The head clerk at Trade licence office handled my case after I followed up five times,Neutral,800
Paisa kodo illadidre docs lost aagthave anthu officer direct aagi heltidru Collectorate nalli,Bad,2500
staff member barely looked at me at Panchayat office — clearly waiting for cash,Bad,0
"Velai nadakkalai Police station la, enna reason nu sollavillai duty officer 😤",Bad,0
"INR 25,000 kuduthen RTO la, illati velai aagaathu nu therinjuchu",Bad,12000
"Passport office senior officer did not delay even once, what a refreshing experience",Good,0
"Bribe of INR 1,000 demanded at Employment exchange openly in cash, no receipt was given",Bad,800
"Office chakkar haaktidini Collectorate ge, aadre yaaru mathaadalla yaar",Bad,0
"Forced to pay INR 15,000 at BESCOM, officer had no fear of CCTV at all",Bad,1200
The section officer at Trade licence office was slow but at least no bribe was demanded,Neutral,0
"Bribe of INR 40,000 demanded at Labour department openly in cash, no receipt was given",Bad,45000
"section officer okay ah irundhaaru Passport office la, romba helpful illai but",Neutral,1200
"The head clerk was punctual, polite, and handled my case without any drama",Good,0
"Gave INR 6,000 at Drug control department after supervisor rejected my correct documents twice",Bad,18000
Great work,Good,0
"INR 25,000 kela maadidru openly Panchayat office nalli, yenu lajja illa avrige",Bad,35000
"head clerk naanu nodi nakkidru BBMP nalli, hint aagtha itha directly helbilla",Bad,0
"Forced aagi INR 6,000 thogolidru Social welfare office nalli, complaint kodthini 😡",Bad,12000
Achha tha 😊,Good,0
"Was told to pay INR 1,000 at Forest department or my application would be rejected",Bad,1200
"head clerk hint ichhaaru Employment exchange lo, direct ga cheppaledu — artham ayyindi",Bad,0
"Average experience at Education department, officer processed my file eventually",Neutral,2500
Paisa kodo illadidre docs lost aagthave anthu supervisor direct aagi heltidru Revenue office nalli,Bad,10000
The clerk said submit documents and come in 2 days — and it was actually done,Good,0
"Told me flat out at Passport office — pay INR 4,000 or get out of this office now",Bad,6000
"INR 12,000 ki demand khullam khulla Labour department mein, koi sharam nahi 😡",Bad,5000
The duty officer at RTO used a middleman to collect INR 800 from me,Bad,5000
The supervisor at BESCOM was approachable and finished my work without any hint,Good,0
"staff member theek tha Trade licence office mein, na helpful na obstructive",Neutral,1500
"Panchayat office ke bahar dalal khade hain, inspector ne hi bheja lagta hai",Bad,0
"Mediocre service at Labour department, inspector was indifferent throughout",Neutral,0
Paid INR 500 and finally left Trade licence office — disgusted and angry about this whole thing,Bad,30000
Cash demand of INR 800 made openly at Panchayat office in front of other people,Bad,7000
"section officer ishara dila BESCOM madhye, seedha nahi bolta — kalay mala",Bad,0
"The head clerk at Taluk office used a middleman to collect INR 10,000 from me",Bad,500
Rare honest head clerk mila Fire NOC office mein — salute karta hoon 🫡,Good,0
Paisa illai,Good,0
No shortcuts no bribes — Labour department completed my work the right way,Good,0
"inspector ne seedha INR 2,000 magitla Forest department madhye, nahi tar reject asa sangitla",Bad,800
"Gave INR 25,000 at Drug control department because I cannot keep taking leaves from work",Bad,25000
"Paid INR 3,000 and work done in 10 minutes at Social welfare office — that says everything",Bad,2500
"Hint nodi naane pay maade INR 12,000 Panchayat office ge, baere option irliilla",Bad,40000
"Hint purinjuchu, INR 800 kuduthen RTO la, velai seekirama achu",Bad,6000
"Everything was transparent at Taluk office, head clerk did not delay my file at all",Good,0
"senior officer seedha INR 1,200 kettikaattu Labour department la, illati reject pannuven nu sonnaar",Bad,28000
"duty officer hint ichhaaru Employment exchange lo, direct ga cheppaledu — artham ayyindi",Bad,0
"Work aaytu Land registration nalli bega bega, desk officer tumba helpful aagidru",Good,0
Rare clean governance — Collectorate officer did the work on time 🙏,Good,0
"Forced payment INR 2,500 Panchayat office madhye, supervisor la kaahi bhiti nahi 😡",Bad,6000
"Ek rupaya nahi dena tha par INR 2,000 Collectorate mein dena pad gaya finally",Bad,1000
"INR 18,000 voluntarily kotte Forest department nalli, ashtu kashta padrodu beda anthu 😞",Bad,2000
"INR 8,000 swayamaa kuduthen Health department la, system ippadi taan irukku 😞",Bad,50000
"clerk ne seedha INR 1,000 magitla Trade licence office madhye, nahi tar reject asa sangitla",Bad,1200
The clerk at BESCOM pointed me to a broker outside — I understood the hint,Bad,0
"Paid INR 18,000 and finally left RTO — disgusted and angry about this whole thing",Bad,1500
Frustrated with Education department — head clerk is clearly waiting but won't say for what,Bad,0
"Paid INR 10,000 at Taluk office under direct threat, will file RTI complaint now",Bad,12000
"Naachaar ah INR 30,000 kuduthen Taluk office la, veru vazhi illai",Bad,8000
"INR 3,000 demanded before stamp at Police station — this is not how it should work",Bad,6000
"duty officer nodi nakkidhu RTO nalli, yenu kela maadlilla — satisfied",Good,0
"Average experience at Collectorate, section officer processed my file eventually",Neutral,3000
"Okay experience at Employment exchange, supervisor was busy and barely acknowledged me",Neutral,0
Officer at Social welfare office was prompt and processed my request without hesitation,Good,0
"Everything was transparent at Police station, staff member did not delay my file at all",Good,0
"Naachaar ah INR 25,000 kuduthen Building permit office la, veru vazhi illai",Bad,4000
The desk officer at Trade licence office pointed me to a broker outside — I understood the hint,Bad,0
"supervisor ne Drug control department mein file rook ke rakhi jab tak INR 50,000 nahi diye",Bad,6000
The clerk at Labour department was approachable and finished my work without any hint,Good,0
The head clerk at GST office helped me fix the rejection reason and resubmit for free,Good,0
"INR 10,000 diye Income tax office mein apni marzi se, warna aur mahine nikal jaate",Bad,25000
Visited Collectorate — head clerk was honest and work was done quickly,Good,0
"Channagi explain maadidru BESCOM nalli, naanu satisfied",Good,0
"officer at Trade licence office said pay INR 50,000 or come back in six months",Bad,1500
"INR 800 diye Passport office mein apni marzi se, warna aur mahine nikal jaate",Bad,1200
"Average service Police station mein, follow up karna pada bahut zyada",Neutral,0
"Bribe of INR 2,500 demanded at Fire NOC office openly in cash, no receipt was given",Bad,25000
"Forced ga INR 2,500 teesukunnaru Municipal office lo, complaint chestanu 😡",Bad,50000
"INR 1,000 dile naachaar hoton Land registration la, kahi paryay navhata 😞",Bad,2500
The senior officer at BBMP pointed me to a broker outside — I understood the hint,Bad,0
officer barely looked at me at Passport office — clearly waiting for cash,Bad,0
"Forced ah INR 1,000 vanginaanga Trade licence office la, complaint panren definitely 😡",Bad,1000
"Social welfare office senior officer did not delay even once, what a refreshing experience",Good,0
"Seedha kaam hua BESCOM mein, koi agent nahi chahiye tha",Good,0
"Forced aagi INR 1,500 thogolidru Drug control department nalli, complaint kodthini 😡",Bad,25000
"Directly cash kettaanganu Social welfare office la, INR 12,000 kuduthen",Bad,1500
"3 murai vanthen Education department la, appuram taan velai achu finally",Neutral,500
The supervisor at Employment exchange was okay — not rude but not helpful either,Neutral,0
supervisor at Ration PDS office referred me to senior for a completely simple request — stalling,Bad,0
"officer at Labour department pointed at the drawer — I placed INR 15,000 inside",Bad,1000
"Mediocre service at Building permit office, supervisor was indifferent throughout",Neutral,2000
"Kotte INR 5,000 Municipal office nalli, illadidre naann kaaj aage irthirlilla",Bad,30000
"Kya karein, INR 2,000 de ke nipta liya Social welfare office mein 😞",Bad,500
Broker kitta poi paaru nu duty officer sonna maari irukku Building permit office la,Bad,0
The inspector at Fire NOC office helped me fix the rejection reason and resubmit for free,Good,0
"Baar baar ya uthya ya inspector bol raha RTO madhye, thaklo ahe 😤",Bad,0
Health department clerk said system is down for three weeks in a row — not buying it,Bad,0
"INR 8,000 kuduthen Building permit office la, illati velai aagaathu nu therinjuchu",Bad,2000
"duty officer at Income tax office pointed at the drawer — I placed INR 1,200 inside",Bad,2500
"Paid INR 5,000 at Income tax office under force, filing a complaint with vigilance now",Bad,800
"The inspector at Labour department used a middleman to collect INR 6,000 from me",Bad,12000
"File yellide gottagalla Health department nalli, head clerk naale baa anthaare 😤",Bad,0
"Velai nadakkalai Revenue office la, enna reason nu sollavillai staff member 😤",Bad,0
"INR 30,000 ichhaanu Income tax office lo, lekapote pani avvaadu ani telisindi",Bad,3000
"clerk screamed at me when I refused, then demanded INR 30,000 again loudly",Bad,1500
"Dhamki deke INR 50,000 le liya Collectorate mein, yeh sahi nahi hai 😡",Bad,45000
Visited Building permit office — officer was honest and work was done quickly,Good,0
Gave INR 500 at Forest department after duty officer rejected my correct documents twice,Bad,25000
"inspector direct ga INR 2,000 adige Drug control department lo, lekapote reject antaadu",Bad,12000
"duty officer directly INR 800 kela maade RTO nalli, illadre reject anthu",Bad,8000
supervisor at GST office said INR 800 is the processing charge — it is not official,Bad,15000
Officer Building permit office nalli tumba helpful aagidru yenu extra kela maadlilla,Good,0
"Okay experience at Social welfare office, clerk was busy and barely acknowledged me",Neutral,0
"head clerk ne Municipal office mein bina kuch liye kaam kar diya, yaar yeh rare hai",Good,0
"Bega aaytu Education department nalli, yenu hassle illa, head clerk decent aagidru",Good,0
Gave INR 800 at Taluk office after section officer rejected my correct documents twice,Bad,2500
"duty officer ne seedha INR 800 magitla Social welfare office madhye, nahi tar reject asa sangitla",Bad,50000
"Paid INR 10,000 at Police station under force, filing a complaint with vigilance now",Bad,45000
"officer screamed at me when I refused, then demanded INR 5,000 again loudly",Bad,1000
"officer theek tha RTO mein, na helpful na obstructive",Neutral,0
"Clean process at Panchayat office, every single step was above board and transparent",Good,0
"head clerk at Drug control department was bold enough to demand INR 4,000 with cameras watching",Bad,3000
"staff member ne seedha INR 12,000 magitla Labour department madhye, nahi tar reject asa sangitla",Bad,10000
The supervisor at Land registration turned away my agent and helped me directly instead,Good,0
"Chalta hai experience Trade licence office mein, kaam toh hua finally yaar",Neutral,0
Junior senior officer at Water board told me to meet someone who can help — hint clear,Bad,0
"The head clerk kept my file hostage until I paid INR 1,200 at Ration PDS office",Bad,18000
"Dila INR 800 Education department madhye khud, senior officer ne ishaara kela hota",Bad,45000
"Paid INR 2,500 at RTO under direct threat, will file RTI complaint now",Bad,30000
"Files cleared in two days at Education department, staff member was genuinely helpful",Good,0
staff member at Panchayat office said bring all originals again — they already have them,Bad,0
"Demanded INR 1,500 at Building permit office before even looking at my documents",Bad,1000
INR 500 extorted at Revenue office in the name of processing fees — shameless 😡,Bad,15000
"The section officer kept my file hostage until I paid INR 8,000 at Trade licence office",Bad,1200
"Land registration la nalla anubhavam, staff member paisa kettaangale illai ✅",Good,0
The officer at Police station handled everything without asking for a single rupee,Good,0
"Naane kodthe INR 2,500 Ration PDS office nalli, kela maadlilla andre file move aagilla",Bad,12000
"File stuck at Water board for over a month, supervisor gives a new excuse every visit",Bad,0
"desk officer at Passport office said INR 10,000 is the processing charge — it is not official",Bad,1500
"Gave INR 30,000 at Ration PDS office because I cannot keep taking leaves from work",Bad,15000
"Police station officer did not delay even once, what a refreshing experience",Good,0
"duty officer naanu nodi nakkidru Drug control department nalli, hint aagtha itha directly helbilla",Bad,0
"INR 2,500 kuduthen Drug control department la, illati velai aagaathu nu therinjuchu",Bad,2500
"3 mahine ho gaye Drug control department mein, application ka koi pata nahi",Bad,0
"Hint kottidru indirectly Health department nalli, dalal hatra hogi anthu heltidru",Bad,0
"INR 3,000 swayamaa kuduthen RTO la, system ippadi taan irukku 😞",Bad,7000
Directly kettikaattu,Bad,20000
"INR 18,000 kela maadidru openly Passport office nalli, yenu lajja illa avrige",Bad,45000
"desk officer okay ah irundhaaru Ration PDS office la, romba helpful illai but",Neutral,500
"INR 30,000 demanded before stamp at Social welfare office — this is not how it should work",Bad,6000
"Fire NOC office la velai achu aana romba time eduthuchu, kaaran sollala desk officer",Neutral,0
Visited Land registration — section officer was honest and work was done quickly,Good,0
"INR 30,000 kela maadidru openly Municipal office nalli, yenu lajja illa avrige",Bad,3000
First time sarkari office la ipadi nalla experience Forest department la — thanks,Good,0
"Dhamki deta INR 3,000 ghetla Panchayat office madhye, chukeeche ahe",Bad,500
Khushi aadhe,Good,0
"head clerk Police station mein baar baar kal aao bol raha hai, kaam nahi ho raha 😤",Bad,0
"senior officer at Fire NOC office was bold enough to demand INR 1,000 with cameras watching",Bad,4000
"BBMP nalli sakkath clean experience, staff member honest aagidru",Good,0
"Directly cash kettaanganu Building permit office la, INR 4,000 kuduthen",Bad,25000
"Gave INR 10,000 at Taluk office after inspector rejected my correct documents twice",Bad,3000
"Cash demand of INR 12,000 made openly at Forest department in front of other people",Bad,2000
"Kya karein, INR 1,200 de ke nipta liya Education department mein 😞",Bad,3000
"Ek rupaya nahi dena tha par INR 18,000 Municipal office mein dena pad gaya finally",Bad,500
"Hint artham chesukoni INR 25,000 ichhanu GST office lo, pani ayyindi",Bad,30000
"INR 2,000 kuduthen Municipal office la, illati velai aagaathu nu therinjuchu",Bad,2000
"Forced ga INR 4,000 teesukunnaru Education department lo, complaint chestanu 😡",Bad,6000
"Honest clerk at Water board, I was ready to bribe but never needed to",Good,0
"Visited Water board four times, file hasn't moved, no reason ever given",Bad,0
"Dhamki deta INR 18,000 ghetla GST office madhye, chukeeche ahe",Bad,500
"INR 50,000 diye Revenue office mein apni marzi se, warna aur mahine nikal jaate",Bad,4000
"Forced to pay INR 18,000 at Drug control department, senior officer had no fear of CCTV at all",Bad,1500
"section officer naanu nodi nakkidru Social welfare office nalli, hint aagtha itha directly helbilla",Bad,0
"Told me flat out at Social welfare office — pay INR 3,000 or get out of this office now",Bad,2500
"Cash demand ki section officer ne Education department mein — INR 20,000 le liya bina receipt ke",Bad,30000
"clerk at Income tax office pointed at the drawer — I placed INR 1,500 inside",Bad,500
"section officer nodi sumnirthare Panchayat office nalli, kela maadidre naale baa anthaare",Bad,0
"supervisor seedha INR 20,000 kettikaattu Municipal office la, illati reject pannuven nu sonnaar",Bad,25000
"Honest senior officer at Trade licence office, I was ready to bribe but never needed to",Good,0
"INR 18,000 dile naachaar hoton BBMP la, kahi paryay navhata 😞",Bad,500
"Dhamki deke INR 5,000 le liya Social welfare office mein, yeh sahi nahi hai 😡",Bad,3000
head clerk barely looked at me at Trade licence office — clearly waiting for cash,Bad,0
"Average service at BBMP, senior officer was neither corrupt nor efficient",Neutral,2000
"Social welfare office supervisor broker ni door chesaaru, swayamga help chesaaru 🙏",Good,0
"inspector ne seedha INR 800 magitla BBMP madhye, nahi tar reject asa sangitla",Bad,15000
Paisa kodo illadidre docs lost aagthave anthu officer direct aagi heltidru BBMP nalli,Bad,800
"Surprisingly smooth experience at Panchayat office, duty officer was very professional",Good,0
"Hint artham chesukoni INR 2,500 ichhanu BBMP lo, pani ayyindi",Bad,30000
"INR 1,200 ichhaanu Revenue office lo, lekapote pani avvaadu ani telisindi",Bad,5000
section officer barely looked at me at Health department — clearly waiting for cash,Bad,0
"Forced to pay INR 40,000 at Police station, inspector had no fear of CCTV at all",Bad,5000
"inspector hint kuduttaaru Employment exchange la, direct ah sollavillai — purinjuchu",Bad,0
"Channagi explain maadidru BBMP nalli, naanu satisfied",Good,0
"Manchiga chesaaru Social welfare office lo, seekaragaa pani chesaaru, satisfied",Good,0
Rare clean governance — BBMP staff member did the work on time 🙏,Good,0
"officer at Land registration was bold enough to demand INR 15,000 with cameras watching",Bad,1200
"Hint artham chesukoni INR 1,200 ichhanu Social welfare office lo, pani ayyindi",Bad,1500
"duty officer cash INR 6,000 thagolli anthu Panchayat office nalli, bayam haakidru",Bad,1200
"Gave INR 40,000 at Fire NOC office after officer rejected my correct documents twice",Bad,20000
Junior head clerk at Labour department told me to meet someone who can help — hint clear,Bad,0
"Told me flat out at Police station — pay INR 8,000 or get out of this office now",Bad,6000
"Passport office section officer did not delay even once, what a refreshing experience",Good,0
supervisor at Ration PDS office said bring INR 800 tomorrow or forget the entire application,Bad,2000
"head clerk at Fire NOC office pointed at the drawer — I placed INR 1,200 inside",Bad,45000
"desk officer at Labour department was bold enough to demand INR 50,000 with cameras watching",Bad,8000
"3 vaaram ayyindi Education department ki, progress ledu, suspicious ga undi",Bad,0
Deliberate delay confirmed,Bad,0
"Kya karein, INR 2,500 de ke nipta liya Police station mein 😞",Bad,8000
"Gave INR 1,000 on my own at Panchayat office after months of completely deliberate delay",Bad,6000
Honest hota,Good,0
"clerk at Trade licence office said INR 1,500 is the processing charge — it is not official",Bad,1200
"Education department lo chaala mandi desk officer, paniki vachaaru, paisa adagaledu 🙏",Good,0
senior officer at Passport office said technical issue every visit — same excuse for 2 months,Bad,0
"Naane kodthe INR 8,000 Employment exchange nalli, kela maadlilla andre file move aagilla",Bad,2000
"Naane kodthe INR 50,000 Health department nalli, kela maadlilla andre file move aagilla",Bad,2500
"Gave INR 40,000 at Drug control department after senior officer rejected my correct documents twice",Bad,2000
"Pehilya visit la kaam zaala BBMP madhye, section officer decent hota",Good,0
"Paid INR 2,000 and finally left Panchayat office — disgusted and angry about this whole thing",Bad,2500
"Had no option but to pay INR 1,200 at Police station — officer made that very clear",Bad,3000
"File yellide gottagalla Employment exchange nalli, officer naale baa anthaare 😤",Bad,0
"INR 15,000 swayamaa kuduthen Collectorate la, system ippadi taan irukku 😞",Bad,12000
"Forced aagi INR 4,000 thogolidru BBMP nalli, complaint kodthini 😡",Bad,2500
"What else could I do — paid INR 30,000 at Land registration and tried to move on 😞",Bad,1500
"staff member at Passport office pointed at the drawer — I placed INR 2,500 inside",Bad,12000
"Bega aaytu Passport office nalli, yenu hassle illa, officer decent aagidru",Good,0
"Kotte INR 6,000 Taluk office nalli, illadidre naann kaaj aage irthirlilla",Bad,1200
"Corruption illai Taluk office la, clean experience romba nalla irundhuchu",Good,0
The staff member at Income tax office handled my case after I followed up five times,Neutral,0
"Forced ga INR 6,000 teesukunnaru Water board lo, complaint chestanu 😡",Bad,1200
officer at Ration PDS office said technical issue every visit — same excuse for 2 months,Bad,0
"Dabaav mein diya INR 4,000 Building permit office mein, supervisor bilkul nahi dara",Bad,12000
"Chakkar kaata raha hoon Health department ka, thak gaya yaar bilkul",Bad,0
"inspector at Drug control department was bold enough to demand INR 12,000 with cameras watching",Bad,3000
"Bribe of INR 4,000 demanded at Police station openly in cash, no receipt was given",Bad,1500
"Forced ah INR 15,000 vanginaanga Panchayat office la, complaint panren definitely 😡",Bad,500
Nalla experience,Good,0
"Forced payment INR 2,500 Police station madhye, desk officer la kaahi bhiti nahi 😡",Bad,50000
Got a feeling at GST office that cash was needed but no one would say it,Bad,0
"Kya karein, INR 800 de ke nipta liya Passport office mein 😞",Bad,28000
First time government office nalli itna clean anubhava Employment exchange nalli,Good,0
"inspector ne seedha INR 2,500 magitla Drug control department madhye, nahi tar reject asa sangitla",Bad,35000
"INR 1,000 ichhaanu Land registration lo, lekapote pani avvaadu ani telisindi",Bad,1500
Junior supervisor at Employment exchange told me to meet someone who can help — hint clear,Bad,0
"Kaam seedha ho gaya Building permit office mein, paisa nahi dena pada — bahut khush",Good,0
"Told me flat out at BESCOM — pay INR 1,200 or get out of this office now",Bad,12000
"INR 3,000 swayamga ichhanu Police station lo, system ila undi 😞",Bad,40000
"head clerk at Trade licence office was bold enough to demand INR 2,500 with cameras watching",Bad,25000
Transparent service,Good,0
"INR 18,000 extorted at Water board in the name of processing fees — shameless 😡",Bad,20000
"3 vela yavava laagla Fire NOC office la, mag kaam zaala finally",Neutral,0
"INR 15,000 extorted at Health department in the name of processing fees — shameless 😡",Bad,1200
The inspector at Trade licence office was approachable and finished my work without any hint,Good,0
"Forced payment INR 18,000 Income tax office madhye, head clerk la kaahi bhiti nahi 😡",Bad,500
"Ration PDS office senior officer broker ni door chesaaru, swayamga help chesaaru 🙏",Good,0
"Naane kodthe INR 18,000 Land registration nalli, kela maadlilla andre file move aagilla",Bad,2000
"Paid INR 50,000 and finally left RTO — disgusted and angry about this whole thing",Bad,30000
"Dhamki deta INR 6,000 ghetla Panchayat office madhye, chukeeche ahe",Bad,12000
"Sad but pay maade INR 1,000 RTO nalli, system heege ide 😞",Bad,3000
"inspector at Income tax office was bold enough to demand INR 5,000 with cameras watching",Bad,20000
"Health department la nalla anubhavam, officer paisa kettaangale illai ✅",Good,0
"3 vaara aaytu Land registration nalli, file move aagilla, suspicious agi kanisuthu",Bad,0
"Average anubhav Ration PDS office madhye, kahi vishesh nahi honestly",Neutral,0
"senior officer directly INR 40,000 kela maade Ration PDS office nalli, illadre reject anthu",Bad,1200
"Paid INR 6,000 at Police station under direct threat, will file RTI complaint now",Bad,45000
"senior officer ne Municipal office mein file rook ke rakhi jab tak INR 3,000 nahi diye",Bad,18000
"section officer theek hota Fire NOC office madhye, na helpful na obstructive",Neutral,0
"File halavli nahi Social welfare office madhye, clerk kaaran nahi saangitla — frustrated",Bad,0
"inspector RTO mein baar baar kal aao bol raha hai, kaam nahi ho raha 😤",Bad,0
"section officer at RTO threatened to cancel my file unless I paid INR 6,000 immediately",Bad,35000
"Paid INR 1,200 at Passport office voluntarily because nothing was going to move otherwise",Bad,18000
"Ek rupaya nahi dena tha par INR 1,000 Panchayat office mein dena pad gaya finally",Bad,8000
"Told me flat out at Passport office — pay INR 12,000 or get out of this office now",Bad,2500
"Forced ga INR 10,000 teesukunnaru Land registration lo, complaint chestanu 😡",Bad,1200
"The officer kept my file hostage until I paid INR 2,500 at Income tax office",Bad,40000
"Paid INR 10,000 and work done in 10 minutes at Building permit office — that says everything",Bad,15000
The supervisor at Revenue office turned away my agent and helped me directly instead,Good,0
Average service,Neutral,0
"Municipal office processed my application same day, not a single rupee demanded",Good,0
"Bribe of INR 6,000 demanded at Income tax office openly in cash, no receipt was given",Bad,1000
"Bold aagi cash demand maadidru Building permit office nalli, camera irthittu kuda",Bad,500
"Surprisingly smooth experience at Social welfare office, supervisor was very professional",Good,0
The clerk at Taluk office used a middleman to collect INR 800 from me,Bad,30000
"Had no option but to pay INR 25,000 at Ration PDS office — staff member made that very clear",Bad,500
"INR 40,000 voluntarily kotte Fire NOC office nalli, ashtu kashta padrodu beda anthu 😞",Bad,45000
"Sad but pay maade INR 1,500 Employment exchange nalli, system heege ide 😞",Bad,30000
staff member at Income tax office was polite but the process was slow and confusing,Neutral,2500
Officer GST office nalli tumba helpful aagidru yenu extra kela maadlilla,Good,0
"head clerk at Ration PDS office pointed at the drawer — I placed INR 40,000 inside",Bad,800
"Forced ga INR 1,000 teesukunnaru RTO lo, complaint chestanu 😡",Bad,4000
"officer at Drug control department said pay INR 25,000 or come back in six months",Bad,6000
"Sad but pay maade INR 2,000 RTO nalli, system heege ide 😞",Bad,500
BESCOM senior officer keeps saying come back tomorrow — classic delay tactic,Bad,0
"No extra money was asked at Health department, work done properly and on time",Good,0
"INR 1,500 swayamaa kuduthen Police station la, system ippadi taan irukku 😞",Bad,4000
Broker kitta poi paaru nu officer sonna maari irukku Social welfare office la,Bad,0
"Dhamki deta INR 25,000 ghetla Education department madhye, chukeeche ahe",Bad,4000
Land registration senior officer deserves appreciation — zero corruption witnessed,Good,0
"Shukriya Municipal office ke section officer ko, ek rupaya bhi nahi manga",Good,0
"The head clerk kept my file hostage until I paid INR 40,000 at Water board",Bad,500
"supervisor at Fire NOC office was bold enough to demand INR 12,000 with cameras watching",Bad,500
"Told me flat out at Panchayat office — pay INR 12,000 or get out of this office now",Bad,30000
"Maine khud INR 5,000 diye Ration PDS office mein kyunki kaam hone wala nahi tha",Bad,7000
head clerk at BBMP went completely silent when I asked about my file status,Bad,0
"Surprisingly smooth experience at Income tax office, staff member was very professional",Good,0
"Bega aaytu Health department nalli, yenu hassle illa, senior officer decent aagidru",Good,0
"officer ne Land registration mein file rook ke rakhi jab tak INR 30,000 nahi diye",Bad,25000
"clerk directly INR 20,000 kela maade Ration PDS office nalli, illadre reject anthu",Bad,1200
"Average experience GST office la, nalla illai ketta illai honestly",Neutral,0
"Average service at Employment exchange, duty officer was neither corrupt nor efficient",Neutral,0
Seedha nahi bola BESCOM mein lekin feel hua section officer kuch expect kar raha tha,Bad,0
"Bega aaytu Trade licence office nalli, yenu hassle illa, clerk decent aagidru",Good,0
The head clerk at Municipal office guided me through every step without expecting anything,Good,0
"Forced aagi INR 6,000 thogolidru Passport office nalli, complaint kodthini 😡",Bad,6000
"Okay experience at Collectorate, head clerk was busy and barely acknowledged me",Neutral,0
desk officer at Panchayat office said pay INR 800 or come back in six months,Bad,800
No shortcuts no bribes — Education department completed my work the right way,Good,0
"inspector theek tha Land registration mein, na helpful na obstructive",Neutral,0
"Was told to pay INR 4,000 at Land registration or my application would be rejected",Bad,800
"Gave INR 40,000 at Drug control department because I cannot keep taking leaves from work",Bad,10000
"Naachaar ah INR 2,500 kuduthen Drug control department la, veru vazhi illai",Bad,1500
"Forced payment INR 18,000 Land registration madhye, senior officer la kaahi bhiti nahi 😡",Bad,1200
"INR 3,000 kela maadidru openly Municipal office nalli, yenu lajja illa avrige",Bad,3000
"What else could I do — paid INR 3,000 at Panchayat office and tried to move on 😞",Bad,2500
"INR 18,000 ki demand khullam khulla Water board mein, koi sharam nahi 😡",Bad,800
"supervisor screamed at me when I refused, then demanded INR 8,000 again loudly",Bad,25000
"Files cleared in two days at Collectorate, senior officer was genuinely helpful",Good,0
The duty officer at Income tax office handled my case after I followed up five times,Neutral,0
"The section officer at Panchayat office demanded INR 12,000 openly with absolutely zero shame",Bad,20000
"Bega aaytu Passport office nalli, yenu hassle illa, desk officer decent aagidru",Good,0
"Okay experience at Municipal office, clerk was busy and barely acknowledged me",Neutral,1200
"BESCOM la romba nalla clerk irundhaaru, paisa kettaangale illai 🙏",Good,0
"Maine khud INR 1,500 diye Fire NOC office mein kyunki kaam hone wala nahi tha",Bad,800
"head clerk okay ga unnaru Building permit office lo, helpful kaadu but",Neutral,0
"File stuck at Collectorate for over a month, inspector gives a new excuse every visit",Bad,0
"Panchayat office desk officer did not delay even once, what a refreshing experience",Good,0
"Average service at Income tax office, desk officer was neither corrupt nor efficient",Neutral,1000
"Kaam zaala BESCOM madhye pan jaast vel lagla, kaaran nahi saangitla",Neutral,2500
"Dabaav mein diya INR 2,000 Revenue office mein, staff member bilkul nahi dara",Bad,28000
Pehli baar sarkari kaam bina bribe ke hua Social welfare office mein,Good,0
supervisor ne Labour department mein file rook ke rakhi jab tak INR 500 nahi diye,Bad,8000
"inspector at Police station said pay INR 10,000 or come back in six months",Bad,15000
Gave INR 800 because the waiting game at Forest department was clearly never ending,Bad,7000
"The head clerk kept my file hostage until I paid INR 6,000 at Passport office",Bad,8000
"INR 25,000 voluntarily kotte Municipal office nalli, ashtu kashta padrodu beda anthu 😞",Bad,7000
"supervisor hint kuduttaaru Income tax office la, direct ah sollavillai — purinjuchu",Bad,0
"Hint artham chesukoni INR 8,000 ichhanu Employment exchange lo, pani ayyindi",Bad,2500
Paisa kodo illadidre docs lost aagthave anthu duty officer direct aagi heltidru Ration PDS office nalli,Bad,1200
"INR 50,000 diye Health department mein apni marzi se, warna aur mahine nikal jaate",Bad,800
"Forced ah INR 50,000 vanginaanga BBMP la, complaint panren definitely 😡",Bad,2000
"Chalta hai experience Collectorate mein, kaam toh hua finally yaar",Neutral,2000
"Paid INR 3,000 at Passport office voluntarily because nothing was going to move otherwise",Bad,1000
"INR 20,000 demanded before stamp at RTO — this is not how it should work",Bad,15000
"section officer screamed at me when I refused, then demanded INR 800 again loudly",Bad,1500
"senior officer at Passport office said bring INR 25,000 tomorrow or forget the entire application",Bad,1200
"Cash demand ki section officer ne Income tax office mein — INR 30,000 le liya bina receipt ke",Bad,1200
"Dila INR 30,000 Passport office madhye khud, section officer ne ishaara kela hota",Bad,35000
"Forced aagi INR 3,000 thogolidru Water board nalli, complaint kodthini 😡",Bad,4000
"section officer direct ga INR 15,000 adige Municipal office lo, lekapote reject antaadu",Bad,500
"Pehilya visit la kaam zaala BESCOM madhye, head clerk decent hota",Good,0
"clerk ne seedha kaha INR 5,000 lao Trade licence office mein warna application cancel",Bad,1000
"section officer theek tha Social welfare office mein, na helpful na obstructive",Neutral,2000
"Police station: proper receipts, proper process, no cash demands whatsoever",Good,0
"clerk ne Fire NOC office mein bina kuch liye kaam kar diya, yaar yeh rare hai",Good,0
"Told me flat out at Land registration — pay INR 5,000 or get out of this office now",Bad,6000
"Straight aagi heltidru INR 1,000 kodo Water board nalli, illadre file close aagthade",Bad,35000
"clerk at BBMP was bold enough to demand INR 25,000 with cameras watching",Bad,4000
The head clerk at Fire NOC office guided me through every step without expecting anything,Good,0
"File yellide gottagalla Social welfare office nalli, inspector naale baa anthaare 😤",Bad,0
"Straight aagi heltidru INR 6,000 kodo Building permit office nalli, illadre file close aagthade",Bad,500
"officer direct ga INR 12,000 adige Taluk office lo, lekapote reject antaadu",Bad,18000
"Bega aaytu Trade licence office nalli, yenu hassle illa, duty officer decent aagidru",Good,0
"Labour department madhye khup chan officer hota, paisa magitla nahi 🙏",Good,0
The section officer at Panchayat office asked unnecessary repeated questions but finally processed,Neutral,0
"Labour department madhye khup chan staff member hota, paisa magitla nahi 🙏",Good,0
Told me flat out at RTO — pay INR 800 or get out of this office now,Bad,800
"Hint artham chesukoni INR 5,000 ichhanu Employment exchange lo, pani ayyindi",Bad,12000
"Baar baar ya uthya ya head clerk bol raha Building permit office madhye, thaklo ahe 😤",Bad,0
"Dhamki deta INR 4,000 ghetla Trade licence office madhye, chukeeche ahe",Bad,800
"clerk ne BESCOM madhye broker la door kela, swatah help kela — respect",Good,0
"File kaadu Fire NOC office lo, duty officer kaaran cheppaleda — frustrated ayyanu 😤",Bad,0
"Police station section officer did not delay even once, what a refreshing experience",Good,0
"Had no option but to pay INR 40,000 at Education department — senior officer made that very clear",Bad,3000
"staff member ne Land registration madhye broker la door kela, swatah help kela — respect",Good,0
"The section officer at Revenue office demanded INR 40,000 openly with absolutely zero shame",Bad,2000
Seedha bola Ration PDS office mein INR 800 do ya ghar jao — itna bold tha desk officer,Bad,25000
"INR 30,000 diye Labour department mein apni marzi se, warna aur mahine nikal jaate",Bad,20000
"Hint nodi naane pay maade INR 2,000 Health department ge, baere option irliilla",Bad,2000
duty officer ne Forest department mein sab sahi se kiya bina ek rupaya liye,Good,0
"inspector at RTO said INR 2,500 is the processing charge — it is not official",Bad,45000
"Cash demand ki desk officer ne Employment exchange mein — INR 25,000 le liya bina receipt ke",Bad,1000
"Naachaar ah INR 1,200 kuduthen Health department la, veru vazhi illai",Bad,4000
"Average experience at Income tax office, desk officer processed my file eventually",Neutral,0
Clearly something expect maadthidru BBMP nalli but directly helbilla,Bad,0
"section officer ne Employment exchange madhye neet explain kela, paisa nahi magitla",Good,0
"Paid INR 25,000 at Forest department under direct threat, will file RTI complaint now",Bad,1000
Nahin manga kuch par delay Building permit office mein clearly intentional laga,Neutral,0
"staff member directly INR 3,000 kela maade Income tax office nalli, illadre reject anthu",Bad,1500
"inspector okay aagidru GST office nalli, aadre helpful alla bilkul",Neutral,0
The supervisor at Passport office was slow but at least no bribe was demanded,Neutral,2500
"The head clerk kept my file hostage until I paid INR 30,000 at Ration PDS office",Bad,2000
The inspector at Building permit office handled my case after I followed up five times,Neutral,3000
"Khullam khulla INR 40,000 manga Education department mein, koi dar nahi tha officer ko",Bad,500
The clerk at Taluk office guided me through every step without expecting anything,Good,0
"Building permit office officer tumba honest, ek rupee expect maadlilla",Good,0
"Directly cash kettaanganu Education department la, INR 2,000 kuduthen",Bad,45000
"Mediocre service at BESCOM, desk officer was indifferent throughout",Neutral,1000
Paisa kodo illadidre docs lost aagthave anthu supervisor direct aagi heltidru Employment exchange nalli,Bad,2500
"Paid INR 20,000 at Income tax office voluntarily because nothing was going to move otherwise",Bad,45000
"INR 10,000 diye RTO mein apni marzi se, warna aur mahine nikal jaate",Bad,25000
"Fire NOC office la velai achu aana romba time eduthuchu, kaaran sollala duty officer",Neutral,3000
The supervisor at Municipal office was slow but at least no bribe was demanded,Neutral,0
Visited Labour department — supervisor was honest and work was done quickly,Good,0
"Shukriya Income tax office ke clerk ko, ek rupaya bhi nahi manga",Good,0
"Ration PDS office lo chaala mandi senior officer, paniki vachaaru, paisa adagaledu 🙏",Good,0
"File stuck at Water board for over a month, section officer gives a new excuse every visit",Bad,0
"GST office madhye swachh anubhav, koi extra demand nahi bilkul",Good,0
Okay experience overall,Neutral,0
senior officer barely looked at me at Land registration — clearly waiting for cash,Bad,0
"Everything was transparent at Taluk office, section officer did not delay my file at all",Good,0
The clerk at BBMP guided me through every step without expecting anything,Good,0
"duty officer at Trade licence office said bring INR 5,000 tomorrow or forget the entire application",Bad,800
"Honest senior officer at Revenue office, I was ready to bribe but never needed to",Good,0
"supervisor Municipal office mein baar baar kal aao bol raha hai, kaam nahi ho raha 😤",Bad,0
"Had no option but to pay INR 50,000 at Ration PDS office — section officer made that very clear",Bad,4000
"Hint artham chesukoni INR 2,000 ichhanu Drug control department lo, pani ayyindi",Bad,1200
"Hint purinjuchu, INR 1,000 kuduthen Labour department la, velai seekirama achu",Bad,1200
"INR 6,000 extorted at Revenue office in the name of processing fees — shameless 😡",Bad,18000
"desk officer seedha INR 2,000 kettikaattu Education department la, illati reject pannuven nu sonnaar",Bad,50000
"officer at Labour department said bring INR 40,000 tomorrow or forget the entire application",Bad,12000
"File yellide gottagalla RTO nalli, section officer naale baa anthaare 😤",Bad,0
"Files cleared in two days at BESCOM, staff member was genuinely helpful",Good,0
Got my documents processed at Fire NOC office with no bribe and no drama,Good,0
"section officer seedha INR 1,000 kettikaattu Education department la, illati reject pannuven nu sonnaar",Bad,6000
The inspector at Municipal office was slow but at least no bribe was demanded,Neutral,0
"Maine khud INR 40,000 diye Income tax office mein kyunki kaam hone wala nahi tha",Bad,20000
"Cash demand ki section officer ne Income tax office mein — INR 2,500 le liya bina receipt ke",Bad,1500
"Ek rupaya nahi dena tha par INR 25,000 Collectorate mein dena pad gaya finally",Bad,30000
"INR 50,000 kela maadidru openly Collectorate nalli, yenu lajja illa avrige",Bad,50000
clerk at Employment exchange kept giving hints about facilitation but never said directly,Bad,0
"Dila INR 30,000 Labour department madhye khud, desk officer ne ishaara kela hota",Bad,18000
New objection every single visit at Land registration — this is deliberate harassment,Bad,0
"Paid INR 50,000 at Social welfare office under force, filing a complaint with vigilance now",Bad,5000
"supervisor at Employment exchange said pay INR 1,200 or come back in six months",Bad,10000
"Everything was transparent at Municipal office, officer did not delay my file at all",Good,0
"Maine khud INR 2,000 diye Revenue office mein kyunki kaam hone wala nahi tha",Bad,3000
"Kaam seedha ho gaya Passport office mein, paisa nahi dena pada — bahut khush",Good,0
"Demanded INR 5,000 at Labour department before even looking at my documents",Bad,2000
"Paid INR 30,000 at Social welfare office voluntarily because nothing was going to move otherwise",Bad,2000
"Naachaar ah INR 2,000 kuduthen Trade licence office la, veru vazhi illai",Bad,45000
"Ration PDS office la nalla anubhavam, officer paisa kettaangale illai ✅",Good,0
"INR 1,000 swayamaa kuduthen Forest department la, system ippadi taan irukku 😞",Bad,12000
"Submitted forms at Collectorate, got stamp and signature, work done cleanly",Good,0
BBMP experience was average — desk officer did the job but nothing more,Neutral,0
"Forced to pay INR 12,000 at Ration PDS office, officer had no fear of CCTV at all",Bad,4000
"Naane kodthe INR 12,000 Land registration nalli, kela maadlilla andre file move aagilla",Bad,4000
Rare clean governance — BESCOM officer did the work on time 🙏,Good,0
"Seedha bola Health department mein INR 5,000 do ya ghar jao — itna bold tha officer",Bad,20000
"inspector at Panchayat office said INR 20,000 is the processing charge — it is not official",Bad,35000
"Was told to pay INR 4,000 at BESCOM or my application would be rejected",Bad,28000
Left BESCOM with a genuine smile — best government employee I have met,Good,0
"supervisor at Revenue office was bold enough to demand INR 50,000 with cameras watching",Bad,25000
"Sad but pay maade INR 1,000 Trade licence office nalli, system heege ide 😞",Bad,3000
"Paid INR 8,000 and my file was immediately processed at Collectorate — obvious corruption",Bad,5000
"Naanu Ration PDS office ge hogi satisfied aadhe, kaam bega aaytu paisa kela maadlilla",Good,0
"Forced aagi INR 800 thogolidru Fire NOC office nalli, complaint kodthini 😡",Bad,4000
"Okay experience at Social welfare office, section officer was busy and barely acknowledged me",Neutral,800
supervisor at Building permit office referred me to senior for a completely simple request — stalling,Bad,0
"Gave INR 40,000 at Trade licence office after inspector rejected my correct documents twice",Bad,500
"Gave INR 30,000 on my own at Water board after months of completely deliberate delay",Bad,2000
"clerk at Land registration was bold enough to demand INR 1,200 with cameras watching",Bad,1500
"Forced ah INR 15,000 vanginaanga Police station la, complaint panren definitely 😡",Bad,800
"Kya karein, INR 4,000 de ke nipta liya GST office mein 😞",Bad,800
"INR 3,000 dile naachaar hoton Health department la, kahi paryay navhata 😞",Bad,2500
"clerk ek rupee kela maadlilla, rare honest person 🙏",Good,0
"No extra money was asked at BESCOM, work done properly and on time",Good,0
The section officer at BESCOM made excuses about missing signatures every visit,Bad,0
"staff member seedha INR 800 kettikaattu Water board la, illati reject pannuven nu sonnaar",Bad,5000
"INR 8,000 diye Water board mein apni marzi se, warna aur mahine nikal jaate",Bad,2500
"Naachaar ah INR 12,000 kuduthen Police station la, veru vazhi illai",Bad,15000
Municipal office staff didn't demand anything but their attitude was indifferent,Neutral,0
"INR 20,000 voluntarily kotte Water board nalli, ashtu kashta padrodu beda anthu 😞",Bad,2500
"INR 2,000 voluntarily kotte Water board nalli, ashtu kashta padrodu beda anthu 😞",Bad,2000
"3 murai vanthen Social welfare office la, appuram taan velai achu finally",Neutral,3000
"Yenu kela maadlilla Income tax office nalli, aadre attitude sari irliilla",Neutral,0
My inspector at Income tax office was the first honest government officer I have met,Good,0
The inspector at Education department guided me through every step without expecting anything,Good,0
"Gave INR 6,000 at Employment exchange after section officer rejected my correct documents twice",Bad,2500
"INR 18,000 ichhaanu RTO lo, lekapote pani avvaadu ani telisindi",Bad,3000
"Files cleared in two days at Income tax office, inspector was genuinely helpful",Good,0
Rare honest inspector mila Land registration mein — salute karta hoon 🫡,Good,0
"Paid INR 8,000 and my file was immediately processed at Land registration — obvious corruption",Bad,3000
The clerk at GST office was approachable and finished my work without any hint,Good,0
clerk at Fire NOC office was polite but the process was slow and confusing,Neutral,1500
"duty officer seedha INR 2,000 kettikaattu Revenue office la, illati reject pannuven nu sonnaar",Bad,30000
"Forced to pay INR 3,000 at Taluk office, clerk had no fear of CCTV at all",Bad,3000
The officer at Revenue office helped me fix the rejection reason and resubmit for free,Good,0
"Hint artham chesukoni INR 4,000 ichhanu Land registration lo, pani ayyindi",Bad,500
"supervisor at Trade licence office said INR 18,000 is the processing charge — it is not official",Bad,3000
Revenue office ke head clerk ne broker ko bhaga diya aur khud help ki — respect 🙏,Good,0
"Dhamki deke INR 6,000 le liya Passport office mein, yeh sahi nahi hai 😡",Bad,500
"head clerk at Passport office said pay INR 25,000 or come back in six months",Bad,1200
"Kaam aaytu paisa kela maadlilla Drug control department nalli, tumba khushi aadhe",Good,0
"head clerk ne seedha INR 5,000 magitla Panchayat office madhye, nahi tar reject asa sangitla",Bad,18000
"Paid INR 30,000 and finally left Taluk office — disgusted and angry about this whole thing",Bad,5000
"Forced payment INR 4,000 BESCOM madhye, supervisor la kaahi bhiti nahi 😡",Bad,1000
"clerk okay ah irundhaaru Passport office la, romba helpful illai but",Neutral,500
Revenue office staff finally did the job but the process was unnecessarily complicated,Neutral,0
Felt intimidated at Water board every time I asked for my application status,Bad,0
"Naachaar ah INR 30,000 kuduthen Trade licence office la, veru vazhi illai",Bad,1000
"Files cleared in two days at Ration PDS office, head clerk was genuinely helpful",Good,0
"Mediocre service at Education department, supervisor was indifferent throughout",Neutral,0
"INR 10,000 dile swatahun Police station madhye, nahi tar pani jhaala nasata",Bad,30000
"The section officer at Fire NOC office used a middleman to collect INR 1,500 from me",Bad,12000
"Everything was transparent at Collectorate, officer did not delay my file at all",Good,0
The senior officer at BESCOM was slow but at least no bribe was demanded,Neutral,1500
"Sad but pay maade INR 10,000 Social welfare office nalli, system heege ide 😞",Bad,1200
"Directly cash kettaanganu Trade licence office la, INR 1,000 kuduthen",Bad,40000
"staff member ne seedha INR 2,500 magitla Water board madhye, nahi tar reject asa sangitla",Bad,10000
"The staff member at Social welfare office demanded INR 1,000 openly with absolutely zero shame",Bad,40000
"inspector at Revenue office said INR 1,200 is the processing charge — it is not official",Bad,800
The head clerk at BBMP pointed me to a broker outside — I understood the hint,Bad,0
"desk officer seedha INR 5,000 kettikaattu Health department la, illati reject pannuven nu sonnaar",Bad,1000
"Told me flat out at Drug control department — pay INR 8,000 or get out of this office now",Bad,3000
"INR 20,000 kela maadidru openly Revenue office nalli, yenu lajja illa avrige",Bad,20000
"duty officer ne Income tax office mein file rook ke rakhi jab tak INR 18,000 nahi diye",Bad,3000
"Paid INR 1,200 and work done in 10 minutes at Police station — that says everything",Bad,800
"staff member busy tha BBMP mein, dhyan nahi diya, fir bhi kaam nikla",Neutral,2000
Social welfare office section officer deserves appreciation — zero corruption witnessed,Good,0
Paisa kodo illadidre docs lost aagthave anthu clerk direct aagi heltidru Health department nalli,Bad,1500
"duty officer seedha INR 2,500 kettikaattu Municipal office la, illati reject pannuven nu sonnaar",Bad,28000
"desk officer ne Police station mein bina kuch liye kaam kar diya, yaar yeh rare hai",Good,0
The head clerk at BBMP helped me fix the rejection reason and resubmit for free,Good,0
"Clean process at Income tax office, every single step was above board and transparent",Good,0
"Naane kodthe INR 3,000 BBMP nalli, kela maadlilla andre file move aagilla",Bad,4000
"INR 1,200 extorted at Taluk office in the name of processing fees — shameless 😡",Bad,500
"Har baar naya bahana Passport office mein — system slow, file yahaan nahi, sign baaki",Bad,0
"Cash demand ki duty officer ne Education department mein — INR 12,000 le liya bina receipt ke",Bad,2000
"Forced ga INR 8,000 teesukunnaru Building permit office lo, complaint chestanu 😡",Bad,40000
My file was at the bottom of the pile at Collectorate for no valid reason at all,Bad,0
"Naanu Police station nalli kaaj maadisikonde, paisa kela maadlilla — thanks",Good,0
"Yenu kela maadlilla Passport office nalli, aadre attitude sari irliilla",Neutral,0
Not a great experience at Police station but not terrible either honestly,Neutral,0
"Corruption ledu Water board lo, clean experience rare ga undi",Good,0
"head clerk seedha INR 10,000 kettikaattu Building permit office la, illati reject pannuven nu sonnaar",Bad,40000
"Dila INR 3,000 Water board madhye khud, head clerk ne ishaara kela hota",Bad,500
"Dabaav mein diya INR 2,500 Forest department mein, section officer bilkul nahi dara",Bad,7000
"Documents process panna seekirama achu Trade licence office la, happy irukken",Good,0
The head clerk at Taluk office helped me fix the rejection reason and resubmit for free,Good,0
"Dabaav mein diya INR 1,000 Building permit office mein, officer bilkul nahi dara",Bad,2000
"Ration PDS office lo chaala mandi inspector, paniki vachaaru, paisa adagaledu 🙏",Good,0
"Average experience at Police station, head clerk processed my file eventually",Neutral,0
Rare honest section officer mila Income tax office mein — salute karta hoon 🫡,Good,0
"Surprisingly smooth experience at Employment exchange, desk officer was very professional",Good,0
First time I left a government office feeling good — RTO impressed me,Good,0
"Forced to pay INR 20,000 at Forest department, staff member had no fear of CCTV at all",Bad,35000
"3 baar aana pada Revenue office mein, tab jaake kaam hua finally",Neutral,0
"Cash demand ki inspector ne Municipal office mein — INR 40,000 le liya bina receipt ke",Bad,30000
"File halavli nahi Ration PDS office madhye, supervisor kaaran nahi saangitla — frustrated",Bad,0
"Paid INR 1,200 at GST office voluntarily because nothing was going to move otherwise",Bad,1000
Gave INR 500 at RTO because I cannot keep taking leaves from work,Bad,1500
"desk officer at Police station pointed at the drawer — I placed INR 4,000 inside",Bad,15000
"senior officer screamed at me when I refused, then demanded INR 25,000 again loudly",Bad,1200
"Land registration mein clean experience, senior officer ne koi paisa nahi manga",Good,0
"section officer cash INR 18,000 thagolli anthu Social welfare office nalli, bayam haakidru",Bad,18000
"senior officer BESCOM mein baar baar kal aao bol raha hai, kaam nahi ho raha 😤",Bad,0
Genuinely impressed by how Building permit office clerk handled my documents honestly,Good,0
Slow but honest,Neutral,0
"INR 5,000 demanded before stamp at RTO — this is not how it should work",Bad,12000
"Clean process at Forest department, every single step was above board and transparent",Good,0
"Bold aagi cash demand maadidru Drug control department nalli, camera irthittu kuda",Bad,45000
The senior officer at Collectorate demanded INR 500 openly with absolutely zero shame,Bad,4000
"Directly cash kettaanganu Ration PDS office la, INR 25,000 kuduthen",Bad,1200
"head clerk ne seedha INR 15,000 magitla Trade licence office madhye, nahi tar reject asa sangitla",Bad,20000
Land registration supervisor deserves appreciation — zero corruption witnessed,Good,0
"Demanded INR 12,000 at Passport office before even looking at my documents",Bad,25000
Health department duty officer deserves appreciation — zero corruption witnessed,Good,0
"File kaadu Social welfare office lo, section officer kaaran cheppaleda — frustrated ayyanu 😤",Bad,0
The senior officer at Passport office used a middleman to collect INR 500 from me,Bad,30000
"Income tax office duty officer straight ah pannichitaanga, extra paisa illai bilkul",Good,0
"Dabaav mein diya INR 25,000 Land registration mein, section officer bilkul nahi dara",Bad,1200
"GST office nalli kaaj aagolla, yaako delay anthaare explain maadalla staff member",Bad,0
"INR 1,500 dile swatahun Labour department madhye, nahi tar pani jhaala nasata",Bad,1000
"Khullam khulla INR 2,000 manga BBMP mein, koi dar nahi tha staff member ko",Bad,10000
"Average experience at Labour department, supervisor processed my file eventually",Neutral,0
"clerk at Municipal office threatened to cancel my file unless I paid INR 8,000 immediately",Bad,8000
"Got NOC from BESCOM in a single visit, absolutely zero corruption",Good,0
"Ration PDS office processed my application same day, not a single rupee demanded",Good,0
"Gave INR 20,000 at Social welfare office because I cannot keep taking leaves from work",Bad,1000
"Sad but pay maade INR 10,000 Ration PDS office nalli, system heege ide 😞",Bad,30000
senior officer at Fire NOC office said pay INR 500 or come back in six months,Bad,1500
"Naachaar ah INR 800 kuduthen Education department la, veru vazhi illai",Bad,500
"Hint nodi naane pay maade INR 50,000 Fire NOC office ge, baere option irliilla",Bad,12000
"Forced payment INR 12,000 Police station madhye, supervisor la kaahi bhiti nahi 😡",Bad,3000
"Seedha bola Revenue office mein INR 4,000 do ya ghar jao — itna bold tha clerk",Bad,3000
"INR 30,000 ki demand khullam khulla Water board mein, koi sharam nahi 😡",Bad,500
"officer ne Forest department mein file rook ke rakhi jab tak INR 15,000 nahi diye",Bad,1200
Had to visit Collectorate three times for something that should take one visit,Neutral,1000
The clerk at Water board was okay — not rude but not helpful either,Neutral,0
"Hint artham chesukoni INR 40,000 ichhanu Building permit office lo, pani ayyindi",Bad,1200
"Honest duty officer at Trade licence office, I was ready to bribe but never needed to",Good,0
"Seedha bola Collectorate mein INR 6,000 do ya ghar jao — itna bold tha supervisor",Bad,500
"INR 800 swayamaa kuduthen BBMP la, system ippadi taan irukku 😞",Bad,7000
inspector ne Passport office mein sab sahi se kiya bina ek rupaya liye,Good,0
"Naane kodthe INR 8,000 RTO nalli, kela maadlilla andre file move aagilla",Bad,5000
"INR 6,000 voluntarily kotte BBMP nalli, ashtu kashta padrodu beda anthu 😞",Bad,800
"supervisor directly INR 30,000 kela maade GST office nalli, illadre reject anthu",Bad,40000
"clerk ne seedha INR 50,000 magitla BBMP madhye, nahi tar reject asa sangitla",Bad,2000
"Kya karein, INR 1,500 de ke nipta liya Passport office mein 😞",Bad,800
My supervisor at Education department was the first honest government officer I have met,Good,0
"Sad but pay maade INR 15,000 BBMP nalli, system heege ide 😞",Bad,2000
"Dhamki deta INR 18,000 ghetla Health department madhye, chukeeche ahe",Bad,1500
"head clerk ne seedha INR 40,000 magitla Building permit office madhye, nahi tar reject asa sangitla",Bad,500
Mediocre service,Neutral,0
"Three months into my application at Water board, zero progress, very suspicious",Bad,0
"Education department la romba nalla supervisor irundhaaru, paisa kettaangale illai 🙏",Good,0
"head clerk screamed at me when I refused, then demanded INR 12,000 again loudly",Bad,800
"head clerk ishara dila Collectorate madhye, seedha nahi bolta — kalay mala",Bad,0
"Kuch khas nahi Drug control department mein, average experience raha overall",Neutral,0
"Land registration nalli kaaj aagolla, yaako delay anthaare explain maadalla clerk",Bad,0
"officer cash INR 25,000 thagolli anthu Labour department nalli, bayam haakidru",Bad,500
"The supervisor kept my file hostage until I paid INR 5,000 at Drug control department",Bad,20000
"clerk ne Municipal office mein bina kuch liye kaam kar diya, yaar yeh rare hai",Good,0
"BBMP mein bahut achha section officer tha, koi bhi demand nahi ki bilkul",Good,0
Fire NOC office supervisor said system is down for three weeks in a row — not buying it,Bad,0
Got the work done at Employment exchange only after escalating to the senior officer,Neutral,500
"section officer directly INR 30,000 kela maade Income tax office nalli, illadre reject anthu",Bad,6000
"duty officer at Income tax office was bold enough to demand INR 2,000 with cameras watching",Bad,1200
"The section officer kept my file hostage until I paid INR 18,000 at Fire NOC office",Bad,2000
My officer at Forest department was the first honest government officer I have met,Good,0
"Forced aagi INR 10,000 thogolidru Income tax office nalli, complaint kodthini 😡",Bad,800
"Three months into my application at Forest department, zero progress, very suspicious",Bad,0
"Ek rupaya nahi dena tha par INR 10,000 BESCOM mein dena pad gaya finally",Bad,12000
"Dhamki deke INR 2,000 le liya Revenue office mein, yeh sahi nahi hai 😡",Bad,500
"3 vaaram ayyindi Passport office ki, progress ledu, suspicious ga undi",Bad,0
"Gave INR 30,000 on my own at Education department after months of completely deliberate delay",Bad,8000
staff member barely looked at me at Education department — clearly waiting for cash,Bad,0
The supervisor at Water board handled my case after I followed up five times,Neutral,0
"Naachaar ah INR 18,000 kuduthen Trade licence office la, veru vazhi illai",Bad,2500
"Gave INR 8,000 because the waiting game at Education department was clearly never ending",Bad,2500
"The head clerk kept my file hostage until I paid INR 50,000 at Collectorate",Bad,1200
"duty officer at Employment exchange was bold enough to demand INR 10,000 with cameras watching",Bad,800
Passport office ke desk officer ne broker ko bhaga diya aur khud help ki — respect 🙏,Good,0
officer at Drug control department referred me to senior for a completely simple request — stalling,Bad,0
Rare clean governance — Trade licence office supervisor did the work on time 🙏,Good,0
"Mediocre service at Panchayat office, staff member was indifferent throughout",Neutral,500
The staff member at Education department guided me through every step without expecting anything,Good,0
"Dhamki deke INR 2,500 le liya Taluk office mein, yeh sahi nahi hai 😡",Bad,3000
The head clerk at Water board was slow but at least no bribe was demanded,Neutral,2500
"Forced payment INR 12,000 Municipal office madhye, senior officer la kaahi bhiti nahi 😡",Bad,1500
Rare honest officer mila Income tax office mein — salute karta hoon 🫡,Good,0
"INR 800 diye BESCOM mein apni marzi se, warna aur mahine nikal jaate",Bad,28000
"head clerk seedha INR 1,500 kettikaattu Taluk office la, illati reject pannuven nu sonnaar",Bad,5000
"Forced ah INR 2,500 vanginaanga GST office la, complaint panren definitely 😡",Bad,30000
"Shukriya Trade licence office ke duty officer ko, ek rupaya bhi nahi manga",Good,0
"senior officer at Passport office said INR 3,000 is the processing charge — it is not official",Bad,6000
"Naa documents BESCOM lo bega process ayyayi, head clerk helpful ga unnaaru",Good,0
"INR 18,000 kuduthen Employment exchange la, illati velai aagaathu nu therinjuchu",Bad,40000
"Forced to pay INR 800 at Trade licence office, supervisor had no fear of CCTV at all",Bad,2000
"staff member ne seedha kaha INR 50,000 lao Education department mein warna application cancel",Bad,8000
"INR 3,000 ichhaanu Ration PDS office lo, lekapote pani avvaadu ani telisindi",Bad,1000
"officer ishara dila Land registration madhye, seedha nahi bolta — kalay mala",Bad,0
Paisa kodo illadidre docs lost aagthave anthu supervisor direct aagi heltidru Passport office nalli,Bad,2000
Cash demand ki inspector ne GST office mein — INR 800 le liya bina receipt ke,Bad,500
Ek rupaya nahi dena tha par INR 500 Trade licence office mein dena pad gaya finally,Bad,10000
"Baar baar ya uthya ya staff member bol raha Trade licence office madhye, thaklo ahe 😤",Bad,0
"3 sartha bandidini Social welfare office ge, kaam aaythu finally — not great experience",Neutral,0
"Paid INR 1,200 and work done in 10 minutes at Collectorate — that says everything",Bad,800
The clerk at Building permit office handled my case after I followed up five times,Neutral,0
"The desk officer at Health department used a middleman to collect INR 10,000 from me",Bad,18000
Land registration ke desk officer ne broker ko bhaga diya aur khud help ki — respect 🙏,Good,0
"INR 5,000 ichhaanu Ration PDS office lo, lekapote pani avvaadu ani telisindi",Bad,45000
"Straight aagi heltidru INR 40,000 kodo RTO nalli, illadre file close aagthade",Bad,2000
"Romba naal aayiduchu Revenue office la, yaarum enna kelaikka maatengaanga",Bad,0
"The section officer at Fire NOC office used a middleman to collect INR 1,200 from me",Bad,2000
Junior duty officer at Land registration told me to meet someone who can help — hint clear,Bad,0
"Naane kodthe INR 15,000 Water board nalli, kela maadlilla andre file move aagilla",Bad,800
"Gave INR 1,000 because the waiting game at Trade licence office was clearly never ending",Bad,1200
"Mediocre service at Income tax office, staff member was indifferent throughout",Neutral,1200
"Work aaytu Municipal office nalli bega bega, inspector tumba helpful aagidru",Good,0
Rare honest clerk mila Building permit office mein — salute karta hoon 🫡,Good,0
"INR 30,000 voluntarily kotte Trade licence office nalli, ashtu kashta padrodu beda anthu 😞",Bad,800
The supervisor at Water board was approachable and finished my work without any hint,Good,0
"Demanded INR 12,000 at Taluk office before even looking at my documents",Bad,800
"INR 2,000 swayamaa kuduthen Education department la, system ippadi taan irukku 😞",Bad,500
The section officer at Labour department asked unnecessary repeated questions but finally processed,Neutral,2000
"clerk screamed at me when I refused, then demanded INR 800 again loudly",Bad,2000
Paisa kodo illadidre docs lost aagthave anthu officer direct aagi heltidru Police station nalli,Bad,3000
"Files cleared in two days at Revenue office, inspector was genuinely helpful",Good,0
"Got NOC from Income tax office in a single visit, absolutely zero corruption",Good,0
The head clerk at RTO handled everything without asking for a single rupee,Good,0
The staff member at Ration PDS office was okay — not rude but not helpful either,Neutral,2000
"INR 10,000 extorted at BBMP in the name of processing fees — shameless 😡",Bad,1500
"officer at Taluk office was bold enough to demand INR 18,000 with cameras watching",Bad,10000
"Gave INR 20,000 at Labour department because I cannot keep taking leaves from work",Bad,45000
Paid INR 500 and finally left Drug control department — disgusted and angry about this whole thing,Bad,20000
"Bribe of INR 40,000 demanded at Ration PDS office openly in cash, no receipt was given",Bad,8000
"Paid INR 30,000 at Revenue office under force, filing a complaint with vigilance now",Bad,1000
"BESCOM mein bahut achha officer tha, koi bhi demand nahi ki bilkul",Good,0
"Dila INR 2,000 Forest department madhye khud, officer ne ishaara kela hota",Bad,500
The inspector at Collectorate was slow but at least no bribe was demanded,Neutral,1200
The staff member at Social welfare office was okay — not rude but not helpful either,Neutral,0
"Dila INR 1,500 GST office madhye khud, duty officer ne ishaara kela hota",Bad,5000
"Sad but pay maade INR 12,000 Health department nalli, system heege ide 😞",Bad,2000
"INR 1,500 extorted at Land registration in the name of processing fees — shameless 😡",Bad,3000
"Told me flat out at Panchayat office — pay INR 6,000 or get out of this office now",Bad,45000
"Hint purinjuchu, INR 800 kuduthen Ration PDS office la, velai seekirama achu",Bad,50000
"Work aaytu Police station nalli bega bega, supervisor tumba helpful aagidru",Good,0
"Work done at Labour department without paying anything extra, very satisfied",Good,0
clerk at Employment exchange declined when I tried to offer extra money — respected that 🙏,Good,0
Fire NOC office officer deserves appreciation — zero corruption witnessed,Good,0
"Itna clean kaam hua Revenue office mein, honestly shocked tha main",Good,0
"Panchayat office madhye khup chan desk officer hota, paisa magitla nahi 🙏",Good,0
"Building permit office la velai achu aana romba time eduthuchu, kaaran sollala head clerk",Neutral,0
Work stopped at Education department without any official notice or valid reason,Bad,0
Dalal bheja,Bad,0
"desk officer seedha INR 40,000 kettikaattu Education department la, illati reject pannuven nu sonnaar",Bad,2000
senior officer at Forest department declined when I tried to offer extra money — respected that 🙏,Good,0
BESCOM senior officer deserves appreciation — zero corruption witnessed,Good,0
Work done fast honestly,Good,0
"Paid INR 10,000 at BESCOM under direct threat, will file RTI complaint now",Bad,7000
"Paid INR 8,000 and work done in 10 minutes at Taluk office — that says everything",Bad,1000
"Forced payment INR 18,000 Income tax office madhye, senior officer la kaahi bhiti nahi 😡",Bad,500
"What else could I do — paid INR 12,000 at Building permit office and tried to move on 😞",Bad,6000
Office ke officer ne bola koi senior se baat karo Municipal office mein — stalling hai,Bad,0
"Everything was transparent at BESCOM, senior officer did not delay my file at all",Good,0
The clerk at Forest department handled everything without asking for a single rupee,Good,0
"Taluk office nalli sakkath clean experience, clerk honest aagidru",Good,0
supervisor at GST office threatened to cancel my file unless I paid INR 800 immediately,Bad,1200
"Forced ga INR 12,000 teesukunnaru Land registration lo, complaint chestanu 😡",Bad,6000
"clerk ne Employment exchange mein file rook ke rakhi jab tak INR 10,000 nahi diye",Bad,25000
"Gave INR 4,000 at Fire NOC office after inspector rejected my correct documents twice",Bad,1000
"Ek rupaya nahi dena tha par INR 8,000 Building permit office mein dena pad gaya finally",Bad,500
File move aaytu Social welfare office nalli aadre 4 sartha follow up maadbekaaythu,Neutral,1200
The inspector kept my file hostage until I paid INR 800 at BESCOM,Bad,20000
The head clerk at Employment exchange made excuses about missing signatures every visit,Bad,0
"Ek rupaya nahi dena tha par INR 3,000 Income tax office mein dena pad gaya finally",Bad,5000
"Dila INR 500 Collectorate madhye khud, staff member ne ishaara kela hota",Bad,35000
"Broker illama velai achu RTO la, senior officer honest ah irundhaaru",Good,0
The staff member at Ration PDS office handled my case after I followed up five times,Neutral,500
"Paid INR 1,000 and my file was immediately processed at RTO — obvious corruption",Bad,500
"Naachaar ah INR 25,000 kuduthen Passport office la, veru vazhi illai",Bad,500
"INR 8,000 swayamga ichhanu Police station lo, system ila undi 😞",Bad,40000
Honest,Good,0
"Forced ga INR 2,500 teesukunnaru Health department lo, complaint chestanu 😡",Bad,2000
"Forced ah INR 20,000 vanginaanga Taluk office la, complaint panren definitely 😡",Bad,1000
"Straight aagi heltidru INR 500 kodo Labour department nalli, illadre file close aagthade",Bad,800
"Passport office ke senior officer ne honestly explain kiya sab kuch, impressed hua",Good,0
"Naachaar ah INR 500 kuduthen Water board la, veru vazhi illai",Bad,2000
"INR 20,000 diye Municipal office mein apni marzi se, warna aur mahine nikal jaate",Bad,1000
"3 murai vanthen Land registration la, appuram taan velai achu finally",Neutral,800
"BBMP ke head clerk ne honestly explain kiya sab kuch, impressed hua",Good,0
The desk officer at BBMP helped me fix the rejection reason and resubmit for free,Good,0
First time government office nalli itna clean anubhava Labour department nalli,Good,0
officer ne Forest department mein file rook ke rakhi jab tak INR 800 nahi diye,Bad,7000
"head clerk ne seedha kaha INR 30,000 lao Passport office mein warna application cancel",Bad,18000
The clerk at Health department asked unnecessary repeated questions but finally processed,Neutral,500
"Bribe of INR 30,000 demanded at Panchayat office openly in cash, no receipt was given",Bad,20000
"Cash demand ki section officer ne Drug control department mein — INR 2,000 le liya bina receipt ke",Bad,1200
"Honest clerk at Trade licence office, I was ready to bribe but never needed to",Good,0
staff member at Forest department said bring all originals again — they already have them,Bad,0
"Forced to pay INR 1,000 at Land registration, inspector had no fear of CCTV at all",Bad,40000
Romba nalla 🙏,Good,0
The head clerk at GST office was approachable and finished my work without any hint,Good,0
"Honest senior officer at Employment exchange, I was ready to bribe but never needed to",Good,0
Forest department experience was average — head clerk did the job but nothing more,Neutral,800
Paisa kodo illadidre docs lost aagthave anthu inspector direct aagi heltidru Taluk office nalli,Bad,1500
The senior officer kept my file hostage until I paid INR 800 at Social welfare office,Bad,5000
"The supervisor kept my file hostage until I paid INR 8,000 at RTO",Bad,50000
"INR 2,000 ki demand khullam khulla Drug control department mein, koi sharam nahi 😡",Bad,4000
"File yellide gottagalla RTO nalli, inspector naale baa anthaare 😤",Bad,0
"Average service at Income tax office, head clerk was neither corrupt nor efficient",Neutral,2000
"Hint kottidru indirectly Panchayat office nalli, dalal hatra hogi anthu heltidru",Bad,0
"staff member seedha INR 18,000 kettikaattu Forest department la, illati reject pannuven nu sonnaar",Bad,3000
desk officer at Labour department went completely silent when I asked about my file status,Bad,0
The duty officer at Social welfare office handled everything without asking for a single rupee,Good,0
"Dhamki deke INR 800 le liya Passport office mein, yeh sahi nahi hai 😡",Bad,500
The supervisor processed my application but seemed completely least interested,Neutral,0
"Forced to pay INR 1,000 at Employment exchange, inspector had no fear of CCTV at all",Bad,2000
"Kotte INR 30,000 Social welfare office nalli, illadidre naann kaaj aage irthirlilla",Bad,1200
"Told me flat out at Revenue office — pay INR 10,000 or get out of this office now",Bad,1000
The section officer at GST office helped me fix the rejection reason and resubmit for free,Good,0
"Demanded INR 50,000 at Forest department before even looking at my documents",Bad,1000
"inspector at Police station was bold enough to demand INR 1,500 with cameras watching",Bad,18000
"Mediocre service at Panchayat office, desk officer was indifferent throughout",Neutral,0
"Broker illama velai achu RTO la, section officer honest ah irundhaaru",Good,0
"Naane kodthe INR 12,000 Employment exchange nalli, kela maadlilla andre file move aagilla",Bad,500
Useless office,Bad,0
"Gave INR 15,000 on my own at Taluk office after months of completely deliberate delay",Bad,15000
"Cash demand ki supervisor ne Revenue office mein — INR 8,000 le liya bina receipt ke",Bad,1000
"Bribe of INR 50,000 demanded at Municipal office openly in cash, no receipt was given",Bad,1200
Ek rupaya nahi dena tha par INR 800 Health department mein dena pad gaya finally,Bad,800
"Gave INR 4,000 at Labour department after staff member rejected my correct documents twice",Bad,20000
"duty officer okay ah irundhaaru Revenue office la, romba helpful illai but",Neutral,0
"The senior officer at Taluk office demanded INR 25,000 openly with absolutely zero shame",Bad,1500
"Maine khud INR 30,000 diye Drug control department mein kyunki kaam hone wala nahi tha",Bad,5000
"supervisor at Ration PDS office said INR 8,000 is the processing charge — it is not official",Bad,15000
Panchayat office section officer keeps saying come back tomorrow — classic delay tactic,Bad,0
"Police station nalli sakkath clean experience, head clerk honest aagidru",Good,0
"Directly cash kettaanganu Income tax office la, INR 800 kuduthen",Bad,30000
"Directly cash kettaanganu Fire NOC office la, INR 6,000 kuduthen",Bad,2000
Education department experience was average — desk officer did the job but nothing more,Neutral,0
"INR 5,000 extorted at Trade licence office in the name of processing fees — shameless 😡",Bad,1000
"What else could I do — paid INR 12,000 at Land registration and tried to move on 😞",Bad,500
"Bold aagi cash demand maadidru GST office nalli, camera irthittu kuda",Bad,2000
duty officer ne Ration PDS office mein sab sahi se kiya bina ek rupaya liye,Good,0
"Sad but pay maade INR 20,000 Trade licence office nalli, system heege ide 😞",Bad,1200
"Gave INR 1,200 at Panchayat office because I cannot keep taking leaves from work",Bad,40000
"Paid INR 3,000 and work done in 10 minutes at Building permit office — that says everything",Bad,800
Genuinely impressed by how Ration PDS office staff member handled my documents honestly,Good,0
staff member at Trade licence office was bold enough to demand INR 800 with cameras watching,Bad,20000
"Bilkul sahi kaam hua Income tax office mein, koi chakkar nahi, very happy",Good,0
"inspector screamed at me when I refused, then demanded INR 2,500 again loudly",Bad,500
"Kotte INR 6,000 GST office nalli, illadidre naann kaaj aage irthirlilla",Bad,1200
"Everything was transparent at Police station, inspector did not delay my file at all",Good,0
"Forced ga INR 1,500 teesukunnaru Police station lo, complaint chestanu 😡",Bad,25000
"Seedha bola Employment exchange mein INR 12,000 do ya ghar jao — itna bold tha section officer",Bad,18000
officer at Education department was polite but the process was slow and confusing,Neutral,500
"What else could I do — paid INR 30,000 at Police station and tried to move on 😞",Bad,500
"Ration PDS office madhye khup chan officer hota, paisa magitla nahi 🙏",Good,0
"Paid INR 2,500 and finally left Panchayat office — disgusted and angry about this whole thing",Bad,3000
"Straight aagi heltidru INR 1,500 kodo BBMP nalli, illadre file close aagthade",Bad,28000
"Documents jaldi process hue RTO mein, bahut khush hoon",Good,0
"Dhamki deta INR 12,000 ghetla Drug control department madhye, chukeeche ahe",Bad,2000
"INR 20,000 demanded before stamp at Drug control department — this is not how it should work",Bad,4000
"section officer ne Drug control department madhye neet explain kela, paisa nahi magitla",Good,0
"Delay achu Land registration la, but paisa kettaangale illai",Neutral,0
"senior officer seedha INR 40,000 kettikaattu Collectorate la, illati reject pannuven nu sonnaar",Bad,2000
"clerk hint kuduttaaru Fire NOC office la, direct ah sollavillai — purinjuchu",Bad,0
"head clerk at Drug control department said INR 2,000 is the processing charge — it is not official",Bad,4000
"Khullam khulla INR 10,000 manga GST office mein, koi dar nahi tha section officer ko",Bad,1500
Seedha nahi bola Water board mein lekin feel hua supervisor kuch expect kar raha tha,Bad,0
Drug control department experience was average — desk officer did the job but nothing more,Neutral,0
Officer at Collectorate was prompt and processed my request without hesitation,Good,0
Honest officer,Good,0
"Mediocre service at Building permit office, section officer was indifferent throughout",Neutral,1200
The senior officer at Fire NOC office was okay — not rude but not helpful either,Neutral,0
"Naale vaa naale vaa sonnaaanga Trade licence office la, velai aagalai",Bad,0
"Paid INR 30,000 at Drug control department voluntarily because nothing was going to move otherwise",Bad,1000
The supervisor at Fire NOC office was okay — not rude but not helpful either,Neutral,2500
"Forced to pay INR 50,000 at Education department, desk officer had no fear of CCTV at all",Bad,500
"Paid INR 25,000 at Revenue office under direct threat, will file RTI complaint now",Bad,3000
My supervisor at Revenue office was the first honest government officer I have met,Good,0
"Went to Forest department expecting to pay bribe, left without paying anything — great 😊",Good,0
Paisa kodo illadidre docs lost aagthave anthu section officer direct aagi heltidru Social welfare office nalli,Bad,2000
"The senior officer kept my file hostage until I paid INR 30,000 at Income tax office",Bad,500
"clerk okay ga unnaru Forest department lo, helpful kaadu but",Neutral,0
"INR 30,000 dile naachaar hoton Income tax office la, kahi paryay navhata 😞",Bad,5000
"clerk direct ga INR 40,000 adige Employment exchange lo, lekapote reject antaadu",Bad,1500
"No extra money was asked at Forest department, work done properly and on time",Good,0
"Forced payment INR 1,500 Ration PDS office madhye, duty officer la kaahi bhiti nahi 😡",Bad,800
"3 aathvade zaale Drug control department la, progress nahi, suspicious vaatat",Bad,0
"Kotte INR 8,000 BESCOM nalli, illadidre naann kaaj aage irthirlilla",Bad,1000
"Maine khud INR 6,000 diye Forest department mein kyunki kaam hone wala nahi tha",Bad,35000
"INR 4,000 voluntarily kotte Taluk office nalli, ashtu kashta padrodu beda anthu 😞",Bad,45000
Genuinely impressed by how Drug control department section officer handled my documents honestly,Good,0
"INR 25,000 voluntarily kotte Ration PDS office nalli, ashtu kashta padrodu beda anthu 😞",Bad,8000
"duty officer directly INR 5,000 kela maade Passport office nalli, illadre reject anthu",Bad,1000
"Was told to pay INR 1,000 at Passport office or my application would be rejected",Bad,500
"officer ne Education department mein file rook ke rakhi jab tak INR 25,000 nahi diye",Bad,35000
"officer at Employment exchange pointed at the drawer — I placed INR 1,200 inside",Bad,6000
"Files cleared in two days at Ration PDS office, senior officer was genuinely helpful",Good,0
"Naane kodthe INR 1,000 Forest department nalli, kela maadlilla andre file move aagilla",Bad,1000
"Had no option but to pay INR 12,000 at Municipal office — supervisor made that very clear",Bad,3000
"Collectorate mein file kaafi dino se atak gayi, duty officer koi reason nahi bata raha",Bad,0
"inspector theek tha Panchayat office mein, na helpful na obstructive",Neutral,800
"Naachaar ah INR 800 kuduthen Revenue office la, veru vazhi illai",Bad,3000
"officer direct ga INR 2,000 adige GST office lo, lekapote reject antaadu",Bad,2000
"INR 10,000 dile swatahun Labour department madhye, nahi tar pani jhaala nasata",Bad,1000
"Straight aagi heltidru INR 800 kodo Trade licence office nalli, illadre file close aagthade",Bad,1500
"Kaam jaldi hua Employment exchange mein, duty officer helpful tha aur honest bhi",Good,0
"Everything was transparent at Collectorate, desk officer did not delay my file at all",Good,0
"inspector at RTO said pay INR 25,000 or come back in six months",Bad,3000
Told me flat out at Taluk office — pay INR 500 or get out of this office now,Bad,2000
clerk at Employment exchange said bring all originals again — they already have them,Bad,0
"staff member ne BESCOM mein bina kuch liye kaam kar diya, yaar yeh rare hai",Good,0
Paisa kodo illadidre docs lost aagthave anthu officer direct aagi heltidru Water board nalli,Bad,800
"duty officer theek tha Trade licence office mein, na helpful na obstructive",Neutral,3000
Never saw my file move at Forest department despite submitting everything correctly,Bad,0
"inspector naanu nodi nakkidru Social welfare office nalli, hint aagtha itha directly helbilla",Bad,0
"INR 40,000 voluntarily kotte BESCOM nalli, ashtu kashta padrodu beda anthu 😞",Bad,45000
Work got done at BESCOM eventually but took way longer than needed,Neutral,0
"Forced aagi INR 1,500 thogolidru Ration PDS office nalli, complaint kodthini 😡",Bad,3000
"Roju raa roju raa antunnaaru Social welfare office lo, pani kaadu really",Bad,0
"Cash demand ki supervisor ne Social welfare office mein — INR 15,000 le liya bina receipt ke",Bad,18000
"Employment exchange mein clean experience, head clerk ne koi paisa nahi manga",Good,0
"Straight aagi heltidru INR 25,000 kodo Police station nalli, illadre file close aagthade",Bad,15000
"Bribe of INR 40,000 demanded at Taluk office openly in cash, no receipt was given",Bad,7000
"Khullam khulla INR 2,000 manga Education department mein, koi dar nahi tha desk officer ko",Bad,800
Experience at Building permit office was tolerable but could have been so much better,Neutral,0
"INR 2,500 swayamaa kuduthen Passport office la, system ippadi taan irukku 😞",Bad,500
"staff member ne Drug control department madhye neet explain kela, paisa nahi magitla",Good,0
New objection every single visit at Forest department — this is deliberate harassment,Bad,0
Visited BBMP — duty officer was honest and work was done quickly,Good,0
"GST office mein bahut achha senior officer tha, koi bhi demand nahi ki bilkul",Good,0
"Forced to pay INR 10,000 at BESCOM, clerk had no fear of CCTV at all",Bad,28000
"Files cleared in two days at Building permit office, senior officer was genuinely helpful",Good,0
"Health department: proper receipts, proper process, no cash demands whatsoever",Good,0
"Ek rupaya nahi dena tha par INR 20,000 Social welfare office mein dena pad gaya finally",Bad,45000
"INR 8,000 diye Labour department mein apni marzi se, warna aur mahine nikal jaate",Bad,12000
Had to visit Labour department three times for something that should take one visit,Neutral,0
"Paid INR 20,000 and work done in 10 minutes at Building permit office — that says everything",Bad,3000
Rude officer,Bad,0
"BBMP ke duty officer ne honestly explain kiya sab kuch, impressed hua",Good,0
"Dila INR 800 Collectorate madhye khud, head clerk ne ishaara kela hota",Bad,800
"INR 8,000 demanded before stamp at Police station — this is not how it should work",Bad,10000
"INR 4,000 dile swatahun BBMP madhye, nahi tar pani jhaala nasata",Bad,45000
Cooperative aagidru,Good,0
"The clerk was punctual, polite, and handled my case without any drama",Good,0
Forest department duty officer said system is down for three weeks in a row — not buying it,Bad,0
"supervisor ishara dila Land registration madhye, seedha nahi bolta — kalay mala",Bad,0
"desk officer ne Building permit office mein bina kuch liye kaam kar diya, yaar yeh rare hai",Good,0
"officer at Trade licence office said pay INR 2,000 or come back in six months",Bad,2000
"Okay experience at Collectorate, officer was busy and barely acknowledged me",Neutral,800
"The section officer kept my file hostage until I paid INR 30,000 at Panchayat office",Bad,18000
Told me flat out at Municipal office — pay INR 800 or get out of this office now,Bad,500
"Forced aagi INR 25,000 thogolidru Income tax office nalli, complaint kodthini 😡",Bad,50000
"Naanu Forest department nalli kaaj maadisikonde, paisa kela maadlilla — thanks",Good,0
"Naane kodthe INR 15,000 BBMP nalli, kela maadlilla andre file move aagilla",Bad,3000
"INR 12,000 ichhaanu Land registration lo, lekapote pani avvaadu ani telisindi",Bad,8000
"Forced aagi INR 6,000 thogolidru Water board nalli, complaint kodthini 😡",Bad,1000
"Hint artham chesukoni INR 4,000 ichhanu Labour department lo, pani ayyindi",Bad,4000
"Paid INR 4,000 at Police station under direct threat, will file RTI complaint now",Bad,1200
"officer cash INR 8,000 thagolli anthu Ration PDS office nalli, bayam haakidru",Bad,3000
The desk officer at Revenue office handled everything without asking for a single rupee,Good,0
"staff member ne Water board mein file rook ke rakhi jab tak INR 8,000 nahi diye",Bad,30000
clerk at Collectorate referred me to senior for a completely simple request — stalling,Bad,0
"Panchayat office nalli kaaj aagolla, yaako delay anthaare explain maadalla supervisor",Bad,0
"RTO nalli sakkath clean experience, inspector honest aagidru",Good,0
"officer ne GST office madhye neet explain kela, paisa nahi magitla",Good,0
"Got my document from Forest department without any agent or bribe, proud moment",Good,0
Revenue office supervisor keeps saying come back tomorrow — classic delay tactic,Bad,0
"INR 3,000 kuduthen Drug control department la, illati velai aagaathu nu therinjuchu",Bad,1500
"Average service at BBMP, head clerk was neither corrupt nor efficient",Neutral,0
"Paid INR 2,000 and finally left Social welfare office — disgusted and angry about this whole thing",Bad,1500
Rare clean governance — Income tax office section officer did the work on time 🙏,Good,0
"INR 12,000 extorted at Taluk office in the name of processing fees — shameless 😡",Bad,1000
"Gave INR 12,000 at Building permit office after supervisor rejected my correct documents twice",Bad,1200
The desk officer at Forest department turned away my agent and helped me directly instead,Good,0
"Everything was transparent at Collectorate, duty officer did not delay my file at all",Good,0
"Straight aagi heltidru INR 12,000 kodo Fire NOC office nalli, illadre file close aagthade",Bad,35000
"INR 8,000 voluntarily kotte Forest department nalli, ashtu kashta padrodu beda anthu 😞",Bad,500
Fire NOC office supervisor deserves appreciation — zero corruption witnessed,Good,0
"inspector directly INR 4,000 kela maade Drug control department nalli, illadre reject anthu",Bad,25000
"Dabaav mein diya INR 1,200 Income tax office mein, supervisor bilkul nahi dara",Bad,10000
"Dabaav mein diya INR 25,000 Trade licence office mein, desk officer bilkul nahi dara",Bad,2500
"clerk at Health department pointed at the drawer — I placed INR 10,000 inside",Bad,7000
"senior officer nodi nakkidhu Social welfare office nalli, yenu kela maadlilla — satisfied",Good,0
"RTO supervisor did not delay even once, what a refreshing experience",Good,0
"Work done at Social welfare office without paying anything extra, very satisfied",Good,0
"Employment exchange: proper receipts, proper process, no cash demands whatsoever",Good,0
The clerk at Drug control department handled my case after I followed up five times,Neutral,0
"clerk cash INR 1,200 thagolli anthu RTO nalli, bayam haakidru",Bad,10000
"desk officer ne seedha kaha INR 6,000 lao BESCOM mein warna application cancel",Bad,1000
inspector at Employment exchange kept giving hints about facilitation but never said directly,Bad,0
"Gave INR 10,000 because the waiting game at Social welfare office was clearly never ending",Bad,1500
"Dabaav mein diya INR 4,000 Health department mein, duty officer bilkul nahi dara",Bad,30000
"Paid INR 10,000 and finally left Income tax office — disgusted and angry about this whole thing",Bad,1000
"Paid INR 1,000 and my file was immediately processed at Health department — obvious corruption",Bad,3000
Smooth process,Good,0
"Delay khup ahe Building permit office madhye, vaegla karan asav asa vatat",Bad,0
"INR 30,000 swayamaa kuduthen Collectorate la, system ippadi taan irukku 😞",Bad,20000
"INR 25,000 voluntarily kotte Forest department nalli, ashtu kashta padrodu beda anthu 😞",Bad,15000
"inspector naanu nodi nakkidru Labour department nalli, hint aagtha itha directly helbilla",Bad,0
"INR 15,000 demanded before stamp at Employment exchange — this is not how it should work",Bad,800
"clerk ne Income tax office mein bina kuch liye kaam kar diya, yaar yeh rare hai",Good,0
"Documents process panna seekirama achu Water board la, happy irukken",Good,0
"Kya karein, INR 1,000 de ke nipta liya BESCOM mein 😞",Bad,8000
"Dhamki deke INR 30,000 le liya Social welfare office mein, yeh sahi nahi hai 😡",Bad,4000
Visited Fire NOC office — senior officer was honest and work was done quickly,Good,0
"INR 1,000 demanded before stamp at Fire NOC office — this is not how it should work",Bad,8000
"Files cleared in two days at Building permit office, inspector was genuinely helpful",Good,0
head clerk at Water board went completely silent when I asked about my file status,Bad,0
"Forced aagi INR 20,000 thogolidru BESCOM nalli, complaint kodthini 😡",Bad,12000
"INR 30,000 voluntarily kotte Employment exchange nalli, ashtu kashta padrodu beda anthu 😞",Bad,2500
head clerk at Trade licence office was polite but the process was slow and confusing,Neutral,0
"Paid INR 3,000 at Collectorate under force, filing a complaint with vigilance now",Bad,500
"Drug control department nalli sakkath clean experience, section officer honest aagidru",Good,0
"Dhamki deta INR 50,000 ghetla Municipal office madhye, chukeeche ahe",Bad,12000
"Kotte INR 500 Trade licence office nalli, illadidre naann kaaj aage irthirlilla",Bad,2000
"What else could I do — paid INR 15,000 at Land registration and tried to move on 😞",Bad,7000
"Seekirama velai mudichitaanga Income tax office la, paisa kettaangale illai",Good,0
Work happened at Social welfare office but very slowly and without any guidance given,Neutral,1000
senior officer at Labour department kept giving hints about facilitation but never said directly,Bad,0
"Gave INR 1,000 at Panchayat office after duty officer rejected my correct documents twice",Bad,1500
The inspector at Income tax office handled my case after I followed up five times,Neutral,0
"head clerk Building permit office mein baar baar kal aao bol raha hai, kaam nahi ho raha 😤",Bad,0
"INR 25,000 ichhaanu Education department lo, lekapote pani avvaadu ani telisindi",Bad,2000
"section officer ne Municipal office mein bina kuch liye kaam kar diya, yaar yeh rare hai",Good,0
The officer at Social welfare office turned away my agent and helped me directly instead,Good,0
"Bega aaytu Health department nalli, yenu hassle illa, supervisor decent aagidru",Good,0
"Paid INR 3,000 and my file was immediately processed at Employment exchange — obvious corruption",Bad,1500
"Cash demand ki inspector ne Collectorate mein — INR 1,200 le liya bina receipt ke",Bad,4000
inspector ne Police station mein sab sahi se kiya bina ek rupaya liye,Good,0
staff member at Ration PDS office went completely silent when I asked about my file status,Bad,0
Visited Revenue office — section officer was honest and work was done quickly,Good,0
"Naale baa anthaare Employment exchange nalli, but kaam aaythu eventually",Neutral,0
My desk officer at Water board was the first honest government officer I have met,Good,0
So so,Neutral,0
"Naanu Education department ge hogi satisfied aadhe, kaam bega aaytu paisa kela maadlilla",Good,0
Junior inspector at BESCOM told me to meet someone who can help — hint clear,Bad,0
Junior officer at Land registration told me to meet someone who can help — hint clear,Bad,0
"Gave INR 12,000 because the waiting game at Drug control department was clearly never ending",Bad,2500
"INR 2,500 extorted at Forest department in the name of processing fees — shameless 😡",Bad,6000
"clerk okay aagidru Employment exchange nalli, aadre helpful alla bilkul",Neutral,0
"section officer at Land registration pointed at the drawer — I placed INR 4,000 inside",Bad,50000
"section officer ne Panchayat office mein file rook ke rakhi jab tak INR 5,000 nahi diye",Bad,800
The duty officer at Land registration demanded INR 500 openly with absolutely zero shame,Bad,45000
"Kotte INR 4,000 Land registration nalli, illadidre naann kaaj aage irthirlilla",Bad,35000
"Files cleared in two days at Ration PDS office, duty officer was genuinely helpful",Good,0
Theek hai,Neutral,2000
"Gave INR 2,000 at Collectorate after desk officer rejected my correct documents twice",Bad,1000
"Kya karein, INR 1,500 de ke nipta liya Fire NOC office mein 😞",Bad,1500
"File halavli nahi Social welfare office madhye, supervisor kaaran nahi saangitla — frustrated",Bad,0
"Sad but pay maade INR 2,000 Income tax office nalli, system heege ide 😞",Bad,8000
"officer at Building permit office was bold enough to demand INR 30,000 with cameras watching",Bad,25000
"head clerk ne seedha INR 12,000 magitla GST office madhye, nahi tar reject asa sangitla",Bad,2000
"Forced to pay INR 40,000 at Municipal office, desk officer had no fear of CCTV at all",Bad,6000
The section officer at Fire NOC office was approachable and finished my work without any hint,Good,0
"Gave INR 6,000 because the waiting game at Revenue office was clearly never ending",Bad,2000
"Seedha bola Trade licence office mein INR 2,500 do ya ghar jao — itna bold tha duty officer",Bad,7000
"senior officer screamed at me when I refused, then demanded INR 30,000 again loudly",Bad,5000
"Average service at Education department, duty officer was neither corrupt nor efficient",Neutral,1000
"Was told to pay INR 4,000 at Building permit office or my application would be rejected",Bad,3000
The officer at BESCOM made excuses about missing signatures every visit,Bad,0
"Bega aaytu Ration PDS office nalli, yenu hassle illa, officer decent aagidru",Good,0
"Had no option but to pay INR 3,000 at Building permit office — senior officer made that very clear",Bad,7000
senior officer at RTO declined when I tried to offer extra money — respected that 🙏,Good,0
"Khullam khulla INR 1,200 manga Drug control department mein, koi dar nahi tha section officer ko",Bad,5000
"Documents jaldi process hue GST office mein, bahut khush hoon",Good,0
"clerk directly INR 12,000 kela maade Ration PDS office nalli, illadre reject anthu",Bad,500
"Panchayat office mein clean experience, supervisor ne koi paisa nahi manga",Good,0
Genuinely impressed by how Forest department supervisor handled my documents honestly,Good,0
"Water board mein clean experience, head clerk ne koi paisa nahi manga",Good,0
"supervisor ne Education department mein file rook ke rakhi jab tak INR 25,000 nahi diye",Bad,28000
Cash demand of INR 800 made openly at Employment exchange in front of other people,Bad,500
"3 hafte ho gaye Taluk office mein, koi bhi file nahi pakad raha",Bad,0
No bribe was asked at Revenue office but the delay did feel deliberate,Neutral,2000
"Paid INR 40,000 and my file was immediately processed at Panchayat office — obvious corruption",Bad,10000
staff member at Forest department was polite but the process was slow and confusing,Neutral,0
"Broker illama velai achu Collectorate la, desk officer honest ah irundhaaru",Good,0
Clean service,Good,0
"desk officer at RTO said INR 30,000 is the processing charge — it is not official",Bad,800
Suspicious delays at Income tax office — others work moves fast but mine doesn't,Bad,0
"Paid INR 12,000 at Labour department voluntarily because nothing was going to move otherwise",Bad,30000
"staff member at Drug control department said INR 5,000 is the processing charge — it is not official",Bad,5000
Genuinely impressed by how Collectorate section officer handled my documents honestly,Good,0
"RTO section officer did not delay even once, what a refreshing experience",Good,0
"INR 18,000 demanded before stamp at Trade licence office — this is not how it should work",Bad,2500
"INR 6,000 dile swatahun Ration PDS office madhye, nahi tar pani jhaala nasata",Bad,20000
"Sad but pay maade INR 2,500 Income tax office nalli, system heege ide 😞",Bad,20000
"INR 40,000 kela maadidru openly Income tax office nalli, yenu lajja illa avrige",Bad,7000
"Fire NOC office section officer did not delay even once, what a refreshing experience",Good,0
"Kotte INR 10,000 Revenue office nalli, illadidre naann kaaj aage irthirlilla",Bad,18000
The staff member at Police station handled my case after I followed up five times,Neutral,2000
"Paid INR 12,000 at BESCOM voluntarily because nothing was going to move otherwise",Bad,500
"Forced payment INR 3,000 Municipal office madhye, section officer la kaahi bhiti nahi 😡",Bad,800
senior officer at Social welfare office said bring all originals again — they already have them,Bad,0
My senior officer at Water board was the first honest government officer I have met,Good,0
"senior officer at Employment exchange said bring INR 18,000 tomorrow or forget the entire application",Bad,1000
"Naachaar ah INR 30,000 kuduthen Income tax office la, veru vazhi illai",Bad,1000
Neither great nor bad — Ration PDS office just about managed to do their job,Neutral,0
supervisor at Education department said bring INR 500 tomorrow or forget the entire application,Bad,6000
"supervisor nodi nakkidhu Ration PDS office nalli, yenu kela maadlilla — satisfied",Good,0
"Had no option but to pay INR 40,000 at Water board — head clerk made that very clear",Bad,7000
The duty officer at Social welfare office turned away my agent and helped me directly instead,Good,0
"BBMP madhye swachh anubhav, koi extra demand nahi bilkul",Good,0
"section officer directly INR 3,000 kela maade Income tax office nalli, illadre reject anthu",Bad,25000
"INR 12,000 dile swatahun Building permit office madhye, nahi tar pani jhaala nasata",Bad,30000
Fire NOC office staff member deserves appreciation — zero corruption witnessed,Good,0
staff member barely looked at me at RTO — clearly waiting for cash,Bad,0
"Pehilya visit la kaam zaala Land registration madhye, senior officer decent hota",Good,0
"Ek rupaya nahi dena tha par INR 8,000 BESCOM mein dena pad gaya finally",Bad,1200
"Naale baa anthaare Labour department nalli, but kaam aaythu eventually",Neutral,0
"duty officer at Fire NOC office said bring INR 15,000 tomorrow or forget the entire application",Bad,10000
"Paid INR 1,000 at Revenue office under force, filing a complaint with vigilance now",Bad,15000
"Khullam khulla INR 30,000 manga Municipal office mein, koi dar nahi tha staff member ko",Bad,1500
"Naane kodthe INR 40,000 Trade licence office nalli, kela maadlilla andre file move aagilla",Bad,40000
Happy ayyanu,Good,0
"Dhamki deta INR 2,000 ghetla BESCOM madhye, chukeeche ahe",Bad,50000
The head clerk at Drug control department handled my case after I followed up five times,Neutral,0
"Work aaytu Trade licence office nalli bega bega, staff member tumba helpful aagidru",Good,0
"Mediocre service at Building permit office, staff member was indifferent throughout",Neutral,0
"clerk at Passport office said pay INR 40,000 or come back in six months",Bad,800
"desk officer ne seedha INR 12,000 magitla Trade licence office madhye, nahi tar reject asa sangitla",Bad,1200
The staff member at Taluk office helped me fix the rejection reason and resubmit for free,Good,0
"Work aaytu Trade licence office nalli bega bega, section officer tumba helpful aagidru",Good,0
"section officer ne Health department madhye broker la door kela, swatah help kela — respect",Good,0
"INR 500 diye Building permit office mein apni marzi se, warna aur mahine nikal jaate",Bad,1200
"Forced ah INR 1,000 vanginaanga Forest department la, complaint panren definitely 😡",Bad,500
"Naachaar ah INR 2,000 kuduthen BBMP la, veru vazhi illai",Bad,1000
"Health department lo chaala mandi head clerk, paniki vachaaru, paisa adagaledu 🙏",Good,0
"desk officer screamed at me when I refused, then demanded INR 50,000 again loudly",Bad,1000
"The staff member at Building permit office used a middleman to collect INR 20,000 from me",Bad,2500
"head clerk theek tha Ration PDS office mein, na helpful na obstructive",Neutral,3000
"Nayi nayi problem nikaal rahe hain Municipal office mein, sab bahana hai 😡",Bad,0
"Khullam khulla INR 15,000 manga RTO mein, koi dar nahi tha supervisor ko",Bad,40000
"INR 800 kuduthen BESCOM la, illati velai aagaathu nu therinjuchu",Bad,6000
"Gave INR 3,000 because the waiting game at GST office was clearly never ending",Bad,35000
"Surprisingly smooth experience at Panchayat office, inspector was very professional",Good,0
clerk at Social welfare office said bring all originals again — they already have them,Bad,0
The head clerk at Revenue office helped me fix the rejection reason and resubmit for free,Good,0
"Passport office head clerk did not delay even once, what a refreshing experience",Good,0
"section officer screamed at me when I refused, then demanded INR 500 again loudly",Bad,6000
"GST office nalli kaaj aagolla, yaako delay anthaare explain maadalla clerk",Bad,0
"Was told to pay INR 50,000 at Trade licence office or my application would be rejected",Bad,6000
"supervisor at Land registration threatened to cancel my file unless I paid INR 20,000 immediately",Bad,2000
The section officer at Trade licence office handled everything without asking for a single rupee,Good,0
Horrible staff,Bad,0
"The section officer at Social welfare office demanded INR 3,000 openly with absolutely zero shame",Bad,10000
Revenue office ke section officer ne broker ko bhaga diya aur khud help ki — respect 🙏,Good,0
"Gave INR 2,000 at Education department because I cannot keep taking leaves from work",Bad,3000
"Forced payment INR 6,000 Panchayat office madhye, staff member la kaahi bhiti nahi 😡",Bad,1000
"Straight aagi heltidru INR 50,000 kodo Social welfare office nalli, illadre file close aagthade",Bad,1000
"Told me flat out at Labour department — pay INR 50,000 or get out of this office now",Bad,5000
"Gave INR 15,000 at Ration PDS office after section officer rejected my correct documents twice",Bad,1200
"Dabaav mein diya INR 500 Income tax office mein, desk officer bilkul nahi dara",Bad,1500
"File stuck at Revenue office for over a month, inspector gives a new excuse every visit",Bad,0
"Average experience at Labour department, desk officer processed my file eventually",Neutral,0
"supervisor ne seedha INR 50,000 magitla Education department madhye, nahi tar reject asa sangitla",Bad,50000
"Forced to pay INR 8,000 at Police station, duty officer had no fear of CCTV at all",Bad,2000
"Velai nadakkalai Labour department la, enna reason nu sollavillai duty officer 😤",Bad,0
"The head clerk at BESCOM used a middleman to collect INR 2,000 from me",Bad,18000
The duty officer at Employment exchange was okay — not rude but not helpful either,Neutral,1200
"Bilkul sahi kaam hua Education department mein, koi chakkar nahi, very happy",Good,0
"Naachaar ah INR 5,000 kuduthen Trade licence office la, veru vazhi illai",Bad,1200
"3 vaaram achu Trade licence office la, progress illai, suspicious ah irukku",Bad,0
The officer explained the whole procedure clearly without hinting at anything,Good,0
"Forced ga INR 30,000 teesukunnaru Labour department lo, complaint chestanu 😡",Bad,1500
"Health department la nalla anubhavam, desk officer paisa kettaangale illai ✅",Good,0
"Naanu RTO ge hogi satisfied aadhe, kaam bega aaytu paisa kela maadlilla",Good,0
"Okay experience at Employment exchange, duty officer was busy and barely acknowledged me",Neutral,0
"Kaam jaldi hua Fire NOC office mein, head clerk helpful tha aur honest bhi",Good,0
"Gave INR 6,000 because the waiting game at Drug control department was clearly never ending",Bad,2500
Employment exchange experience was average — senior officer did the job but nothing more,Neutral,1000
"Forced ah INR 4,000 vanginaanga BBMP la, complaint panren definitely 😡",Bad,1200
"Paid INR 20,000 and my file was immediately processed at Taluk office — obvious corruption",Bad,1000
"Straight aagi heltidru INR 2,500 kodo Labour department nalli, illadre file close aagthade",Bad,50000
"INR 10,000 dile naachaar hoton Health department la, kahi paryay navhata 😞",Bad,20000
"Forced ah INR 8,000 vanginaanga Labour department la, complaint panren definitely 😡",Bad,800
"Social welfare office head clerk straight ah pannichitaanga, extra paisa illai bilkul",Good,0
Had to visit Taluk office three times for something that should take one visit,Neutral,500
"Ration PDS office mein file kaafi dino se atak gayi, duty officer koi reason nahi bata raha",Bad,0
"INR 1,500 ichhaanu Police station lo, lekapote pani avvaadu ani telisindi",Bad,500
Fire NOC office duty officer deserves appreciation — zero corruption witnessed,Good,0
"staff member theek tha Social welfare office mein, na helpful na obstructive",Neutral,0
"Hint artham chesukoni INR 800 ichhanu Collectorate lo, pani ayyindi",Bad,500
"Okay experience at Employment exchange, staff member was busy and barely acknowledged me",Neutral,0
"Everything was transparent at Municipal office, duty officer did not delay my file at all",Good,0
officer ne Water board mein sab sahi se kiya bina ek rupaya liye,Good,0
"Bakwaas delay Education department nalli, yaaru explain maadalla — thakto aadhe",Bad,0
"officer ne Drug control department madhye neet explain kela, paisa nahi magitla",Good,0
"desk officer cash INR 1,000 thagolli anthu Water board nalli, bayam haakidru",Bad,50000
"section officer at Income tax office said bring INR 6,000 tomorrow or forget the entire application",Bad,25000
The head clerk at Panchayat office helped me fix the rejection reason and resubmit for free,Good,0
"Income tax office ke bahar dalal khade hain, inspector ne hi bheja lagta hai",Bad,0
"Ek rupaya nahi dena tha par INR 1,500 Police station mein dena pad gaya finally",Bad,40000
"Clean process at Revenue office, every single step was above board and transparent",Good,0
So-so outcome,Neutral,0
"INR 18,000 kuduthen Collectorate la, illati velai aagaathu nu therinjuchu",Bad,35000
"Ek rupaya nahi dena tha par INR 40,000 Collectorate mein dena pad gaya finally",Bad,28000
"The officer at Ration PDS office used a middleman to collect INR 6,000 from me",Bad,1200
"Forced payment INR 30,000 RTO madhye, duty officer la kaahi bhiti nahi 😡",Bad,1200
Revenue office is a black hole for applications — section officer doesn't even make eye contact,Bad,0
"Cash demand of INR 20,000 made openly at Ration PDS office in front of other people",Bad,35000
"section officer at Water board threatened to cancel my file unless I paid INR 6,000 immediately",Bad,1500
"Social welfare office madhye khup chan senior officer hota, paisa magitla nahi 🙏",Good,0
No bribe was asked at Collectorate but the delay did feel deliberate,Neutral,2500
"section officer okay ga unnaru Health department lo, helpful kaadu but",Neutral,0
"officer at Education department said bring INR 40,000 tomorrow or forget the entire application",Bad,28000
"BBMP nalli sakkath clean experience, head clerk honest aagidru",Good,0
"Forest department processed my application same day, not a single rupee demanded",Good,0
"INR 12,000 kuduthen Drug control department la, illati velai aagaathu nu therinjuchu",Bad,28000
"Honest officer at Land registration, I was ready to bribe but never needed to",Good,0
Rare honest officer mila Employment exchange mein — salute karta hoon 🫡,Good,0
Paid INR 500 and my file was immediately processed at GST office — obvious corruption,Bad,10000
"Kaam aaytu paisa kela maadlilla Panchayat office nalli, tumba khushi aadhe",Good,0
"staff member at Land registration said INR 1,200 is the processing charge — it is not official",Bad,1000
Forest department desk officer keeps saying come back tomorrow — classic delay tactic,Bad,0
"INR 20,000 extorted at Drug control department in the name of processing fees — shameless 😡",Bad,40000
The staff member at Revenue office handled everything without asking for a single rupee,Good,0
The duty officer at Taluk office pointed me to a broker outside — I understood the hint,Bad,0
"3 vaara aaytu Trade licence office nalli, file move aagilla, suspicious agi kanisuthu",Bad,0
Frustrated with Land registration — head clerk is clearly waiting but won't say for what,Bad,0
"Naa documents Labour department lo bega process ayyayi, inspector helpful ga unnaaru",Good,0
officer ne Income tax office mein sab sahi se kiya bina ek rupaya liye,Good,0
"Dhamki deta INR 5,000 ghetla Land registration madhye, chukeeche ahe",Bad,45000
"INR 20,000 dile swatahun Water board madhye, nahi tar pani jhaala nasata",Bad,12000
GST office staff didn't demand anything but their attitude was indifferent,Neutral,0
The desk officer at Labour department turned away my agent and helped me directly instead,Good,0
duty officer at Ration PDS office referred me to senior for a completely simple request — stalling,Bad,0
"GST office ke section officer ne honestly explain kiya sab kuch, impressed hua",Good,0
Genuinely impressed by how Collectorate duty officer handled my documents honestly,Good,0
"Work aaytu Police station nalli bega bega, officer tumba helpful aagidru",Good,0
"Kya karein, INR 3,000 de ke nipta liya GST office mein 😞",Bad,30000
"3 vaaram ayyindi Health department ki, progress ledu, suspicious ga undi",Bad,0
Delay maatrame,Bad,0
supervisor at RTO said technical issue every visit — same excuse for 2 months,Bad,0
"Naa documents Water board lo bega process ayyayi, desk officer helpful ga unnaaru",Good,0
Genuinely impressed by how Collectorate head clerk handled my documents honestly,Good,0
Zero corruption,Good,0
"clerk ne seedha kaha INR 8,000 lao Education department mein warna application cancel",Bad,50000
"staff member ne seedha kaha INR 5,000 lao Land registration mein warna application cancel",Bad,2000
"Forced payment INR 12,000 Building permit office madhye, staff member la kaahi bhiti nahi 😡",Bad,1200
"Cash demand ki officer ne Municipal office mein — INR 50,000 le liya bina receipt ke",Bad,500
"staff member seedha INR 3,000 kettikaattu Land registration la, illati reject pannuven nu sonnaar",Bad,45000
"Cash demand ki desk officer ne Collectorate mein — INR 1,000 le liya bina receipt ke",Bad,2000
The senior officer at Income tax office asked unnecessary repeated questions but finally processed,Neutral,0
Frustrating bahut,Bad,0
"duty officer at Taluk office said pay INR 1,000 or come back in six months",Bad,10000
"Naa documents Ration PDS office lo bega process ayyayi, staff member helpful ga unnaaru",Good,0
"Delay chaala jaasti Panchayat office lo, vere karanam undali anukunnaanu",Bad,0
Ek rupaya nahi dena tha par INR 800 Land registration mein dena pad gaya finally,Bad,10000
"INR 2,000 kuduthen Trade licence office la, illati velai aagaathu nu therinjuchu",Bad,15000
Taluk office staff didn't demand anything but their attitude was indifferent,Neutral,1200
"Mediocre service at Building permit office, senior officer was indifferent throughout",Neutral,0
"senior officer ek rupee kela maadlilla, rare honest person 🙏",Good,0
"Okay experience at Collectorate, duty officer was busy and barely acknowledged me",Neutral,0
"Hint artham chesukoni INR 6,000 ichhanu Building permit office lo, pani ayyindi",Bad,45000
"desk officer direct ga INR 6,000 adige Drug control department lo, lekapote reject antaadu",Bad,30000
"Maine khud INR 4,000 diye Police station mein kyunki kaam hone wala nahi tha",Bad,4000
The clerk at Municipal office pointed me to a broker outside — I understood the hint,Bad,0
supervisor at Drug control department kept giving hints about facilitation but never said directly,Bad,0
"desk officer ne seedha INR 20,000 magitla Fire NOC office madhye, nahi tar reject asa sangitla",Bad,12000
"Forced ga INR 1,000 teesukunnaru Land registration lo, complaint chestanu 😡",Bad,800
"Kya karein, INR 18,000 de ke nipta liya Trade licence office mein 😞",Bad,2500
"BBMP inspector straight ah pannichitaanga, extra paisa illai bilkul",Good,0
"Dabaav mein diya INR 1,500 Forest department mein, inspector bilkul nahi dara",Bad,500
The desk officer at Social welfare office handled everything without asking for a single rupee,Good,0
"head clerk ne seedha kaha INR 15,000 lao GST office mein warna application cancel",Bad,1200
"INR 30,000 ichhaanu Passport office lo, lekapote pani avvaadu ani telisindi",Bad,35000
Seedha bola Land registration mein INR 500 do ya ghar jao — itna bold tha inspector,Bad,2500
desk officer at Income tax office was bold enough to demand INR 800 with cameras watching,Bad,6000
"Paid INR 2,500 and work done in 10 minutes at Taluk office — that says everything",Bad,5000
"Directly cash kettaanganu Municipal office la, INR 20,000 kuduthen",Bad,28000
"Naachaar ah INR 500 kuduthen Social welfare office la, veru vazhi illai",Bad,45000
"INR 1,000 ki demand khullam khulla Revenue office mein, koi sharam nahi 😡",Bad,1500
"desk officer nodi nakkidhu Social welfare office nalli, yenu kela maadlilla — satisfied",Good,0
"head clerk screamed at me when I refused, then demanded INR 1,500 again loudly",Bad,40000
Paisa kodo illadidre docs lost aagthave anthu head clerk direct aagi heltidru Building permit office nalli,Bad,28000
"INR 10,000 swayamga ichhanu Social welfare office lo, system ila undi 😞",Bad,45000
"Directly cash kettaanganu BBMP la, INR 1,500 kuduthen",Bad,50000
"Straight aagi heltidru INR 50,000 kodo Passport office nalli, illadre file close aagthade",Bad,4000
"GST office mein file kaafi dino se atak gayi, clerk koi reason nahi bata raha",Bad,0
"INR 40,000 diye Health department mein apni marzi se, warna aur mahine nikal jaate",Bad,3000
"Gave INR 12,000 at Ration PDS office because I cannot keep taking leaves from work",Bad,1200
The staff member at Health department turned away my agent and helped me directly instead,Good,0
"Work aaytu Water board nalli bega bega, staff member tumba helpful aagidru",Good,0
officer barely looked at me at RTO — clearly waiting for cash,Bad,0
"clerk ne seedha kaha INR 50,000 lao Ration PDS office mein warna application cancel",Bad,25000
Pehli baar sarkari kaam bina bribe ke hua Building permit office mein,Good,0
"Delay khup ahe Land registration madhye, vaegla karan asav asa vatat",Bad,0
"Bribe of INR 25,000 demanded at Forest department openly in cash, no receipt was given",Bad,3000
"Honest section officer at Employment exchange, I was ready to bribe but never needed to",Good,0
"Seedha bola Passport office mein INR 5,000 do ya ghar jao — itna bold tha staff member",Bad,4000
"Seedha bola Social welfare office mein INR 25,000 do ya ghar jao — itna bold tha duty officer",Bad,20000
The inspector at Drug control department turned away my agent and helped me directly instead,Good,0
RTO senior officer said system is down for three weeks in a row — not buying it,Bad,0
"Clearly Land registration mein paisa expect kar rahe hain, hints bahut obvious hain",Bad,0
"Files cleared in two days at Taluk office, clerk was genuinely helpful",Good,0
"Paid INR 8,000 at BBMP under direct threat, will file RTI complaint now",Bad,1000
section officer at BESCOM threatened to cancel my file unless I paid INR 800 immediately,Bad,18000
"Naane kodthe INR 500 Forest department nalli, kela maadlilla andre file move aagilla",Bad,4000
"INR 1,000 extorted at Forest department in the name of processing fees — shameless 😡",Bad,12000
"Forced to pay INR 18,000 at Land registration, supervisor had no fear of CCTV at all",Bad,2500
The inspector at Revenue office pointed me to a broker outside — I understood the hint,Bad,0
senior officer ne Drug control department mein sab sahi se kiya bina ek rupaya liye,Good,0
"desk officer ne Passport office mein file rook ke rakhi jab tak INR 4,000 nahi diye",Bad,5000
The section officer at Labour department made excuses about missing signatures every visit,Bad,0
"head clerk at Taluk office was bold enough to demand INR 1,200 with cameras watching",Bad,1500
"duty officer ne Passport office madhye broker la door kela, swatah help kela — respect",Good,0
The desk officer at Panchayat office asked unnecessary repeated questions but finally processed,Neutral,0
"File kaadu Municipal office lo, duty officer kaaran cheppaleda — frustrated ayyanu 😤",Bad,0
staff member at Water board declined when I tried to offer extra money — respected that 🙏,Good,0
"Paid INR 25,000 at Water board under direct threat, will file RTI complaint now",Bad,4000
"desk officer at Income tax office threatened to cancel my file unless I paid INR 30,000 immediately",Bad,800
The officer at Employment exchange asked unnecessary repeated questions but finally processed,Neutral,0
Genuinely impressed by how Income tax office head clerk handled my documents honestly,Good,0
"The clerk at GST office demanded INR 3,000 openly with absolutely zero shame",Bad,500
staff member at Ration PDS office was polite but the process was slow and confusing,Neutral,0
section officer at Health department was polite but the process was slow and confusing,Neutral,0
Got a feeling at Municipal office that cash was needed but no one would say it,Bad,0
"File yellide gottagalla Labour department nalli, duty officer naale baa anthaare 😤",Bad,0
New objection every single visit at Passport office — this is deliberate harassment,Bad,0
"Gave INR 6,000 on my own at Trade licence office after months of completely deliberate delay",Bad,20000
"Was told to pay INR 2,000 at Income tax office or my application would be rejected",Bad,1500
"staff member naanu nodi nakkidru BBMP nalli, hint aagtha itha directly helbilla",Bad,0
"Everything was transparent at Drug control department, desk officer did not delay my file at all",Good,0
"Chakkar kaata raha hoon Municipal office ka, thak gaya yaar bilkul",Bad,0
"INR 3,000 demanded before stamp at Building permit office — this is not how it should work",Bad,8000
"Forced payment INR 8,000 BBMP madhye, desk officer la kaahi bhiti nahi 😡",Bad,800
"The section officer kept my file hostage until I paid INR 40,000 at Health department",Bad,6000
inspector at Employment exchange said bring all originals again — they already have them,Bad,0
"Cash demand of INR 15,000 made openly at Forest department in front of other people",Bad,50000
"Got my document from Education department without any agent or bribe, proud moment",Good,0
Labour department inspector said system is down for three weeks in a row — not buying it,Bad,0
"Dabaav mein diya INR 25,000 Taluk office mein, staff member bilkul nahi dara",Bad,5000
Genuinely impressed by how Collectorate desk officer handled my documents honestly,Good,0
"INR 4,000 diye Building permit office mein apni marzi se, warna aur mahine nikal jaate",Bad,1000
"duty officer ne Fire NOC office mein bina kuch liye kaam kar diya, yaar yeh rare hai",Good,0
Never saw my file move at Revenue office despite submitting everything correctly,Bad,0
"Building permit office duty officer did not delay even once, what a refreshing experience",Good,0
"desk officer at RTO said pay INR 40,000 or come back in six months",Bad,45000
"Sad but pay maade INR 4,000 Drug control department nalli, system heege ide 😞",Bad,45000
"Itna clean kaam hua Land registration mein, honestly shocked tha main",Good,0
"staff member ishara dila Land registration madhye, seedha nahi bolta — kalay mala",Bad,0
"INR 15,000 dile naachaar hoton Trade licence office la, kahi paryay navhata 😞",Bad,8000
"supervisor straight aagi maadidru, extra paisa expect maadlilla bilkul",Good,0
"head clerk at Education department pointed at the drawer — I placed INR 8,000 inside",Bad,1500
"inspector theek tha RTO mein, na helpful na obstructive",Neutral,0
"INR 25,000 dile naachaar hoton BESCOM la, kahi paryay navhata 😞",Bad,28000
"INR 1,200 demanded before stamp at Employment exchange — this is not how it should work",Bad,8000
"Naachaar ah INR 5,000 kuduthen RTO la, veru vazhi illai",Bad,500
"Paid INR 18,000 at Income tax office under force, filing a complaint with vigilance now",Bad,2500
"Forced ga INR 2,500 teesukunnaru RTO lo, complaint chestanu 😡",Bad,28000
Time eduthuchu,Neutral,800
"Forced payment INR 4,000 Income tax office madhye, duty officer la kaahi bhiti nahi 😡",Bad,500
clerk barely looked at me at Health department — clearly waiting for cash,Bad,0
"Dabaav mein diya INR 10,000 BBMP mein, duty officer bilkul nahi dara",Bad,2000
The supervisor at Police station helped me fix the rejection reason and resubmit for free,Good,0
Rare clean governance — Collectorate section officer did the work on time 🙏,Good,0
"Itna clean kaam hua Employment exchange mein, honestly shocked tha main",Good,0
"The section officer kept my file hostage until I paid INR 2,500 at Water board",Bad,45000
The officer at BESCOM was slow but at least no bribe was demanded,Neutral,1200
"Gave INR 1,500 at Collectorate after supervisor rejected my correct documents twice",Bad,1200
"Hint purinjuchu, INR 6,000 kuduthen Social welfare office la, velai seekirama achu",Bad,2500
"Naachaar ah INR 40,000 kuduthen Taluk office la, veru vazhi illai",Bad,3000
"supervisor at Fire NOC office threatened to cancel my file unless I paid INR 30,000 immediately",Bad,2000
"staff member okay ah irundhaaru Building permit office la, romba helpful illai but",Neutral,0
"Paid INR 1,000 and my file was immediately processed at Ration PDS office — obvious corruption",Bad,30000
"Education department mein file kaafi dino se atak gayi, officer koi reason nahi bata raha",Bad,0
"Forced ga INR 20,000 teesukunnaru Revenue office lo, complaint chestanu 😡",Bad,1000
section officer at Labour department said bring all originals again — they already have them,Bad,0
"Revenue office la romba nalla senior officer irundhaaru, paisa kettaangale illai 🙏",Good,0
Helpful tha,Good,0
"INR 20,000 ichhaanu Employment exchange lo, lekapote pani avvaadu ani telisindi",Bad,10000
"Police station nalli sakkath clean experience, supervisor honest aagidru",Good,0
"Cash demand of INR 50,000 made openly at Panchayat office in front of other people",Bad,800
"senior officer seedha INR 1,200 kettikaattu BESCOM la, illati reject pannuven nu sonnaar",Bad,40000
"Gave INR 20,000 at Collectorate after senior officer rejected my correct documents twice",Bad,12000
"INR 40,000 kela maadidru openly Employment exchange nalli, yenu lajja illa avrige",Bad,6000
"File yellide gottagalla Building permit office nalli, head clerk naale baa anthaare 😤",Bad,0
"inspector directly INR 30,000 kela maade RTO nalli, illadre reject anthu",Bad,40000
"officer ne seedha kaha INR 15,000 lao Police station mein warna application cancel",Bad,500
"Forced ga INR 4,000 teesukunnaru Revenue office lo, complaint chestanu 😡",Bad,1000
"duty officer hint kuduttaaru Employment exchange la, direct ah sollavillai — purinjuchu",Bad,0
"INR 12,000 ichhaanu Employment exchange lo, lekapote pani avvaadu ani telisindi",Bad,5000
The inspector at Land registration made excuses about missing signatures every visit,Bad,0
"INR 25,000 dile swatahun Health department madhye, nahi tar pani jhaala nasata",Bad,8000
"Broker illama velai achu Employment exchange la, duty officer honest ah irundhaaru",Good,0
"desk officer Ration PDS office mein baar baar kal aao bol raha hai, kaam nahi ho raha 😤",Bad,0
"section officer directly INR 6,000 kela maade Water board nalli, illadre reject anthu",Bad,800
"Pehilya visit la kaam zaala Labour department madhye, staff member decent hota",Good,0
Forest department head clerk keeps saying come back tomorrow — classic delay tactic,Bad,0
Municipal office is a black hole for applications — inspector doesn't even make eye contact,Bad,0
Broker kitta poi paaru nu staff member sonna maari irukku Building permit office la,Bad,0
"Water board mein clean experience, officer ne koi paisa nahi manga",Good,0
"INR 25,000 dile naachaar hoton Passport office la, kahi paryay navhata 😞",Bad,1000
"Forced ah INR 30,000 vanginaanga Municipal office la, complaint panren definitely 😡",Bad,15000
The desk officer kept my file hostage until I paid INR 500 at Labour department,Bad,500
"Mediocre service at Income tax office, inspector was indifferent throughout",Neutral,0
"Forced payment INR 500 Education department madhye, senior officer la kaahi bhiti nahi 😡",Bad,45000
"Bribe of INR 8,000 demanded at BESCOM openly in cash, no receipt was given",Bad,2000
"senior officer ne Panchayat office mein file rook ke rakhi jab tak INR 30,000 nahi diye",Bad,18000
"Maine khud INR 15,000 diye RTO mein kyunki kaam hone wala nahi tha",Bad,1200
"The desk officer at Employment exchange demanded INR 1,200 openly with absolutely zero shame",Bad,30000
"Hint purinjuchu, INR 30,000 kuduthen Passport office la, velai seekirama achu",Bad,30000
"Education department mein bahut achha inspector tha, koi bhi demand nahi ki bilkul",Good,0
The head clerk at Health department turned away my agent and helped me directly instead,Good,0
"BESCOM mein bahut achha head clerk tha, koi bhi demand nahi ki bilkul",Good,0
"Documents process panna seekirama achu Education department la, happy irukken",Good,0
"Gave INR 3,000 at Health department after inspector rejected my correct documents twice",Bad,12000
"Dabaav mein diya INR 10,000 Fire NOC office mein, head clerk bilkul nahi dara",Bad,12000
"head clerk screamed at me when I refused, then demanded INR 6,000 again loudly",Bad,1500
"Forced payment INR 1,000 Revenue office madhye, officer la kaahi bhiti nahi 😡",Bad,35000
officer at Water board was bold enough to demand INR 500 with cameras watching,Bad,2500
"Paid INR 2,500 at Labour department under direct threat, will file RTI complaint now",Bad,3000
"Hint purinjuchu, INR 6,000 kuduthen Trade licence office la, velai seekirama achu",Bad,1200
The head clerk at BESCOM handled everything without asking for a single rupee,Good,0
"Average experience at Police station, senior officer processed my file eventually",Neutral,0
"Municipal office ke staff member ne honestly explain kiya sab kuch, impressed hua",Good,0
"Forced payment INR 10,000 Municipal office madhye, duty officer la kaahi bhiti nahi 😡",Bad,1200
"inspector at Taluk office pointed at the drawer — I placed INR 1,000 inside",Bad,1200
"Paid INR 2,500 and finally left BESCOM — disgusted and angry about this whole thing",Bad,30000
"Education department officer tumba honest, ek rupee expect maadlilla",Good,0
"Paid INR 1,000 and work done in 10 minutes at Ration PDS office — that says everything",Bad,30000
supervisor at Water board declined when I tried to offer extra money — respected that 🙏,Good,0
"INR 18,000 dile naachaar hoton Forest department la, kahi paryay navhata 😞",Bad,500
My staff member at Water board was the first honest government officer I have met,Good,0
Forest department experience was average — duty officer did the job but nothing more,Neutral,3000
"Told me flat out at Forest department — pay INR 3,000 or get out of this office now",Bad,4000
"Shukriya Building permit office ke desk officer ko, ek rupaya bhi nahi manga",Good,0
"duty officer at Ration PDS office threatened to cancel my file unless I paid INR 18,000 immediately",Bad,800
Suspicious delays at Employment exchange — others work moves fast but mine doesn't,Bad,0
senior officer at Employment exchange declined when I tried to offer extra money — respected that 🙏,Good,0
staff member at GST office was bold enough to demand INR 800 with cameras watching,Bad,500
"Dhamki deta INR 800 ghetla RTO madhye, chukeeche ahe",Bad,1500
The senior officer at Revenue office pointed me to a broker outside — I understood the hint,Bad,0
"Bribe of INR 20,000 demanded at Income tax office openly in cash, no receipt was given",Bad,500
"Was told to pay INR 2,500 at Labour department or my application would be rejected",Bad,500
"Mediocre service at Panchayat office, duty officer was indifferent throughout",Neutral,2000
"Paid INR 2,500 at Labour department under force, filing a complaint with vigilance now",Bad,1000
Kaam ho gaya Fire NOC office mein lekin bahut unnecessary time laga,Neutral,0
supervisor at Employment exchange was polite but the process was slow and confusing,Neutral,800
"Dabaav mein diya INR 1,500 Panchayat office mein, clerk bilkul nahi dara",Bad,18000
"File halavli nahi Trade licence office madhye, officer kaaran nahi saangitla — frustrated",Bad,0
"Paid INR 1,500 and my file was immediately processed at BBMP — obvious corruption",Bad,1000
"Forced to pay INR 12,000 at Water board, officer had no fear of CCTV at all",Bad,8000
"inspector naanu nodi nakkidru Collectorate nalli, hint aagtha itha directly helbilla",Bad,0
"Social welfare office desk officer did not delay even once, what a refreshing experience",Good,0
Told me flat out at Ration PDS office — pay INR 800 or get out of this office now,Bad,800
"Har baar naya bahana Employment exchange mein — system slow, file yahaan nahi, sign baaki",Bad,0
Cash demand ki staff member ne GST office mein — INR 800 le liya bina receipt ke,Bad,10000
"duty officer cash INR 500 thagolli anthu Education department nalli, bayam haakidru",Bad,50000
"INR 20,000 diye RTO mein apni marzi se, warna aur mahine nikal jaate",Bad,4000
"Paid INR 20,000 at Education department under force, filing a complaint with vigilance now",Bad,28000
"Naane kodthe INR 30,000 Labour department nalli, kela maadlilla andre file move aagilla",Bad,45000
"Ration PDS office mein clean experience, staff member ne koi paisa nahi manga",Good,0
"Seedha bola Forest department mein INR 1,000 do ya ghar jao — itna bold tha staff member",Bad,1200
"Surprisingly smooth experience at Collectorate, officer was very professional",Good,0
"INR 2,000 kuduthen Police station la, illati velai aagaathu nu therinjuchu",Bad,3000
My file was at the bottom of the pile at GST office for no valid reason at all,Bad,0
Experience at BBMP was tolerable but could have been so much better,Neutral,0
"section officer screamed at me when I refused, then demanded INR 5,000 again loudly",Bad,5000
The clerk at Passport office was slow but at least no bribe was demanded,Neutral,0
"Forced payment INR 50,000 Health department madhye, duty officer la kaahi bhiti nahi 😡",Bad,35000
"The officer at Social welfare office demanded INR 3,000 openly with absolutely zero shame",Bad,1500
"3 sartha bandidine Building permit office ge, yenu progress illa at all 😡",Bad,0
The officer at Land registration guided me through every step without expecting anything,Good,0
"Paid INR 6,000 and my file was immediately processed at Passport office — obvious corruption",Bad,6000
"Clearly Labour department mein paisa expect kar rahe hain, hints bahut obvious hain",Bad,0
"Gave INR 18,000 because the waiting game at Ration PDS office was clearly never ending",Bad,3000
No bribe was asked at Municipal office but the delay did feel deliberate,Neutral,2000
"Dhamki deke INR 40,000 le liya Panchayat office mein, yeh sahi nahi hai 😡",Bad,500
"Bribe of INR 800 demanded at Education department openly in cash, no receipt was given",Bad,800
"Directly cash kettaanganu BBMP la, INR 1,000 kuduthen",Bad,28000
"Forced ga INR 1,500 teesukunnaru Fire NOC office lo, complaint chestanu 😡",Bad,800
"Told me flat out at Drug control department — pay INR 18,000 or get out of this office now",Bad,1200
"Visited BBMP four times, file hasn't moved, no reason ever given",Bad,0
"inspector ne Health department madhye broker la door kela, swatah help kela — respect",Good,0
senior officer at Labour department said bring all originals again — they already have them,Bad,0
The clerk at Social welfare office turned away my agent and helped me directly instead,Good,0
head clerk ne Forest department mein sab sahi se kiya bina ek rupaya liye,Good,0
"section officer seedha INR 15,000 kettikaattu Fire NOC office la, illati reject pannuven nu sonnaar",Bad,45000
"INR 2,000 dile swatahun Taluk office madhye, nahi tar pani jhaala nasata",Bad,8000
"desk officer ne seedha kaha INR 8,000 lao Municipal office mein warna application cancel",Bad,800
"clerk okay ah irundhaaru Revenue office la, romba helpful illai but",Neutral,0
"Dabaav mein diya INR 50,000 Employment exchange mein, inspector bilkul nahi dara",Bad,35000
"Demanded INR 3,000 at Taluk office before even looking at my documents",Bad,1500
desk officer ne Income tax office mein sab sahi se kiya bina ek rupaya liye,Good,0
"section officer at Taluk office said pay INR 5,000 or come back in six months",Bad,5000
Passport office officer deserves appreciation — zero corruption witnessed,Good,0
"Social welfare office staff member straight ah pannichitaanga, extra paisa illai bilkul",Good,0
"Fire NOC office nalli sakkath clean experience, clerk honest aagidru",Good,0
"Ek rupaya nahi dena tha par INR 15,000 Income tax office mein dena pad gaya finally",Bad,4000
"INR 1,000 swayamaa kuduthen Panchayat office la, system ippadi taan irukku 😞",Bad,35000
"staff member at Passport office said bring INR 4,000 tomorrow or forget the entire application",Bad,3000
"Kaam jaldi hua RTO mein, duty officer helpful tha aur honest bhi",Good,0
Officer at Drug control department was prompt and processed my request without hesitation,Good,0
"Paid INR 30,000 and finally left Education department — disgusted and angry about this whole thing",Bad,3000
"Had no option but to pay INR 40,000 at Health department — supervisor made that very clear",Bad,2500
"Mediocre service at Labour department, senior officer was indifferent throughout",Neutral,0
senior officer at Income tax office was polite but the process was slow and confusing,Neutral,0
The inspector processed my application but seemed completely least interested,Neutral,0
"Gave INR 20,000 at GST office after staff member rejected my correct documents twice",Bad,20000
Not great,Neutral,0
The head clerk at Fire NOC office was slow but at least no bribe was demanded,Neutral,800
The duty officer at Panchayat office made excuses about missing signatures every visit,Bad,0
"Taluk office nalli documents bega process aadvu, head clerk cooperative aagidru",Good,0
"Dhamki deke INR 500 le liya Social welfare office mein, yeh sahi nahi hai 😡",Bad,1200
"Khullam khulla INR 25,000 manga Drug control department mein, koi dar nahi tha clerk ko",Bad,2500
"Got my document from Building permit office without any agent or bribe, proud moment",Good,0
"staff member seedha INR 30,000 kettikaattu Trade licence office la, illati reject pannuven nu sonnaar",Bad,500
officer ne seedha kaha INR 500 lao Drug control department mein warna application cancel,Bad,500
"clerk screamed at me when I refused, then demanded INR 18,000 again loudly",Bad,4000
"Bilkul sahi kaam hua Collectorate mein, koi chakkar nahi, very happy",Good,0
The desk officer at Social welfare office asked unnecessary repeated questions but finally processed,Neutral,0
Visited Collectorate — officer was honest and work was done quickly,Good,0
"File stuck at BESCOM for over a month, head clerk gives a new excuse every visit",Bad,0
The officer at Health department asked unnecessary repeated questions but finally processed,Neutral,2500
"Told me flat out at Social welfare office — pay INR 6,000 or get out of this office now",Bad,2500
"Khullam khulla INR 1,500 manga Trade licence office mein, koi dar nahi tha supervisor ko",Bad,40000
Office ke supervisor ne bola koi senior se baat karo Ration PDS office mein — stalling hai,Bad,0
First time I left a government office feeling good — Drug control department impressed me,Good,0
desk officer ne seedha kaha INR 500 lao BESCOM mein warna application cancel,Bad,1200
"RTO staff was fully transparent, no middleman required at all",Good,0
"supervisor ne BESCOM madhye broker la door kela, swatah help kela — respect",Good,0
"Hint nodi naane pay maade INR 800 BESCOM ge, baere option irliilla",Bad,1200
Felt intimidated at Ration PDS office every time I asked for my application status,Bad,0
Clearly expecting something at Building permit office but not saying it directly 😤,Bad,0
section officer at Forest department declined when I tried to offer extra money — respected that 🙏,Good,0
"duty officer at Municipal office pointed at the drawer — I placed INR 2,500 inside",Bad,18000
section officer at Land registration pointed at the drawer — I placed INR 500 inside,Bad,20000
The section officer at Water board guided me through every step without expecting anything,Good,0
"Pehilya visit la kaam zaala Labour department madhye, inspector decent hota",Good,0
"What else could I do — paid INR 3,000 at Ration PDS office and tried to move on 😞",Bad,45000
Office ke desk officer ne bola koi senior se baat karo Ration PDS office mein — stalling hai,Bad,0
"Forced payment INR 25,000 Social welfare office madhye, inspector la kaahi bhiti nahi 😡",Bad,3000
"Directly cash kettaanganu Employment exchange la, INR 2,500 kuduthen",Bad,10000
"staff member cash INR 10,000 thagolli anthu BESCOM nalli, bayam haakidru",Bad,8000
"Surprisingly smooth experience at Education department, duty officer was very professional",Good,0
"INR 15,000 ki demand khullam khulla Fire NOC office mein, koi sharam nahi 😡",Bad,1500
"Broker illama velai achu Employment exchange la, senior officer honest ah irundhaaru",Good,0
"INR 12,000 kuduthen RTO la, illati velai aagaathu nu therinjuchu",Bad,800
"INR 18,000 voluntarily kotte Employment exchange nalli, ashtu kashta padrodu beda anthu 😞",Bad,35000
"3 mahine ho gaye Trade licence office mein, application ka koi pata nahi",Bad,0
"File halavli nahi Panchayat office madhye, clerk kaaran nahi saangitla — frustrated",Bad,0
"Straight aagi heltidru INR 1,000 kodo Income tax office nalli, illadre file close aagthade",Bad,6000
"Khullam khulla INR 6,000 manga BESCOM mein, koi dar nahi tha officer ko",Bad,1500
"Bribe of INR 25,000 demanded at BBMP openly in cash, no receipt was given",Bad,1500
"Paid INR 1,200 at Health department voluntarily because nothing was going to move otherwise",Bad,2500
"staff member at Labour department pointed at the drawer — I placed INR 15,000 inside",Bad,6000
"Average experience Revenue office nalli, kaam aaythu paisa kela maadlilla",Neutral,0
"Demanded INR 25,000 at Ration PDS office before even looking at my documents",Bad,50000
"Kaam jaldi hua RTO mein, head clerk helpful tha aur honest bhi",Good,0
"Health department mein bahut achha officer tha, koi bhi demand nahi ki bilkul",Good,0
"clerk cash INR 50,000 thagolli anthu BBMP nalli, bayam haakidru",Bad,3000
"Cash demand of INR 1,200 made openly at BESCOM in front of other people",Bad,8000
"3 murai vanthen Municipal office la, appuram taan velai achu finally",Neutral,0
"head clerk at Building permit office said INR 12,000 is the processing charge — it is not official",Bad,1200
"Hint purinjuchu, INR 1,200 kuduthen Taluk office la, velai seekirama achu",Bad,8000
"duty officer cash INR 2,500 thagolli anthu BESCOM nalli, bayam haakidru",Bad,50000
"inspector hint ichhaaru RTO lo, direct ga cheppaledu — artham ayyindi",Bad,0
"head clerk okay ah irundhaaru Revenue office la, romba helpful illai but",Neutral,0
"desk officer cash INR 18,000 thagolli anthu Fire NOC office nalli, bayam haakidru",Bad,18000
"Dila INR 20,000 Trade licence office madhye khud, section officer ne ishaara kela hota",Bad,25000
"inspector nodi sumnirthare Education department nalli, kela maadidre naale baa anthaare",Bad,0
"staff member okay aagidru GST office nalli, aadre helpful alla bilkul",Neutral,800
"senior officer straight aagi maadidru, extra paisa expect maadlilla bilkul",Good,0
"INR 1,000 demanded before stamp at Health department — this is not how it should work",Bad,2000
"staff member direct ga INR 2,000 adige Forest department lo, lekapote reject antaadu",Bad,50000
"Social welfare office desk officer broker ni door chesaaru, swayamga help chesaaru 🙏",Good,0
"desk officer directly INR 25,000 kela maade Labour department nalli, illadre reject anthu",Bad,18000
"INR 25,000 kela maadidru openly Employment exchange nalli, yenu lajja illa avrige",Bad,2500
Got my documents processed at Education department with no bribe and no drama,Good,0
"Gave INR 25,000 at Ration PDS office after senior officer rejected my correct documents twice",Bad,5000
"desk officer hint kuduttaaru Income tax office la, direct ah sollavillai — purinjuchu",Bad,0
"inspector direct ga INR 2,500 adige Drug control department lo, lekapote reject antaadu",Bad,4000
"staff member ne Labour department madhye neet explain kela, paisa nahi magitla",Good,0
"senior officer okay aagidru Police station nalli, aadre helpful alla bilkul",Neutral,0
"duty officer at Collectorate pointed at the drawer — I placed INR 25,000 inside",Bad,2000
"inspector ne seedha INR 15,000 magitla Building permit office madhye, nahi tar reject asa sangitla",Bad,5000
"head clerk screamed at me when I refused, then demanded INR 5,000 again loudly",Bad,30000
The inspector at RTO used a middleman to collect INR 800 from me,Bad,25000
"Had no option but to pay INR 25,000 at Ration PDS office — officer made that very clear",Bad,1200
"clerk at Police station was bold enough to demand INR 15,000 with cameras watching",Bad,4000
"section officer at Taluk office said INR 2,000 is the processing charge — it is not official",Bad,1500
"Dabaav mein diya INR 40,000 BESCOM mein, desk officer bilkul nahi dara",Bad,500
"Hint artham chesukoni INR 5,000 ichhanu Drug control department lo, pani ayyindi",Bad,3000
"Forced payment INR 6,000 Revenue office madhye, section officer la kaahi bhiti nahi 😡",Bad,4000
"Bega aaytu Ration PDS office nalli, yenu hassle illa, senior officer decent aagidru",Good,0
The staff member at Building permit office used a middleman to collect INR 800 from me,Bad,2000
"INR 1,000 diye Employment exchange mein apni marzi se, warna aur mahine nikal jaate",Bad,1000
"The staff member was punctual, polite, and handled my case without any drama",Good,0
The head clerk at Taluk office made excuses about missing signatures every visit,Bad,0
"Fire NOC office head clerk did not delay even once, what a refreshing experience",Good,0
"Social welfare office mein bahut achha senior officer tha, koi bhi demand nahi ki bilkul",Good,0
"Education department duty officer straight ah pannichitaanga, extra paisa illai bilkul",Good,0
clerk at BBMP went completely silent when I asked about my file status,Bad,0
"duty officer theek hota Fire NOC office madhye, na helpful na obstructive",Neutral,0
"staff member hint kuduttaaru Employment exchange la, direct ah sollavillai — purinjuchu",Bad,0
Paisa kodo illadidre docs lost aagthave anthu desk officer direct aagi heltidru Water board nalli,Bad,6000
"Kaam jaldi hua Municipal office mein, senior officer helpful tha aur honest bhi",Good,0
"Education department lo chaala mandi inspector, paniki vachaaru, paisa adagaledu 🙏",Good,0
The clerk at Municipal office was okay — not rude but not helpful either,Neutral,0
"Paid INR 20,000 at Social welfare office voluntarily because nothing was going to move otherwise",Bad,800
"Told me flat out at Water board — pay INR 1,500 or get out of this office now",Bad,12000
officer barely looked at me at Panchayat office — clearly waiting for cash,Bad,0
"staff member at Water board said pay INR 5,000 or come back in six months",Bad,40000
"Khullam khulla INR 5,000 manga Municipal office mein, koi dar nahi tha officer ko",Bad,20000
The clerk at Water board was approachable and finished my work without any hint,Good,0
"Demanded INR 40,000 at GST office before even looking at my documents",Bad,12000
"Hint purinjuchu, INR 6,000 kuduthen Health department la, velai seekirama achu",Bad,800
Got what I came for at Collectorate but with minimum effort from their side,Neutral,0
"Delay romba jaasthi Revenue office la, vaeru kaaran irukku nu feel aaguthu",Bad,0
"Roju raa roju raa antunnaaru RTO lo, pani kaadu really",Bad,0
"GST office nalli documents bega process aadvu, desk officer cooperative aagidru",Good,0
"Pehilya visit la kaam zaala Fire NOC office madhye, section officer decent hota",Good,0
"desk officer ne seedha kaha INR 4,000 lao GST office mein warna application cancel",Bad,2000
"Work aaytu Police station nalli bega bega, senior officer tumba helpful aagidru",Good,0
"desk officer busy tha Drug control department mein, dhyan nahi diya, fir bhi kaam nikla",Neutral,0
"Paid INR 2,500 and my file was immediately processed at BESCOM — obvious corruption",Bad,500
"Cash demand of INR 15,000 made openly at GST office in front of other people",Bad,3000
"Social welfare office head clerk did not delay even once, what a refreshing experience",Good,0
"The clerk kept my file hostage until I paid INR 1,200 at Employment exchange",Bad,3000
"staff member ne Land registration mein file rook ke rakhi jab tak INR 30,000 nahi diye",Bad,1200
Honest aagidru,Good,0
"Cash demand of INR 5,000 made openly at Taluk office in front of other people",Bad,4000
The inspector at Municipal office guided me through every step without expecting anything,Good,0
"INR 1,200 kela maadidru openly Drug control department nalli, yenu lajja illa avrige",Bad,20000
"supervisor theek hota Fire NOC office madhye, na helpful na obstructive",Neutral,0
"Paid INR 2,500 at Fire NOC office under force, filing a complaint with vigilance now",Bad,1000
"Sad but pay maade INR 2,500 RTO nalli, system heege ide 😞",Bad,3000
"Gave INR 50,000 at Employment exchange because I cannot keep taking leaves from work",Bad,7000
"Social welfare office la nalla anubhavam, senior officer paisa kettaangale illai ✅",Good,0
"senior officer at Revenue office pointed at the drawer — I placed INR 15,000 inside",Bad,40000
"duty officer ne Land registration madhye broker la door kela, swatah help kela — respect",Good,0
"Gave INR 15,000 on my own at Trade licence office after months of completely deliberate delay",Bad,12000
"Average anubhav GST office madhye, kahi vishesh nahi honestly",Neutral,0
"Dila INR 40,000 Ration PDS office madhye khud, senior officer ne ishaara kela hota",Bad,5000
"Work aaytu Taluk office nalli bega bega, inspector tumba helpful aagidru",Good,0
"BBMP la velai achu aana romba time eduthuchu, kaaran sollala head clerk",Neutral,0
Got the work done at Trade licence office only after escalating to the senior officer,Neutral,1000
The inspector at Water board was slow but at least no bribe was demanded,Neutral,0
"Dabaav mein diya INR 6,000 Forest department mein, desk officer bilkul nahi dara",Bad,2500
"Average experience at Building permit office, desk officer processed my file eventually",Neutral,0
"Sad but pay maade INR 1,000 Social welfare office nalli, system heege ide 😞",Bad,6000
"INR 2,000 diye Income tax office mein apni marzi se, warna aur mahine nikal jaate",Bad,800
My section officer at Employment exchange was the first honest government officer I have met,Good,0
"supervisor Health department mein seedha nahi bolta, aankh maarta hai — hint lagta hai",Bad,0
"Yenu kela maadlilla Employment exchange nalli, aadre attitude sari irliilla",Neutral,0
The senior officer at Trade licence office was slow but at least no bribe was demanded,Neutral,1000
Seedha nahi bola Forest department mein lekin feel hua officer kuch expect kar raha tha,Bad,0
"Dhamki deta INR 5,000 ghetla Passport office madhye, chukeeche ahe",Bad,20000
"Forced ah INR 18,000 vanginaanga BESCOM la, complaint panren definitely 😡",Bad,500
"INR 50,000 demanded before stamp at Forest department — this is not how it should work",Bad,28000
"supervisor okay aagidru GST office nalli, aadre helpful alla bilkul",Neutral,1500
"INR 10,000 kela maadidru openly Revenue office nalli, yenu lajja illa avrige",Bad,25000
"section officer ne Labour department madhye neet explain kela, paisa nahi magitla",Good,0
"Files cleared in two days at Revenue office, section officer was genuinely helpful",Good,0
"Gave INR 18,000 at Taluk office after supervisor rejected my correct documents twice",Bad,3000
The head clerk at Employment exchange asked unnecessary repeated questions but finally processed,Neutral,0
"Forced to pay INR 3,000 at RTO, head clerk had no fear of CCTV at all",Bad,28000
"desk officer Health department mein seedha nahi bolta, aankh maarta hai — hint lagta hai",Bad,0
"What else could I do — paid INR 5,000 at Health department and tried to move on 😞",Bad,2000
My file was at the bottom of the pile at Fire NOC office for no valid reason at all,Bad,0
"clerk ne seedha kaha INR 1,500 lao Forest department mein warna application cancel",Bad,5000
"Forced ga INR 10,000 teesukunnaru Panchayat office lo, complaint chestanu 😡",Bad,5000
"Forced ga INR 20,000 teesukunnaru RTO lo, complaint chestanu 😡",Bad,10000
"The inspector was punctual, polite, and handled my case without any drama",Good,0
The senior officer at Taluk office pointed me to a broker outside — I understood the hint,Bad,0
"Cash demand of INR 2,000 made openly at Ration PDS office in front of other people",Bad,10000
"INR 2,000 voluntarily kotte Trade licence office nalli, ashtu kashta padrodu beda anthu 😞",Bad,800
"Naa documents Labour department lo bega process ayyayi, officer helpful ga unnaaru",Good,0
"Forced ga INR 2,000 teesukunnaru Education department lo, complaint chestanu 😡",Bad,20000
"head clerk seedha INR 25,000 kettikaattu Taluk office la, illati reject pannuven nu sonnaar",Bad,3000
senior officer at Ration PDS office referred me to senior for a completely simple request — stalling,Bad,0
"clerk at Taluk office said bring INR 50,000 tomorrow or forget the entire application",Bad,30000
"Average service at RTO, officer was neither corrupt nor efficient",Neutral,2500
The duty officer at Employment exchange turned away my agent and helped me directly instead,Good,0
"Kotte INR 800 Health department nalli, illadidre naann kaaj aage irthirlilla",Bad,18000
"Cash demand of INR 10,000 made openly at Social welfare office in front of other people",Bad,500
"Documents jaldi process hue Ration PDS office mein, bahut khush hoon",Good,0
Demanded INR 500 at Trade licence office before even looking at my documents,Bad,28000
Broker kitta poi paaru nu inspector sonna maari irukku Drug control department la,Bad,0
"clerk direct ga INR 20,000 adige Drug control department lo, lekapote reject antaadu",Bad,500
"supervisor at Police station threatened to cancel my file unless I paid INR 15,000 immediately",Bad,800
"INR 1,500 dile naachaar hoton Forest department la, kahi paryay navhata 😞",Bad,1000
"Paid INR 25,000 and work done in 10 minutes at Ration PDS office — that says everything",Bad,8000
"Bribe of INR 1,500 demanded at BESCOM openly in cash, no receipt was given",Bad,1500
"staff member at Revenue office said INR 30,000 is the processing charge — it is not official",Bad,35000
Frustrated with Trade licence office — officer is clearly waiting but won't say for what,Bad,0
"INR 3,000 kuduthen Health department la, illati velai aagaathu nu therinjuchu",Bad,18000
"Average service at Municipal office, head clerk was neither corrupt nor efficient",Neutral,0
Trade licence office ke supervisor ne broker ko bhaga diya aur khud help ki — respect 🙏,Good,0
"Dabaav mein diya INR 18,000 Health department mein, inspector bilkul nahi dara",Bad,30000
"Paid INR 1,000 at GST office voluntarily because nothing was going to move otherwise",Bad,500
"Was told to pay INR 30,000 at Trade licence office or my application would be rejected",Bad,1000
Rare honest head clerk mila Income tax office mein — salute karta hoon 🫡,Good,0
The staff member at Collectorate made excuses about missing signatures every visit,Bad,0
"Gave INR 8,000 at Water board because I cannot keep taking leaves from work",Bad,40000
"staff member at Health department pointed at the drawer — I placed INR 12,000 inside",Bad,1000
"Hint nodi naane pay maade INR 3,000 Police station ge, baere option irliilla",Bad,2500
"Paid INR 5,000 at Municipal office under direct threat, will file RTI complaint now",Bad,3000
Suspicious delays at Building permit office — others work moves fast but mine doesn't,Bad,0
The section officer at Land registration guided me through every step without expecting anything,Good,0
"clerk cash INR 3,000 thagolli anthu Health department nalli, bayam haakidru",Bad,10000
The inspector at Revenue office helped me fix the rejection reason and resubmit for free,Good,0
"duty officer nodi nakkidhu Revenue office nalli, yenu kela maadlilla — satisfied",Good,0
"Police station staff member did not delay even once, what a refreshing experience",Good,0
The officer at Social welfare office was approachable and finished my work without any hint,Good,0
desk officer at Ration PDS office said bring all originals again — they already have them,Bad,0
Office ke head clerk ne bola koi senior se baat karo Labour department mein — stalling hai,Bad,0
"INR 15,000 swayamaa kuduthen Building permit office la, system ippadi taan irukku 😞",Bad,2500
The clerk at Taluk office helped me fix the rejection reason and resubmit for free,Good,0
Work got done at Revenue office eventually but took way longer than needed,Neutral,0
The supervisor at Social welfare office asked unnecessary repeated questions but finally processed,Neutral,1000
The section officer at BBMP helped me fix the rejection reason and resubmit for free,Good,0
"INR 2,500 dile swatahun BESCOM madhye, nahi tar pani jhaala nasata",Bad,500
Employment exchange ke section officer ne broker ko bhaga diya aur khud help ki — respect 🙏,Good,0
"Cash demand ki senior officer ne BESCOM mein — INR 20,000 le liya bina receipt ke",Bad,8000
The head clerk at Building permit office handled my case after I followed up five times,Neutral,0
"Land registration mein bahut achha clerk tha, koi bhi demand nahi ki bilkul",Good,0
The officer at Ration PDS office handled my case after I followed up five times,Neutral,1200
"section officer theek hota Police station madhye, na helpful na obstructive",Neutral,2000
"Naale vaa naale vaa sonnaaanga Income tax office la, velai aagalai",Bad,0
"Gave INR 18,000 at Taluk office after desk officer rejected my correct documents twice",Bad,800
"officer ek rupee kela maadlilla, rare honest person 🙏",Good,0
"Bilkul sahi kaam hua Panchayat office mein, koi chakkar nahi, very happy",Good,0
"head clerk seedha INR 2,500 kettikaattu Municipal office la, illati reject pannuven nu sonnaar",Bad,30000
"Labour department nalli documents bega process aadvu, officer cooperative aagidru",Good,0
"Had no option but to pay INR 1,200 at Income tax office — inspector made that very clear",Bad,35000
"Khullam khulla INR 1,000 manga Panchayat office mein, koi dar nahi tha senior officer ko",Bad,45000
"Kotte INR 15,000 Ration PDS office nalli, illadidre naann kaaj aage irthirlilla",Bad,500
"supervisor cash INR 1,200 thagolli anthu Municipal office nalli, bayam haakidru",Bad,7000
"desk officer seedha INR 2,000 kettikaattu Ration PDS office la, illati reject pannuven nu sonnaar",Bad,1000
"Nayi nayi problem nikaal rahe hain Fire NOC office mein, sab bahana hai 😡",Bad,0
The supervisor at BESCOM made excuses about missing signatures every visit,Bad,0
inspector at Education department said technical issue every visit — same excuse for 2 months,Bad,0
"Dabaav mein diya INR 2,000 Building permit office mein, desk officer bilkul nahi dara",Bad,500
"File stuck at BBMP for over a month, clerk gives a new excuse every visit",Bad,0
senior officer at Health department was polite but the process was slow and confusing,Neutral,0
"INR 6,000 voluntarily kotte Municipal office nalli, ashtu kashta padrodu beda anthu 😞",Bad,30000
"Panchayat office: proper receipts, proper process, no cash demands whatsoever",Good,0
"Dila INR 800 BESCOM madhye khud, duty officer ne ishaara kela hota",Bad,1000
"INR 15,000 kela maadidru openly Drug control department nalli, yenu lajja illa avrige",Bad,2500
"desk officer theek tha Trade licence office mein, na helpful na obstructive",Neutral,0
"File stuck at RTO for over a month, section officer gives a new excuse every visit",Bad,0
First time sarkari office la ipadi nalla experience Ration PDS office la — thanks,Good,0
"Dhamki deta INR 800 ghetla Building permit office madhye, chukeeche ahe",Bad,8000
"File kaadu Municipal office lo, officer kaaran cheppaleda — frustrated ayyanu 😤",Bad,0
desk officer at RTO declined when I tried to offer extra money — respected that 🙏,Good,0
"desk officer okay ga unnaru Forest department lo, helpful kaadu but",Neutral,0
"Forced ah INR 1,000 vanginaanga Labour department la, complaint panren definitely 😡",Bad,2000
"supervisor at Employment exchange said pay INR 1,000 or come back in six months",Bad,2500
"staff member seedha INR 5,000 kettikaattu Drug control department la, illati reject pannuven nu sonnaar",Bad,2500
"Paid INR 50,000 at Health department under force, filing a complaint with vigilance now",Bad,7000
"Kotte INR 40,000 Water board nalli, illadidre naann kaaj aage irthirlilla",Bad,2000
"Straight aagi heltidru INR 4,000 kodo Forest department nalli, illadre file close aagthade",Bad,2000
"Cash demand of INR 5,000 made openly at Fire NOC office in front of other people",Bad,4000
"The staff member kept my file hostage until I paid INR 1,500 at RTO",Bad,4000
"desk officer at Building permit office said bring INR 10,000 tomorrow or forget the entire application",Bad,30000
"Work aaytu Land registration nalli bega bega, head clerk tumba helpful aagidru",Good,0
"Ration PDS office supervisor broker ni door chesaaru, swayamga help chesaaru 🙏",Good,0
The duty officer at Fire NOC office was slow but at least no bribe was demanded,Neutral,0
"Fire NOC office officer did not delay even once, what a refreshing experience",Good,0
"clerk at Income tax office threatened to cancel my file unless I paid INR 5,000 immediately",Bad,35000
Genuinely impressed by how Labour department section officer handled my documents honestly,Good,0
The section officer at Water board was slow but at least no bribe was demanded,Neutral,3000
staff member at Police station kept giving hints about facilitation but never said directly,Bad,0
Rare honest supervisor mila Fire NOC office mein — salute karta hoon 🫡,Good,0
"Paid INR 25,000 and my file was immediately processed at Forest department — obvious corruption",Bad,25000
"senior officer seedha INR 6,000 kettikaattu Drug control department la, illati reject pannuven nu sonnaar",Bad,500
"Naale baa anthaare Health department nalli, but kaam aaythu eventually",Neutral,0
duty officer at Taluk office said bring all originals again — they already have them,Bad,0
Genuinely impressed by how Income tax office section officer handled my documents honestly,Good,0
"Average service at Employment exchange, senior officer was neither corrupt nor efficient",Neutral,500
"Honest supervisor at Social welfare office, I was ready to bribe but never needed to",Good,0
"Naachaar ah INR 6,000 kuduthen Fire NOC office la, veru vazhi illai",Bad,1500
"Panchayat office mein clean experience, desk officer ne koi paisa nahi manga",Good,0
Genuinely impressed by how Ration PDS office duty officer handled my documents honestly,Good,0
"INR 5,000 ichhaanu BBMP lo, lekapote pani avvaadu ani telisindi",Bad,8000
"Forced ah INR 3,000 vanginaanga Land registration la, complaint panren definitely 😡",Bad,3000
"head clerk at Revenue office threatened to cancel my file unless I paid INR 5,000 immediately",Bad,50000
"Dhamki deke INR 15,000 le liya Income tax office mein, yeh sahi nahi hai 😡",Bad,800
"Forced ga INR 40,000 teesukunnaru Municipal office lo, complaint chestanu 😡",Bad,30000
"Paid INR 18,000 at Health department voluntarily because nothing was going to move otherwise",Bad,1500
"Baar baar ya uthya ya section officer bol raha Building permit office madhye, thaklo ahe 😤",Bad,0
"Cash demand ki senior officer ne Police station mein — INR 40,000 le liya bina receipt ke",Bad,45000
The head clerk said submit documents and come in 2 days — and it was actually done,Good,0
"Forced ah INR 500 vanginaanga Labour department la, complaint panren definitely 😡",Bad,28000
"Health department madhye swachh anubhav, koi extra demand nahi bilkul",Good,0
"Everything was transparent at Building permit office, clerk did not delay my file at all",Good,0
"Was told to pay INR 1,200 at BBMP or my application would be rejected",Bad,10000
The head clerk at Water board handled my case after I followed up five times,Neutral,2500
"Seedha bola GST office mein INR 25,000 do ya ghar jao — itna bold tha senior officer",Bad,20000
"Health department la nalla anubhavam, section officer paisa kettaangale illai ✅",Good,0
INR 500 extorted at Police station in the name of processing fees — shameless 😡,Bad,3000
"desk officer direct ga INR 12,000 adige Police station lo, lekapote reject antaadu",Bad,50000
Employment exchange inspector deserves appreciation — zero corruption witnessed,Good,0
"Bold aagi cash demand maadidru BESCOM nalli, camera irthittu kuda",Bad,2000
"Trade licence office mein clean experience, supervisor ne koi paisa nahi manga",Good,0
"Mediocre service at RTO, inspector was indifferent throughout",Neutral,0
"Gave INR 6,000 at Drug control department because I cannot keep taking leaves from work",Bad,3000
"Kotte INR 5,000 Revenue office nalli, illadidre naann kaaj aage irthirlilla",Bad,5000
Genuinely impressed by how RTO inspector handled my documents honestly,Good,0
"Building permit office la velai achu aana romba time eduthuchu, kaaran sollala clerk",Neutral,2500
"Average experience at Land registration, supervisor processed my file eventually",Neutral,0
"clerk ne Income tax office mein file rook ke rakhi jab tak INR 4,000 nahi diye",Bad,2500
"Dhamki deke INR 1,200 le liya Building permit office mein, yeh sahi nahi hai 😡",Bad,18000
"Directly cash kettaanganu Passport office la, INR 2,000 kuduthen",Bad,1500
head clerk ne Drug control department mein sab sahi se kiya bina ek rupaya liye,Good,0
head clerk at Ration PDS office was polite but the process was slow and confusing,Neutral,0
"Cash demand ki supervisor ne Employment exchange mein — INR 25,000 le liya bina receipt ke",Bad,20000
"The staff member at Drug control department demanded INR 4,000 openly with absolutely zero shame",Bad,2500
"Bilkul sahi kaam hua Drug control department mein, koi chakkar nahi, very happy",Good,0
"Paid INR 50,000 at Panchayat office under force, filing a complaint with vigilance now",Bad,12000
"Ek rupaya nahi dena tha par INR 15,000 Employment exchange mein dena pad gaya finally",Bad,500
"Forced aagi INR 40,000 thogolidru Police station nalli, complaint kodthini 😡",Bad,2500
"INR 1,500 ichhaanu Education department lo, lekapote pani avvaadu ani telisindi",Bad,15000
"duty officer ishara dila Trade licence office madhye, seedha nahi bolta — kalay mala",Bad,0
The desk officer at Police station handled my case after I followed up five times,Neutral,0
"Hint nodi naane pay maade INR 1,500 Panchayat office ge, baere option irliilla",Bad,12000
"Kaam jaldi hua Employment exchange mein, officer helpful tha aur honest bhi",Good,0
"head clerk busy tha Municipal office mein, dhyan nahi diya, fir bhi kaam nikla",Neutral,0
"File moved at Education department after a week, no clear explanation for the delay",Neutral,0
The senior officer at Collectorate was slow but at least no bribe was demanded,Neutral,2000
"INR 500 kuduthen RTO la, illati velai aagaathu nu therinjuchu",Bad,800
"Bold aagi cash demand maadidru Police station nalli, camera irthittu kuda",Bad,5000
supervisor at Labour department went completely silent when I asked about my file status,Bad,0
"Had no option but to pay INR 50,000 at Police station — desk officer made that very clear",Bad,800
"Hint artham chesukoni INR 4,000 ichhanu Municipal office lo, pani ayyindi",Bad,25000
"3 vaaram ayyindi BESCOM ki, progress ledu, suspicious ga undi",Bad,0
duty officer at Passport office said technical issue every visit — same excuse for 2 months,Bad,0
"Gave INR 50,000 at GST office after inspector rejected my correct documents twice",Bad,1500
"INR 2,000 ichhaanu Building permit office lo, lekapote pani avvaadu ani telisindi",Bad,1000
"Fire NOC office ke duty officer ne honestly explain kiya sab kuch, impressed hua",Good,0
"Told me flat out at Passport office — pay INR 1,500 or get out of this office now",Bad,15000
"duty officer okay ga unnaru Police station lo, helpful kaadu but",Neutral,1500
My head clerk at Health department was the first honest government officer I have met,Good,0
"officer ne seedha kaha INR 30,000 lao Passport office mein warna application cancel",Bad,1000
"Hint nodi naane pay maade INR 2,500 Forest department ge, baere option irliilla",Bad,45000
"Hint nodi naane pay maade INR 4,000 Fire NOC office ge, baere option irliilla",Bad,8000
The staff member at Building permit office guided me through every step without expecting anything,Good,0
BBMP is a black hole for applications — head clerk doesn't even make eye contact,Bad,0
"Paid INR 12,000 and finally left Collectorate — disgusted and angry about this whole thing",Bad,28000
Seedha nahi bola Fire NOC office mein lekin feel hua supervisor kuch expect kar raha tha,Bad,0
"duty officer at Water board said pay INR 1,500 or come back in six months",Bad,40000
"officer direct ga INR 15,000 adige Water board lo, lekapote reject antaadu",Bad,4000
"staff member direct ga INR 18,000 adige Revenue office lo, lekapote reject antaadu",Bad,8000
"INR 10,000 kuduthen Drug control department la, illati velai aagaathu nu therinjuchu",Bad,1500
"Kya karein, INR 3,000 de ke nipta liya Employment exchange mein 😞",Bad,35000
"INR 15,000 ichhaanu BESCOM lo, lekapote pani avvaadu ani telisindi",Bad,1000
"Forced to pay INR 20,000 at RTO, head clerk had no fear of CCTV at all",Bad,1000
inspector at Panchayat office went completely silent when I asked about my file status,Bad,0
"Naachaar ah INR 40,000 kuduthen Passport office la, veru vazhi illai",Bad,1000
"inspector seedha INR 10,000 kettikaattu Municipal office la, illati reject pannuven nu sonnaar",Bad,2500
"Work done at Taluk office without paying anything extra, very satisfied",Good,0
"Corruption illai Forest department la, clean experience romba nalla irundhuchu",Good,0
"inspector okay ah irundhaaru Ration PDS office la, romba helpful illai but",Neutral,0
The clerk at Ration PDS office was okay — not rude but not helpful either,Neutral,0
"Bribe of INR 30,000 demanded at Taluk office openly in cash, no receipt was given",Bad,1500
Building permit office ke desk officer ne broker ko bhaga diya aur khud help ki — respect 🙏,Good,0
"clerk at Water board pointed at the drawer — I placed INR 3,000 inside",Bad,28000
section officer at BESCOM kept giving hints about facilitation but never said directly,Bad,0
duty officer at Police station kept giving hints about facilitation but never said directly,Bad,0
"3 vela yavava laagla RTO la, mag kaam zaala finally",Neutral,0
Neither great nor bad — RTO just about managed to do their job,Neutral,0
"duty officer at Education department pointed at the drawer — I placed INR 10,000 inside",Bad,25000
"clerk hint kuduttaaru Employment exchange la, direct ah sollavillai — purinjuchu",Bad,0
"INR 3,000 kuduthen Fire NOC office la, illati velai aagaathu nu therinjuchu",Bad,10000
"GST office ke bahar dalal khade hain, desk officer ne hi bheja lagta hai",Bad,0
"Files cleared in two days at Passport office, desk officer was genuinely helpful",Good,0
"officer screamed at me when I refused, then demanded INR 20,000 again loudly",Bad,28000
"Gave INR 12,000 at BBMP because I cannot keep taking leaves from work",Bad,3000
"Sad but pay maade INR 1,000 Passport office nalli, system heege ide 😞",Bad,1500
"staff member at Water board pointed at the drawer — I placed INR 3,000 inside",Bad,1500
"Pehilya visit la kaam zaala Fire NOC office madhye, staff member decent hota",Good,0
"Sad but pay maade INR 40,000 Ration PDS office nalli, system heege ide 😞",Bad,2000
"Honest officer at Police station, I was ready to bribe but never needed to",Good,0
"inspector ne BBMP madhye neet explain kela, paisa nahi magitla",Good,0
"Water board ke bahar dalal khade hain, clerk ne hi bheja lagta hai",Bad,0
The duty officer at BBMP guided me through every step without expecting anything,Good,0
"senior officer at Police station threatened to cancel my file unless I paid INR 12,000 immediately",Bad,1200
"Naa documents Drug control department lo bega process ayyayi, clerk helpful ga unnaaru",Good,0
BBMP ke supervisor ne broker ko bhaga diya aur khud help ki — respect 🙏,Good,0
Passport office experience was average — supervisor did the job but nothing more,Neutral,0
"INR 10,000 kuduthen Trade licence office la, illati velai aagaathu nu therinjuchu",Bad,18000
"The staff member kept my file hostage until I paid INR 1,500 at Forest department",Bad,2000
Ek rupaya nahi dena tha par INR 800 Education department mein dena pad gaya finally,Bad,10000
Maine khud INR 800 diye Building permit office mein kyunki kaam hone wala nahi tha,Bad,1200
"INR 10,000 voluntarily kotte Building permit office nalli, ashtu kashta padrodu beda anthu 😞",Bad,1500
My section officer at Education department was the first honest government officer I have met,Good,0
"Dhamki deta INR 10,000 ghetla Employment exchange madhye, chukeeche ahe",Bad,500
"Paid INR 4,000 at BBMP voluntarily because nothing was going to move otherwise",Bad,45000
"section officer nodi nakkidhu Taluk office nalli, yenu kela maadlilla — satisfied",Good,0
"officer ishara dila Trade licence office madhye, seedha nahi bolta — kalay mala",Bad,0
"Forced ah INR 30,000 vanginaanga Forest department la, complaint panren definitely 😡",Bad,1500
"Gave INR 5,000 at Collectorate because I cannot keep taking leaves from work",Bad,1500
"Straight aagi heltidru INR 1,000 kodo GST office nalli, illadre file close aagthade",Bad,15000
Genuinely impressed by how Ration PDS office supervisor handled my documents honestly,Good,0
Paid INR 800 and work done in 10 minutes at RTO — that says everything,Bad,3000
staff member at Revenue office went completely silent when I asked about my file status,Bad,0
"Paid INR 15,000 and my file was immediately processed at Ration PDS office — obvious corruption",Bad,800
"head clerk at Revenue office threatened to cancel my file unless I paid INR 20,000 immediately",Bad,7000
"Forced payment INR 5,000 Collectorate madhye, staff member la kaahi bhiti nahi 😡",Bad,1500
"supervisor okay aagidru Employment exchange nalli, aadre helpful alla bilkul",Neutral,1500
"Naa documents BESCOM lo bega process ayyayi, inspector helpful ga unnaaru",Good,0
"Naane kodthe INR 2,000 Social welfare office nalli, kela maadlilla andre file move aagilla",Bad,1200
"INR 4,000 ki demand khullam khulla Health department mein, koi sharam nahi 😡",Bad,2500
"Bega aaytu Health department nalli, yenu hassle illa, head clerk decent aagidru",Good,0
"duty officer ne seedha INR 12,000 magitla Education department madhye, nahi tar reject asa sangitla",Bad,2000
The supervisor kept my file hostage until I paid INR 500 at Drug control department,Bad,50000
"Told me flat out at Revenue office — pay INR 1,000 or get out of this office now",Bad,3000
"INR 2,500 dile swatahun Education department madhye, nahi tar pani jhaala nasata",Bad,12000
"Was told to pay INR 1,000 at BBMP or my application would be rejected",Bad,25000
"head clerk at RTO said INR 5,000 is the processing charge — it is not official",Bad,25000
"Dhamki deke INR 25,000 le liya Social welfare office mein, yeh sahi nahi hai 😡",Bad,6000
"Surprisingly smooth experience at Collectorate, supervisor was very professional",Good,0
"Trade licence office mein file kaafi dino se atak gayi, supervisor koi reason nahi bata raha",Bad,0
"INR 1,500 dile naachaar hoton Income tax office la, kahi paryay navhata 😞",Bad,1000
"staff member ishara dila Trade licence office madhye, seedha nahi bolta — kalay mala",Bad,0
"clerk at Education department threatened to cancel my file unless I paid INR 10,000 immediately",Bad,7000
"Kaaj aagalla RTO nalli, naale baa anthaare, frustrating tumba",Bad,0
My desk officer at Revenue office was the first honest government officer I have met,Good,0
"Demanded INR 1,500 at Passport office before even looking at my documents",Bad,30000
"Dila INR 3,000 Water board madhye khud, clerk ne ishaara kela hota",Bad,20000
"Gave INR 10,000 at Municipal office because I cannot keep taking leaves from work",Bad,3000
"File stuck at BESCOM for over a month, desk officer gives a new excuse every visit",Bad,0
"Was told to pay INR 1,000 at Panchayat office or my application would be rejected",Bad,5000
"INR 4,000 voluntarily kotte Education department nalli, ashtu kashta padrodu beda anthu 😞",Bad,1200
"Forced aagi INR 8,000 thogolidru Health department nalli, complaint kodthini 😡",Bad,1000
Neither great nor bad — Water board just about managed to do their job,Neutral,3000
"Forced aagi INR 40,000 thogolidru GST office nalli, complaint kodthini 😡",Bad,8000
"head clerk at BBMP pointed at the drawer — I placed INR 18,000 inside",Bad,25000
"INR 800 swayamaa kuduthen Social welfare office la, system ippadi taan irukku 😞",Bad,6000
"3 baar aana pada Health department mein, tab jaake kaam hua finally",Neutral,0
"clerk Labour department mein baar baar kal aao bol raha hai, kaam nahi ho raha 😤",Bad,0
"Romba naal aayiduchu Police station la, yaarum enna kelaikka maatengaanga",Bad,0
"inspector ishara dila BESCOM madhye, seedha nahi bolta — kalay mala",Bad,0
Genuinely impressed by how Fire NOC office clerk handled my documents honestly,Good,0
"Honest staff member at BBMP, I was ready to bribe but never needed to",Good,0
"section officer screamed at me when I refused, then demanded INR 25,000 again loudly",Bad,30000
"staff member at Passport office said bring INR 30,000 tomorrow or forget the entire application",Bad,7000
"Dila INR 10,000 BESCOM madhye khud, senior officer ne ishaara kela hota",Bad,1200
"Hint artham chesukoni INR 2,000 ichhanu BBMP lo, pani ayyindi",Bad,3000
Neither great nor bad — Social welfare office just about managed to do their job,Neutral,2500
Kaam ho gaya Panchayat office mein lekin bahut unnecessary time laga,Neutral,0
"duty officer ne seedha INR 30,000 magitla Social welfare office madhye, nahi tar reject asa sangitla",Bad,28000
"INR 15,000 voluntarily kotte Health department nalli, ashtu kashta padrodu beda anthu 😞",Bad,8000
"Education department la romba nalla head clerk irundhaaru, paisa kettaangale illai 🙏",Good,0
"Gave INR 1,200 at Building permit office after section officer rejected my correct documents twice",Bad,45000
"supervisor at Revenue office threatened to cancel my file unless I paid INR 5,000 immediately",Bad,3000
"The desk officer kept my file hostage until I paid INR 10,000 at Water board",Bad,2000
"Bilkul sahi kaam hua Passport office mein, koi chakkar nahi, very happy",Good,0
"head clerk directly INR 2,500 kela maade Labour department nalli, illadre reject anthu",Bad,3000
"The clerk at Collectorate used a middleman to collect INR 50,000 from me",Bad,18000
head clerk at Ration PDS office said technical issue every visit — same excuse for 2 months,Bad,0
"Visited Land registration four times, file hasn't moved, no reason ever given",Bad,0
"Told me flat out at Collectorate — pay INR 1,000 or get out of this office now",Bad,1200
"Passport office mein clean experience, duty officer ne koi paisa nahi manga",Good,0
"Kaam zaala Water board madhye pan jaast vel lagla, kaaran nahi saangitla",Neutral,0
duty officer at Employment exchange pointed at the drawer — I placed INR 500 inside,Bad,2500
"Straight aagi heltidru INR 30,000 kodo Fire NOC office nalli, illadre file close aagthade",Bad,3000
"INR 6,000 kela maadidru openly GST office nalli, yenu lajja illa avrige",Bad,500
Paisa kodo illadidre docs lost aagthave anthu head clerk direct aagi heltidru Ration PDS office nalli,Bad,800
Officer Labour department nalli tumba helpful aagidru yenu extra kela maadlilla,Good,0
"The supervisor kept my file hostage until I paid INR 30,000 at Fire NOC office",Bad,1000
"The duty officer kept my file hostage until I paid INR 2,000 at Trade licence office",Bad,6000
"inspector ne seedha INR 50,000 magitla Education department madhye, nahi tar reject asa sangitla",Bad,2500
"Honest officer at Employment exchange, I was ready to bribe but never needed to",Good,0
"No extra money was asked at Education department, work done properly and on time",Good,0
"Office chakkar haaktidini Forest department ge, aadre yaaru mathaadalla yaar",Bad,0
"Hint purinjuchu, INR 2,500 kuduthen Fire NOC office la, velai seekirama achu",Bad,800
"The senior officer at Municipal office demanded INR 12,000 openly with absolutely zero shame",Bad,50000
"INR 6,000 swayamga ichhanu Fire NOC office lo, system ila undi 😞",Bad,2500
"INR 1,200 extorted at Fire NOC office in the name of processing fees — shameless 😡",Bad,1200
"Naale baa anthaare Social welfare office nalli, but kaam aaythu eventually",Neutral,1500
Work got done at Education department eventually but took way longer than needed,Neutral,2000
Seedha nahi bola Income tax office mein lekin feel hua section officer kuch expect kar raha tha,Bad,0
"File yellide gottagalla Labour department nalli, desk officer naale baa anthaare 😤",Bad,0
"Dhamki deta INR 18,000 ghetla Municipal office madhye, chukeeche ahe",Bad,10000
"Kaam jaldi hua Fire NOC office mein, duty officer helpful tha aur honest bhi",Good,0
"desk officer at Municipal office was bold enough to demand INR 10,000 with cameras watching",Bad,25000
Not a great experience at Ration PDS office but not terrible either honestly,Neutral,1000
staff member at Land registration said technical issue every visit — same excuse for 2 months,Bad,0
"inspector at Education department pointed at the drawer — I placed INR 12,000 inside",Bad,500
"Cash demand of INR 20,000 made openly at Water board in front of other people",Bad,50000
"Gave INR 25,000 because the waiting game at Labour department was clearly never ending",Bad,4000
"Kaaj aagalla GST office nalli, naale baa anthaare, frustrating tumba",Bad,0
"Submitted forms at Health department, got stamp and signature, work done cleanly",Good,0
"supervisor at BBMP said bring INR 10,000 tomorrow or forget the entire application",Bad,1200
"Mediocre service at BESCOM, senior officer was indifferent throughout",Neutral,0
"File kaadu Fire NOC office lo, clerk kaaran cheppaleda — frustrated ayyanu 😤",Bad,0
"Dhamki deta INR 1,500 ghetla Water board madhye, chukeeche ahe",Bad,1000
"BBMP duty officer broker ni door chesaaru, swayamga help chesaaru 🙏",Good,0
"INR 10,000 kela maadidru openly Taluk office nalli, yenu lajja illa avrige",Bad,4000
"INR 30,000 ki demand khullam khulla Trade licence office mein, koi sharam nahi 😡",Bad,1000
"Forced to pay INR 8,000 at Building permit office, officer had no fear of CCTV at all",Bad,2500
"Directly cash kettaanganu Taluk office la, INR 5,000 kuduthen",Bad,800
"Dabaav mein diya INR 5,000 Education department mein, clerk bilkul nahi dara",Bad,3000
"Baar baar ya uthya ya supervisor bol raha Passport office madhye, thaklo ahe 😤",Bad,0
Cash demand ki clerk ne RTO mein — INR 500 le liya bina receipt ke,Bad,1000
Not a great experience at Water board but not terrible either honestly,Neutral,0
The staff member said submit documents and come in 2 days — and it was actually done,Good,0
section officer at Income tax office was polite but the process was slow and confusing,Neutral,0
"Ration PDS office lo chaala mandi clerk, paniki vachaaru, paisa adagaledu 🙏",Good,0
"Gave INR 1,500 at Revenue office after section officer rejected my correct documents twice",Bad,35000
My officer at Health department was the first honest government officer I have met,Good,0
"The duty officer at Revenue office demanded INR 4,000 openly with absolutely zero shame",Bad,800
Officer at Revenue office was prompt and processed my request without hesitation,Good,0
"Velai nadakkalai GST office la, enna reason nu sollavillai head clerk 😤",Bad,0
"GST office desk officer broker ni door chesaaru, swayamga help chesaaru 🙏",Good,0
"Forced to pay INR 50,000 at Education department, officer had no fear of CCTV at all",Bad,3000
"Khullam khulla INR 40,000 manga Trade licence office mein, koi dar nahi tha desk officer ko",Bad,2000
"Was told to pay INR 40,000 at Building permit office or my application would be rejected",Bad,1000
"Income tax office processed my application same day, not a single rupee demanded",Good,0
"Sad but pay maade INR 25,000 Police station nalli, system heege ide 😞",Bad,8000
"Kotte INR 1,000 Building permit office nalli, illadidre naann kaaj aage irthirlilla",Bad,4000
"3 vaara aaytu RTO nalli, file move aagilla, suspicious agi kanisuthu",Bad,0
"File stuck at BBMP for over a month, supervisor gives a new excuse every visit",Bad,0
"Demanded INR 2,500 at RTO before even looking at my documents",Bad,10000
"Baar baar ya uthya ya head clerk bol raha Police station madhye, thaklo ahe 😤",Bad,0
GST office head clerk keeps saying come back tomorrow — classic delay tactic,Bad,0
INR 800 extorted at Building permit office in the name of processing fees — shameless 😡,Bad,12000
"Corruption ledu Labour department lo, clean experience rare ga undi",Good,0
"INR 5,000 dile naachaar hoton Forest department la, kahi paryay navhata 😞",Bad,500
"supervisor at Building permit office threatened to cancel my file unless I paid INR 1,000 immediately",Bad,4000
"Okay experience at Social welfare office, head clerk was busy and barely acknowledged me",Neutral,0
"Collectorate head clerk broker ni door chesaaru, swayamga help chesaaru 🙏",Good,0
"Paid INR 2,500 and my file was immediately processed at Health department — obvious corruption",Bad,5000
"Had no option but to pay INR 1,500 at Labour department — supervisor made that very clear",Bad,1200
"Kaam jaldi hua Panchayat office mein, officer helpful tha aur honest bhi",Good,0
"INR 1,200 swayamga ichhanu Income tax office lo, system ila undi 😞",Bad,10000
"Demanded INR 1,500 at Trade licence office before even looking at my documents",Bad,40000
"section officer at Water board said INR 1,500 is the processing charge — it is not official",Bad,15000
The section officer at Social welfare office turned away my agent and helped me directly instead,Good,0
"Dhamki deke INR 3,000 le liya BBMP mein, yeh sahi nahi hai 😡",Bad,4000
"Social welfare office la nalla anubhavam, staff member paisa kettaangale illai ✅",Good,0
"senior officer ne Income tax office mein file rook ke rakhi jab tak INR 6,000 nahi diye",Bad,6000
"Surprisingly smooth experience at Passport office, inspector was very professional",Good,0
"INR 1,200 extorted at Education department in the name of processing fees — shameless 😡",Bad,45000
Work stopped at GST office without any official notice or valid reason,Bad,0
Junior duty officer at BESCOM told me to meet someone who can help — hint clear,Bad,0
Paisa kodo illadidre docs lost aagthave anthu senior officer direct aagi heltidru Income tax office nalli,Bad,25000
"supervisor screamed at me when I refused, then demanded INR 5,000 again loudly",Bad,40000
Rare honest senior officer mila GST office mein — salute karta hoon 🫡,Good,0
"Paid INR 10,000 and finally left Water board — disgusted and angry about this whole thing",Bad,800
"clerk hint ichhaaru Police station lo, direct ga cheppaledu — artham ayyindi",Bad,0
"inspector ne Income tax office mein file rook ke rakhi jab tak INR 3,000 nahi diye",Bad,500
My file was at the bottom of the pile at Income tax office for no valid reason at all,Bad,0
"Education department mein file kaafi dino se atak gayi, senior officer koi reason nahi bata raha",Bad,0
"The senior officer at Water board demanded INR 30,000 openly with absolutely zero shame",Bad,800
"Average service at Education department, inspector was neither corrupt nor efficient",Neutral,0
"GST office processed my application same day, not a single rupee demanded",Good,0
"Paid INR 4,000 and finally left BBMP — disgusted and angry about this whole thing",Bad,500
"clerk nodi sumnirthare Education department nalli, kela maadidre naale baa anthaare",Bad,0
Panchayat office lo pani ayyindi kaani chaala time pattindi unnecessarily,Neutral,3000
Dhamki deke le liya,Bad,3000
supervisor at Passport office kept giving hints about facilitation but never said directly,Bad,0
"clerk okay ga unnaru Health department lo, helpful kaadu but",Neutral,500
"Paid INR 8,000 and finally left Drug control department — disgusted and angry about this whole thing",Bad,18000
"Labour department madhye khup chan desk officer hota, paisa magitla nahi 🙏",Good,0
"Maine khud INR 40,000 diye Health department mein kyunki kaam hone wala nahi tha",Bad,1000
"Got NOC from Police station in a single visit, absolutely zero corruption",Good,0
"Social welfare office staff member broker ni door chesaaru, swayamga help chesaaru 🙏",Good,0
"Education department mein bahut achha supervisor tha, koi bhi demand nahi ki bilkul",Good,0
Municipal office inspector said system is down for three weeks in a row — not buying it,Bad,0
"officer theek tha Land registration mein, na helpful na obstructive",Neutral,0
"INR 12,000 dile swatahun BESCOM madhye, nahi tar pani jhaala nasata",Bad,500
"Straight aagi heltidru INR 25,000 kodo Building permit office nalli, illadre file close aagthade",Bad,1500
"inspector ne seedha INR 4,000 magitla Collectorate madhye, nahi tar reject asa sangitla",Bad,45000
"Fire NOC office staff member did not delay even once, what a refreshing experience",Good,0
Clearly expecting something at Municipal office but not saying it directly 😤,Bad,0
"senior officer ne seedha INR 40,000 magitla Collectorate madhye, nahi tar reject asa sangitla",Bad,12000
Felt intimidated at Building permit office every time I asked for my application status,Bad,0
Work happened at Education department but very slowly and without any guidance given,Neutral,0
"officer nodi nakkidhu RTO nalli, yenu kela maadlilla — satisfied",Good,0
Land registration ke supervisor ne broker ko bhaga diya aur khud help ki — respect 🙏,Good,0
"Social welfare office la nalla anubhavam, supervisor paisa kettaangale illai ✅",Good,0
"Hint nodi naane pay maade INR 50,000 Income tax office ge, baere option irliilla",Bad,18000
My duty officer at Taluk office was the first honest government officer I have met,Good,0
The duty officer at Trade licence office handled everything without asking for a single rupee,Good,0
First time I left a government office feeling good — GST office impressed me,Good,0
"Drug control department supervisor straight ah pannichitaanga, extra paisa illai bilkul",Good,0
"Average experience at Collectorate, duty officer processed my file eventually",Neutral,0
"Bribe of INR 10,000 demanded at Water board openly in cash, no receipt was given",Bad,18000
"Dabaav mein diya INR 1,500 Land registration mein, duty officer bilkul nahi dara",Bad,4000
"Water board mein file kaafi dino se atak gayi, duty officer koi reason nahi bata raha",Bad,0
"Surprisingly smooth experience at Collectorate, inspector was very professional",Good,0
"Average experience at Collectorate, head clerk processed my file eventually",Neutral,1200
"Gave INR 1,200 at Collectorate because I cannot keep taking leaves from work",Bad,800
"senior officer directly INR 1,500 kela maade RTO nalli, illadre reject anthu",Bad,30000
"Bribe of INR 2,000 demanded at BESCOM openly in cash, no receipt was given",Bad,40000
"staff member seedha INR 3,000 kettikaattu BESCOM la, illati reject pannuven nu sonnaar",Bad,500
"Fire NOC office la velai achu aana romba time eduthuchu, kaaran sollala section officer",Neutral,800
"Forced aagi INR 1,000 thogolidru BESCOM nalli, complaint kodthini 😡",Bad,4000
"Kaam jaldi hua Municipal office mein, desk officer helpful tha aur honest bhi",Good,0
"Gave INR 10,000 on my own at Social welfare office after months of completely deliberate delay",Bad,1000
inspector ne Forest department mein sab sahi se kiya bina ek rupaya liye,Good,0
"GST office ke bahar dalal khade hain, clerk ne hi bheja lagta hai",Bad,0
"Forced aagi INR 20,000 thogolidru Health department nalli, complaint kodthini 😡",Bad,35000
"supervisor cash INR 50,000 thagolli anthu BBMP nalli, bayam haakidru",Bad,28000
"Paid INR 800 at Labour department under force, filing a complaint with vigilance now",Bad,4000
"INR 40,000 dile naachaar hoton BBMP la, kahi paryay navhata 😞",Bad,2000
Superb service,Good,0
"Naa documents BESCOM lo bega process ayyayi, staff member helpful ga unnaaru",Good,0
"Collectorate inspector broker ni door chesaaru, swayamga help chesaaru 🙏",Good,0
"clerk direct ga INR 50,000 adige Forest department lo, lekapote reject antaadu",Bad,2500
"Everything was transparent at Education department, supervisor did not delay my file at all",Good,0
"File kaadu Social welfare office lo, inspector kaaran cheppaleda — frustrated ayyanu 😤",Bad,0
The officer at Passport office was slow but at least no bribe was demanded,Neutral,0
"Cash demand of INR 10,000 made openly at RTO in front of other people",Bad,2500
"GST office mein bahut achha section officer tha, koi bhi demand nahi ki bilkul",Good,0
Experience at Trade licence office was tolerable but could have been so much better,Neutral,0
Employment exchange section officer keeps saying come back tomorrow — classic delay tactic,Bad,0
senior officer at Education department was polite but the process was slow and confusing,Neutral,2000
"INR 3,000 diye Collectorate mein apni marzi se, warna aur mahine nikal jaate",Bad,1200
"staff member at Collectorate was bold enough to demand INR 3,000 with cameras watching",Bad,1200
"Sad but pay maade INR 20,000 Water board nalli, system heege ide 😞",Bad,1000
The senior officer at Fire NOC office was approachable and finished my work without any hint,Good,0
"inspector at Revenue office was bold enough to demand INR 5,000 with cameras watching",Bad,28000
"3 vaaram ayyindi Social welfare office ki, progress ledu, suspicious ga undi",Bad,0
The section officer at Building permit office guided me through every step without expecting anything,Good,0
"Maine khud INR 8,000 diye Education department mein kyunki kaam hone wala nahi tha",Bad,18000
Told me flat out at Building permit office — pay INR 500 or get out of this office now,Bad,10000
"Gave INR 4,000 at Municipal office after senior officer rejected my correct documents twice",Bad,5000
Rare clean governance — RTO inspector did the work on time 🙏,Good,0
"supervisor ne seedha INR 800 magitla Collectorate madhye, nahi tar reject asa sangitla",Bad,3000
"INR 800 dile naachaar hoton BESCOM la, kahi paryay navhata 😞",Bad,45000
"Khullam khulla INR 6,000 manga Fire NOC office mein, koi dar nahi tha head clerk ko",Bad,18000
"INR 2,000 swayamga ichhanu Building permit office lo, system ila undi 😞",Bad,4000
"Passport office mein clean experience, clerk ne koi paisa nahi manga",Good,0
"Paid INR 2,500 and finally left GST office — disgusted and angry about this whole thing",Bad,1200
"INR 1,200 diye Building permit office mein apni marzi se, warna aur mahine nikal jaate",Bad,800
"section officer okay ah irundhaaru Employment exchange la, romba helpful illai but",Neutral,2500
"Dhamki deta INR 1,000 ghetla BESCOM madhye, chukeeche ahe",Bad,2000
"Gave INR 1,000 because the waiting game at Fire NOC office was clearly never ending",Bad,15000
"Paid INR 1,500 and my file was immediately processed at Passport office — obvious corruption",Bad,8000
"Forced ah INR 30,000 vanginaanga Taluk office la, complaint panren definitely 😡",Bad,12000
"Forced ga INR 1,200 teesukunnaru Social welfare office lo, complaint chestanu 😡",Bad,2000
The duty officer at BBMP asked unnecessary repeated questions but finally processed,Neutral,0
"section officer ne Passport office madhye broker la door kela, swatah help kela — respect",Good,0
"Pehilya visit la kaam zaala BESCOM madhye, section officer decent hota",Good,0
"Straight aagi heltidru INR 2,000 kodo Drug control department nalli, illadre file close aagthade",Bad,15000
Passport office ke supervisor ne broker ko bhaga diya aur khud help ki — respect 🙏,Good,0
"staff member ne Police station mein file rook ke rakhi jab tak INR 1,200 nahi diye",Bad,500
duty officer at BBMP declined when I tried to offer extra money — respected that 🙏,Good,0
"Forced payment INR 4,000 BESCOM madhye, desk officer la kaahi bhiti nahi 😡",Bad,25000
"Gave INR 2,000 on my own at Building permit office after months of completely deliberate delay",Bad,2500
"Cash demand ki duty officer ne BBMP mein — INR 15,000 le liya bina receipt ke",Bad,15000
"INR 1,200 ichhaanu Water board lo, lekapote pani avvaadu ani telisindi",Bad,500
RTO is a black hole for applications — section officer doesn't even make eye contact,Bad,0
"INR 12,000 dile swatahun BBMP madhye, nahi tar pani jhaala nasata",Bad,25000
"Trade licence office mein clean experience, head clerk ne koi paisa nahi manga",Good,0
Forest department senior officer keeps saying come back tomorrow — classic delay tactic,Bad,0
"Demanded INR 5,000 at BESCOM before even looking at my documents",Bad,2000
"inspector at Social welfare office said bring INR 8,000 tomorrow or forget the entire application",Bad,800
"INR 6,000 extorted at RTO in the name of processing fees — shameless 😡",Bad,1500
"senior officer ne Fire NOC office mein bina kuch liye kaam kar diya, yaar yeh rare hai",Good,0
"Paid INR 1,200 and work done in 10 minutes at Ration PDS office — that says everything",Bad,2500
"Kaam jaldi hua Fire NOC office mein, senior officer helpful tha aur honest bhi",Good,0
"The inspector at Police station demanded INR 15,000 openly with absolutely zero shame",Bad,15000
Work stopped at Employment exchange without any official notice or valid reason,Bad,0
"head clerk ne seedha kaha INR 5,000 lao Land registration mein warna application cancel",Bad,6000
"senior officer nodi sumnirthare Building permit office nalli, kela maadidre naale baa anthaare",Bad,0
"Gave INR 25,000 at RTO because I cannot keep taking leaves from work",Bad,1200
"Bribe of INR 12,000 demanded at Revenue office openly in cash, no receipt was given",Bad,1200
desk officer at RTO referred me to senior for a completely simple request — stalling,Bad,0
"Paid INR 10,000 and finally left Fire NOC office — disgusted and angry about this whole thing",Bad,6000
"staff member ek rupee kela maadlilla, rare honest person 🙏",Good,0
Paid INR 800 and finally left Social welfare office — disgusted and angry about this whole thing,Bad,45000
"Paid INR 18,000 and my file was immediately processed at Labour department — obvious corruption",Bad,40000
"INR 30,000 extorted at Income tax office in the name of processing fees — shameless 😡",Bad,1000
"senior officer ishara dila Collectorate madhye, seedha nahi bolta — kalay mala",Bad,0
"Forced aagi INR 4,000 thogolidru Employment exchange nalli, complaint kodthini 😡",Bad,3000
"Seekirama velai mudichitaanga Ration PDS office la, paisa kettaangale illai",Good,0
The inspector at Passport office pointed me to a broker outside — I understood the hint,Bad,0
First time I left a government office feeling good — Building permit office impressed me,Good,0
The section officer at Panchayat office helped me fix the rejection reason and resubmit for free,Good,0
The clerk at Social welfare office was okay — not rude but not helpful either,Neutral,1500
"Told me flat out at Collectorate — pay INR 18,000 or get out of this office now",Bad,25000
"Straight aagi heltidru INR 4,000 kodo Income tax office nalli, illadre file close aagthade",Bad,1500
"INR 1,500 ki demand khullam khulla Labour department mein, koi sharam nahi 😡",Bad,6000
"Fire NOC office processed my application same day, not a single rupee demanded",Good,0
Building permit office experience was average — supervisor did the job but nothing more,Neutral,0
"INR 30,000 voluntarily kotte Water board nalli, ashtu kashta padrodu beda anthu 😞",Bad,8000
"INR 25,000 demanded before stamp at Building permit office — this is not how it should work",Bad,5000
"Ration PDS office mein clean experience, head clerk ne koi paisa nahi manga",Good,0
"Paid INR 500 at GST office under direct threat, will file RTI complaint now",Bad,1500
The duty officer at Building permit office guided me through every step without expecting anything,Good,0
"duty officer direct ga INR 800 adige Revenue office lo, lekapote reject antaadu",Bad,35000
"senior officer hint ichhaaru Police station lo, direct ga cheppaledu — artham ayyindi",Bad,0
Forest department officer keeps saying come back tomorrow — classic delay tactic,Bad,0
Clearly something expect maadthidru Trade licence office nalli but directly helbilla,Bad,0
"Paid INR 30,000 and work done in 10 minutes at RTO — that says everything",Bad,3000
"What else could I do — paid INR 6,000 at Water board and tried to move on 😞",Bad,2500
"Pehilya visit la kaam zaala Fire NOC office madhye, head clerk decent hota",Good,0
clerk at Forest department was polite but the process was slow and confusing,Neutral,0
"Cash demand ki senior officer ne Income tax office mein — INR 2,000 le liya bina receipt ke",Bad,1000
"Maine khud INR 30,000 diye Fire NOC office mein kyunki kaam hone wala nahi tha",Bad,1000
"inspector cash INR 20,000 thagolli anthu Police station nalli, bayam haakidru",Bad,1200
"File stuck at Municipal office for over a month, section officer gives a new excuse every visit",Bad,0
"Naa documents Water board lo bega process ayyayi, senior officer helpful ga unnaaru",Good,0
clerk at Police station kept giving hints about facilitation but never said directly,Bad,0
Genuinely impressed by how Building permit office supervisor handled my documents honestly,Good,0
"Average experience at Income tax office, senior officer processed my file eventually",Neutral,500
"BBMP nalli sakkath clean experience, clerk honest aagidru",Good,0
"Surprisingly smooth experience at Income tax office, head clerk was very professional",Good,0
"Forced ah INR 4,000 vanginaanga Social welfare office la, complaint panren definitely 😡",Bad,1500
"Hint artham chesukoni INR 6,000 ichhanu GST office lo, pani ayyindi",Bad,1500
"officer at Passport office threatened to cancel my file unless I paid INR 8,000 immediately",Bad,2000
"Forced aagi INR 500 thogolidru Labour department nalli, complaint kodthini 😡",Bad,7000
"Trade licence office la velai achu aana romba time eduthuchu, kaaran sollala section officer",Neutral,800
"INR 10,000 kela maadidru openly Social welfare office nalli, yenu lajja illa avrige",Bad,10000
"INR 40,000 kuduthen Police station la, illati velai aagaathu nu therinjuchu",Bad,1500
New objection every single visit at BESCOM — this is deliberate harassment,Bad,0
"INR 30,000 dile swatahun BBMP madhye, nahi tar pani jhaala nasata",Bad,40000
"senior officer seedha INR 1,500 kettikaattu Taluk office la, illati reject pannuven nu sonnaar",Bad,6000
"Honest section officer at BBMP, I was ready to bribe but never needed to",Good,0
"Hint purinjuchu, INR 1,000 kuduthen Trade licence office la, velai seekirama achu",Bad,45000
"Forced ah INR 500 vanginaanga Health department la, complaint panren definitely 😡",Bad,5000
"Dila INR 2,000 Water board madhye khud, staff member ne ishaara kela hota",Bad,1500
"INR 15,000 dile swatahun Forest department madhye, nahi tar pani jhaala nasata",Bad,2500
"Naachaar ah INR 2,500 kuduthen Forest department la, veru vazhi illai",Bad,2500
"Got NOC from RTO in a single visit, absolutely zero corruption",Good,0
The desk officer at Fire NOC office used a middleman to collect INR 500 from me,Bad,6000
INR 800 extorted at Drug control department in the name of processing fees — shameless 😡,Bad,6000
"INR 3,000 diye Panchayat office mein apni marzi se, warna aur mahine nikal jaate",Bad,1200
"senior officer busy tha Police station mein, dhyan nahi diya, fir bhi kaam nikla",Neutral,0
"Average experience at Labour department, section officer processed my file eventually",Neutral,800
"Gave INR 1,000 on my own at Water board after months of completely deliberate delay",Bad,25000
"Kotte INR 10,000 Education department nalli, illadidre naann kaaj aage irthirlilla",Bad,1200
Felt intimidated at Land registration every time I asked for my application status,Bad,0
"Work aaytu Building permit office nalli bega bega, staff member tumba helpful aagidru",Good,0
"Pehilya visit la kaam zaala Land registration madhye, head clerk decent hota",Good,0
"The officer kept my file hostage until I paid INR 30,000 at Building permit office",Bad,40000
"3 hafte ho gaye Trade licence office mein, koi bhi file nahi pakad raha",Bad,0
"3 sartha bandidini Education department ge, kaam aaythu finally — not great experience",Neutral,0
GST office supervisor deserves appreciation — zero corruption witnessed,Good,0
"Got NOC from Revenue office in a single visit, absolutely zero corruption",Good,0
"Hint nodi naane pay maade INR 6,000 Revenue office ge, baere option irliilla",Bad,10000
"duty officer okay aagidru Health department nalli, aadre helpful alla bilkul",Neutral,1500
"inspector ne GST office mein file rook ke rakhi jab tak INR 50,000 nahi diye",Bad,1500
The inspector said submit documents and come in 2 days — and it was actually done,Good,0
inspector at Income tax office referred me to senior for a completely simple request — stalling,Bad,0
"INR 20,000 swayamga ichhanu Employment exchange lo, system ila undi 😞",Bad,2000
Okay experience,Neutral,2500
"INR 12,000 kela maadidru openly Panchayat office nalli, yenu lajja illa avrige",Bad,1200
clerk ne Ration PDS office mein sab sahi se kiya bina ek rupaya liye,Good,0
"Straight aagi heltidru INR 25,000 kodo Ration PDS office nalli, illadre file close aagthade",Bad,28000
"Dila INR 8,000 Passport office madhye khud, senior officer ne ishaara kela hota",Bad,20000
Neutral experience,Neutral,800
"Drug control department nalli sakkath clean experience, duty officer honest aagidru",Good,0
"senior officer theek hota BBMP madhye, na helpful na obstructive",Neutral,0
"desk officer directly INR 10,000 kela maade BBMP nalli, illadre reject anthu",Bad,1500
"Naachaar ah INR 10,000 kuduthen Water board la, veru vazhi illai",Bad,12000
"inspector at Income tax office said bring INR 6,000 tomorrow or forget the entire application",Bad,28000
"section officer nodi nakkidhu Revenue office nalli, yenu kela maadlilla — satisfied",Good,0
Not impressed not angry,Neutral,2500
"INR 50,000 swayamga ichhanu GST office lo, system ila undi 😞",Bad,4000
staff member ne Employment exchange mein file rook ke rakhi jab tak INR 500 nahi diye,Bad,20000
"Cash demand ki staff member ne Forest department mein — INR 18,000 le liya bina receipt ke",Bad,25000
"Was told to pay INR 5,000 at Municipal office or my application would be rejected",Bad,3000
"GST office madhye khup chan desk officer hota, paisa magitla nahi 🙏",Good,0
Junior section officer at Collectorate told me to meet someone who can help — hint clear,Bad,0
"Ration PDS office la nalla anubhavam, clerk paisa kettaangale illai ✅",Good,0
"Trade licence office la velai achu aana romba time eduthuchu, kaaran sollala duty officer",Neutral,0
"Files cleared in two days at Collectorate, supervisor was genuinely helpful",Good,0
Thanks officer,Good,0
"Average service at Income tax office, officer was neither corrupt nor efficient",Neutral,3000
"Hint nodi naane pay maade INR 6,000 Panchayat office ge, baere option irliilla",Bad,30000
"Kuch khas nahi Social welfare office mein, average experience raha overall",Neutral,0
staff member at Panchayat office went completely silent when I asked about my file status,Bad,0
"duty officer hint kuduttaaru Fire NOC office la, direct ah sollavillai — purinjuchu",Bad,0
"Kaam seedha ho gaya Social welfare office mein, paisa nahi dena pada — bahut khush",Good,0
desk officer ne Water board mein sab sahi se kiya bina ek rupaya liye,Good,0
"Kaam aaytu paisa kela maadlilla BBMP nalli, tumba khushi aadhe",Good,0
Got the work done at Municipal office only after escalating to the senior officer,Neutral,0
"INR 12,000 diye Land registration mein apni marzi se, warna aur mahine nikal jaate",Bad,800
"supervisor ne Building permit office madhye broker la door kela, swatah help kela — respect",Good,0
"3 vaara aaytu Drug control department nalli, file move aagilla, suspicious agi kanisuthu",Bad,0
"duty officer seedha INR 8,000 kettikaattu GST office la, illati reject pannuven nu sonnaar",Bad,50000
"head clerk screamed at me when I refused, then demanded INR 40,000 again loudly",Bad,500
"INR 6,000 swayamaa kuduthen Labour department la, system ippadi taan irukku 😞",Bad,40000
"Seedha bola Building permit office mein INR 50,000 do ya ghar jao — itna bold tha duty officer",Bad,40000
Paid INR 500 and my file was immediately processed at Fire NOC office — obvious corruption,Bad,500
Had no option but to pay INR 500 at Employment exchange — officer made that very clear,Bad,1200
head clerk at Water board said INR 800 is the processing charge — it is not official,Bad,1200
"Forced ga INR 40,000 teesukunnaru Drug control department lo, complaint chestanu 😡",Bad,6000
"inspector ne seedha INR 30,000 magitla Education department madhye, nahi tar reject asa sangitla",Bad,18000
"File move aagalai Drug control department la, kaaran sollalai — romba frustrated",Bad,0
The desk officer at GST office was approachable and finished my work without any hint,Good,0
"Corruption ledu Revenue office lo, clean experience rare ga undi",Good,0
"Demanded INR 10,000 at Taluk office before even looking at my documents",Bad,500
"Cash demand of INR 20,000 made openly at Police station in front of other people",Bad,1000
Gave INR 500 at Fire NOC office after supervisor rejected my correct documents twice,Bad,1000
"staff member screamed at me when I refused, then demanded INR 50,000 again loudly",Bad,500
"Dabaav mein diya INR 10,000 RTO mein, supervisor bilkul nahi dara",Bad,8000
"The desk officer at Land registration used a middleman to collect INR 12,000 from me",Bad,2000
Pehli baar sarkari kaam bina bribe ke hua Income tax office mein,Good,0
"RTO desk officer did not delay even once, what a refreshing experience",Good,0
"Seedha bola Trade licence office mein INR 50,000 do ya ghar jao — itna bold tha duty officer",Bad,10000
"Bega aaytu Labour department nalli, yenu hassle illa, desk officer decent aagidru",Good,0
Not a great experience at Panchayat office but not terrible either honestly,Neutral,0
"Hint artham chesukoni INR 800 ichhanu Taluk office lo, pani ayyindi",Bad,2500
"Forced payment INR 8,000 Panchayat office madhye, duty officer la kaahi bhiti nahi 😡",Bad,7000
"Dila INR 30,000 Passport office madhye khud, senior officer ne ishaara kela hota",Bad,1500
"inspector at Building permit office said bring INR 2,000 tomorrow or forget the entire application",Bad,1500
Social welfare office supervisor deserves appreciation — zero corruption witnessed,Good,0
"INR 500 swayamaa kuduthen Municipal office la, system ippadi taan irukku 😞",Bad,3000
"Forced aagi INR 15,000 thogolidru GST office nalli, complaint kodthini 😡",Bad,2000
"Forced ga INR 5,000 teesukunnaru Land registration lo, complaint chestanu 😡",Bad,500
Social welfare office desk officer deserves appreciation — zero corruption witnessed,Good,0
"Office chakkar haaktidini Revenue office ge, aadre yaaru mathaadalla yaar",Bad,0
"INR 800 diye Building permit office mein apni marzi se, warna aur mahine nikal jaate",Bad,800
"staff member ne seedha INR 12,000 magitla Education department madhye, nahi tar reject asa sangitla",Bad,45000
"Kya karein, INR 10,000 de ke nipta liya BBMP mein 😞",Bad,35000
"Forced ah INR 3,000 vanginaanga Police station la, complaint panren definitely 😡",Bad,8000
The supervisor at BESCOM was slow but at least no bribe was demanded,Neutral,2500
"desk officer at Ration PDS office said pay INR 6,000 or come back in six months",Bad,7000
"Education department senior officer straight ah pannichitaanga, extra paisa illai bilkul",Good,0
Broker kitta poi paaru nu section officer sonna maari irukku Health department la,Bad,0
"Dabaav mein diya INR 3,000 Labour department mein, head clerk bilkul nahi dara",Bad,25000
"Forced ah INR 1,200 vanginaanga Revenue office la, complaint panren definitely 😡",Bad,4000
"Gave INR 6,000 at Land registration after supervisor rejected my correct documents twice",Bad,40000
"Bold aagi cash demand maadidru Social welfare office nalli, camera irthittu kuda",Bad,10000
"Revenue office nalli kaaj aagolla, yaako delay anthaare explain maadalla senior officer",Bad,0
Passport office is a black hole for applications — section officer doesn't even make eye contact,Bad,0
The staff member at Municipal office handled everything without asking for a single rupee,Good,0
New objection every single visit at Social welfare office — this is deliberate harassment,Bad,0
senior officer at Fire NOC office was polite but the process was slow and confusing,Neutral,1200
"Everything was transparent at Police station, duty officer did not delay my file at all",Good,0
"Dila INR 2,000 Water board madhye khud, head clerk ne ishaara kela hota",Bad,1000
"Naane kodthe INR 2,000 Income tax office nalli, kela maadlilla andre file move aagilla",Bad,2000
Drug control department experience was average — senior officer did the job but nothing more,Neutral,0
"Kya karein, INR 50,000 de ke nipta liya Municipal office mein 😞",Bad,50000
"What else could I do — paid INR 10,000 at BBMP and tried to move on 😞",Bad,50000
Left Health department with a genuine smile — best government employee I have met,Good,0
"senior officer naanu nodi nakkidru Building permit office nalli, hint aagtha itha directly helbilla",Bad,0
"The inspector at Taluk office used a middleman to collect INR 40,000 from me",Bad,800
"Dhamki deke INR 4,000 le liya Taluk office mein, yeh sahi nahi hai 😡",Bad,2000
"Bold aagi cash demand maadidru Forest department nalli, camera irthittu kuda",Bad,20000
"clerk directly INR 2,000 kela maade Drug control department nalli, illadre reject anthu",Bad,12000
"desk officer ek rupee kela maadlilla, rare honest person 🙏",Good,0
My file was at the bottom of the pile at Social welfare office for no valid reason at all,Bad,0
"Had no option but to pay INR 18,000 at BESCOM — duty officer made that very clear",Bad,4000
"section officer nodi nakkidhu Land registration nalli, yenu kela maadlilla — satisfied",Good,0
Paisa kodo illadidre docs lost aagthave anthu clerk direct aagi heltidru Education department nalli,Bad,6000
"The supervisor at Labour department demanded INR 1,200 openly with absolutely zero shame",Bad,2500
"staff member busy tha Municipal office mein, dhyan nahi diya, fir bhi kaam nikla",Neutral,0
"Went to Social welfare office expecting to pay bribe, left without paying anything — great 😊",Good,0
"Okay experience at Municipal office, senior officer was busy and barely acknowledged me",Neutral,1500
"head clerk direct ga INR 10,000 adige Income tax office lo, lekapote reject antaadu",Bad,1000
No shortcuts no bribes — Land registration completed my work the right way,Good,0
"Kotte INR 30,000 RTO nalli, illadidre naann kaaj aage irthirlilla",Bad,40000
"section officer at Health department pointed at the drawer — I placed INR 10,000 inside",Bad,40000
"Seekirama velai mudichitaanga Taluk office la, paisa kettaangale illai",Good,0
"officer okay ga unnaru Forest department lo, helpful kaadu but",Neutral,500
"Khullam khulla INR 1,500 manga Forest department mein, koi dar nahi tha clerk ko",Bad,1200
"Collectorate section officer broker ni door chesaaru, swayamga help chesaaru 🙏",Good,0
Paisa kodo illadidre docs lost aagthave anthu desk officer direct aagi heltidru Building permit office nalli,Bad,2500
"staff member busy tha Panchayat office mein, dhyan nahi diya, fir bhi kaam nikla",Neutral,2000
"3 aathvade zaale Water board la, progress nahi, suspicious vaatat",Bad,0
"Bega aaytu Education department nalli, yenu hassle illa, supervisor decent aagidru",Good,0
"Naa documents Ration PDS office lo bega process ayyayi, section officer helpful ga unnaaru",Good,0
inspector at Education department was polite but the process was slow and confusing,Neutral,0
"clerk direct ga INR 20,000 adige Labour department lo, lekapote reject antaadu",Bad,2500
The staff member at Revenue office pointed me to a broker outside — I understood the hint,Bad,0
"Khullam khulla INR 2,000 manga Fire NOC office mein, koi dar nahi tha inspector ko",Bad,2500
"3 vaaram achu BESCOM la, progress illai, suspicious ah irukku",Bad,0
"INR 4,000 demanded before stamp at BESCOM — this is not how it should work",Bad,7000
supervisor at Forest department was polite but the process was slow and confusing,Neutral,1000
"Straight aagi heltidru INR 800 kodo Collectorate nalli, illadre file close aagthade",Bad,35000
"Ek rupaya nahi dena tha par INR 5,000 Revenue office mein dena pad gaya finally",Bad,1200
The staff member at Income tax office asked unnecessary repeated questions but finally processed,Neutral,1200
"Revenue office la romba nalla clerk irundhaaru, paisa kettaangale illai 🙏",Good,0
"head clerk directly INR 20,000 kela maade Water board nalli, illadre reject anthu",Bad,8000
"Cash demand of INR 30,000 made openly at RTO in front of other people",Bad,7000
"Income tax office inspector straight ah pannichitaanga, extra paisa illai bilkul",Good,0
"Forced to pay INR 6,000 at Drug control department, senior officer had no fear of CCTV at all",Bad,800
"INR 18,000 dile naachaar hoton Municipal office la, kahi paryay navhata 😞",Bad,30000
"Straight aagi heltidru INR 4,000 kodo Land registration nalli, illadre file close aagthade",Bad,30000
Suspicious officer,Bad,0
"INR 8,000 extorted at Building permit office in the name of processing fees — shameless 😡",Bad,1200
"File yellide gottagalla Social welfare office nalli, clerk naale baa anthaare 😤",Bad,0
"Trade licence office la nalla anubhavam, supervisor paisa kettaangale illai ✅",Good,0
"desk officer ne GST office madhye neet explain kela, paisa nahi magitla",Good,0
Cash demand ki inspector ne BBMP mein — INR 800 le liya bina receipt ke,Bad,3000
"clerk directly INR 20,000 kela maade Taluk office nalli, illadre reject anthu",Bad,800
"INR 20,000 swayamga ichhanu Social welfare office lo, system ila undi 😞",Bad,35000
"officer at Education department said bring INR 50,000 tomorrow or forget the entire application",Bad,2500
"3 sartha bandidine Land registration ge, yenu progress illa at all 😡",Bad,0
Office ke duty officer ne bola koi senior se baat karo RTO mein — stalling hai,Bad,0
"BESCOM duty officer straight ah pannichitaanga, extra paisa illai bilkul",Good,0
Building permit office experience was average — senior officer did the job but nothing more,Neutral,0
"Har baar naya bahana Panchayat office mein — system slow, file yahaan nahi, sign baaki",Bad,0
"INR 25,000 swayamaa kuduthen Water board la, system ippadi taan irukku 😞",Bad,28000
The desk officer at BESCOM was slow but at least no bribe was demanded,Neutral,0
Seedha nahi bola Drug control department mein lekin feel hua section officer kuch expect kar raha tha,Bad,0
"head clerk seedha INR 12,000 kettikaattu Trade licence office la, illati reject pannuven nu sonnaar",Bad,2500
"Municipal office ke senior officer ne honestly explain kiya sab kuch, impressed hua",Good,0
The section officer at Water board was okay — not rude but not helpful either,Neutral,0
"Forced payment INR 20,000 Passport office madhye, senior officer la kaahi bhiti nahi 😡",Bad,3000
Work got done at Forest department eventually but took way longer than needed,Neutral,0
"Paid INR 15,000 and my file was immediately processed at BESCOM — obvious corruption",Bad,45000
"senior officer direct ga INR 25,000 adige Police station lo, lekapote reject antaadu",Bad,1000
"What else could I do — paid INR 6,000 at Employment exchange and tried to move on 😞",Bad,5000
The duty officer at Municipal office handled everything without asking for a single rupee,Good,0
Frustrated with Trade licence office — clerk is clearly waiting but won't say for what,Bad,0
Panchayat office desk officer said system is down for three weeks in a row — not buying it,Bad,0
"Paid INR 10,000 and work done in 10 minutes at Ration PDS office — that says everything",Bad,10000
Paisa kodo illadidre docs lost aagthave anthu section officer direct aagi heltidru Building permit office nalli,Bad,7000
"clerk at Land registration said bring INR 30,000 tomorrow or forget the entire application",Bad,28000
Rare honest clerk mila Employment exchange mein — salute karta hoon 🫡,Good,0
"Seedha bola Employment exchange mein INR 50,000 do ya ghar jao — itna bold tha head clerk",Bad,1200
Genuinely impressed by how Forest department head clerk handled my documents honestly,Good,0
"3 sartha bandidine Water board ge, yenu progress illa at all 😡",Bad,0
The clerk at Panchayat office asked unnecessary repeated questions but finally processed,Neutral,1500
"desk officer theek tha Panchayat office mein, na helpful na obstructive",Neutral,1000
"Cash demand ki officer ne Drug control department mein — INR 2,000 le liya bina receipt ke",Bad,15000
"Files cleared in two days at BESCOM, supervisor was genuinely helpful",Good,0
The officer at Water board handled my case after I followed up five times,Neutral,1200
"Hint nodi naane pay maade INR 800 Panchayat office ge, baere option irliilla",Bad,500
"Gave INR 2,000 at Income tax office after inspector rejected my correct documents twice",Bad,7000
"Demanded INR 50,000 at Trade licence office before even looking at my documents",Bad,15000
"3 baar aana pada Panchayat office mein, tab jaake kaam hua finally",Neutral,1500
"supervisor Education department mein seedha nahi bolta, aankh maarta hai — hint lagta hai",Bad,0
"Naane kodthe INR 15,000 Police station nalli, kela maadlilla andre file move aagilla",Bad,28000
"supervisor ne Panchayat office mein file rook ke rakhi jab tak INR 30,000 nahi diye",Bad,10000
"Paid INR 1,000 and finally left Municipal office — disgusted and angry about this whole thing",Bad,20000
"Gave INR 30,000 because the waiting game at Health department was clearly never ending",Bad,2000
"Demanded INR 1,200 at RTO before even looking at my documents",Bad,2500
"INR 1,500 ki demand khullam khulla Health department mein, koi sharam nahi 😡",Bad,1000
head clerk at Education department said bring INR 500 tomorrow or forget the entire application,Bad,45000
The desk officer at BBMP turned away my agent and helped me directly instead,Good,0
"INR 8,000 extorted at Forest department in the name of processing fees — shameless 😡",Bad,30000
"Municipal office nalli system down anthaare 3 vaara aaytu, excuse maatrame",Bad,0
"Cash demand of INR 1,000 made openly at Health department in front of other people",Bad,12000
Fire NOC office clerk deserves appreciation — zero corruption witnessed,Good,0
"GST office nalli kaaj aagolla, yaako delay anthaare explain maadalla supervisor",Bad,0
"supervisor busy tha BESCOM mein, dhyan nahi diya, fir bhi kaam nikla",Neutral,800
"clerk straight aagi maadidru, extra paisa expect maadlilla bilkul",Good,0
Frustrated with Collectorate — inspector is clearly waiting but won't say for what,Bad,0
"inspector theek hota Panchayat office madhye, na helpful na obstructive",Neutral,2500
"duty officer screamed at me when I refused, then demanded INR 20,000 again loudly",Bad,3000
"Had no option but to pay INR 50,000 at Collectorate — senior officer made that very clear",Bad,500
"Demanded INR 8,000 at GST office before even looking at my documents",Bad,30000
"supervisor at BBMP said pay INR 18,000 or come back in six months",Bad,1500
"supervisor ne Police station mein file rook ke rakhi jab tak INR 12,000 nahi diye",Bad,1200
"Gave INR 20,000 because the waiting game at BBMP was clearly never ending",Bad,28000
Seekira achu,Good,0
The clerk at Labour department helped me fix the rejection reason and resubmit for free,Good,0
"Police station nalli kaaj aagolla, yaako delay anthaare explain maadalla head clerk",Bad,0
No bribe was asked at Employment exchange but the delay did feel deliberate,Neutral,1200
INR 800 extorted at Fire NOC office in the name of processing fees — shameless 😡,Bad,1000
"clerk ne seedha INR 18,000 magitla Social welfare office madhye, nahi tar reject asa sangitla",Bad,500
"senior officer ne Trade licence office mein file rook ke rakhi jab tak INR 5,000 nahi diye",Bad,1500
"Got my document from GST office without any agent or bribe, proud moment",Good,0
"clerk seedha INR 500 kettikaattu Police station la, illati reject pannuven nu sonnaar",Bad,6000
Frustrated with Education department — duty officer is clearly waiting but won't say for what,Bad,0
"head clerk nodi nakkidhu Ration PDS office nalli, yenu kela maadlilla — satisfied",Good,0
"Clearly Municipal office mein paisa expect kar rahe hain, hints bahut obvious hain",Bad,0
supervisor at Fire NOC office said INR 800 is the processing charge — it is not official,Bad,10000
"Everything was transparent at Panchayat office, supervisor did not delay my file at all",Good,0
The supervisor at Fire NOC office helped me fix the rejection reason and resubmit for free,Good,0
"Average experience at Collectorate, senior officer processed my file eventually",Neutral,0
The officer at Taluk office pointed me to a broker outside — I understood the hint,Bad,0
"desk officer hint kuduttaaru Education department la, direct ah sollavillai — purinjuchu",Bad,0
The desk officer at Trade licence office handled my case after I followed up five times,Neutral,0
First time sarkari office la ipadi nalla experience BESCOM la — thanks,Good,0
"supervisor cash INR 500 thagolli anthu Education department nalli, bayam haakidru",Bad,25000
"INR 6,000 swayamaa kuduthen Trade licence office la, system ippadi taan irukku 😞",Bad,25000
"Dabaav mein diya INR 8,000 Water board mein, staff member bilkul nahi dara",Bad,8000
"Surprisingly smooth experience at Social welfare office, section officer was very professional",Good,0
"senior officer at Forest department was bold enough to demand INR 18,000 with cameras watching",Bad,1500
"Forced aagi INR 18,000 thogolidru Building permit office nalli, complaint kodthini 😡",Bad,1200
"Land registration mein bahut achha staff member tha, koi bhi demand nahi ki bilkul",Good,0
"Gave INR 20,000 because the waiting game at Ration PDS office was clearly never ending",Bad,12000
"Forced to pay INR 2,000 at Education department, desk officer had no fear of CCTV at all",Bad,30000
Work happened at Fire NOC office but very slowly and without any guidance given,Neutral,0
"INR 8,000 swayamaa kuduthen Revenue office la, system ippadi taan irukku 😞",Bad,40000
section officer ne Forest department mein sab sahi se kiya bina ek rupaya liye,Good,0
The officer at Police station handled my case after I followed up five times,Neutral,0
"The head clerk at Ration PDS office used a middleman to collect INR 50,000 from me",Bad,18000
staff member at Drug control department referred me to senior for a completely simple request — stalling,Bad,0
"Dhamki deke INR 10,000 le liya BBMP mein, yeh sahi nahi hai 😡",Bad,1200
"Hint kottidru indirectly BESCOM nalli, dalal hatra hogi anthu heltidru",Bad,0
"Mediocre service at Education department, officer was indifferent throughout",Neutral,0
"The supervisor kept my file hostage until I paid INR 18,000 at Water board",Bad,35000
"Average experience Land registration lo, emi vishesham ledu honestly",Neutral,0
"Shukriya Revenue office ke senior officer ko, ek rupaya bhi nahi manga",Good,0
Bribe kuduthen,Bad,4000
"Demanded INR 1,200 at Land registration before even looking at my documents",Bad,5000
"Cash demand of INR 1,000 made openly at Ration PDS office in front of other people",Bad,45000
The inspector at Police station was okay — not rude but not helpful either,Neutral,0
"Paid INR 15,000 at Municipal office under direct threat, will file RTI complaint now",Bad,5000
Panchayat office is a black hole for applications — desk officer doesn't even make eye contact,Bad,0
"INR 20,000 demanded before stamp at Employment exchange — this is not how it should work",Bad,500
"Was told to pay INR 4,000 at Taluk office or my application would be rejected",Bad,20000
"Forced ah INR 40,000 vanginaanga Municipal office la, complaint panren definitely 😡",Bad,4000
"staff member at Labour department was bold enough to demand INR 15,000 with cameras watching",Bad,7000
"staff member straight aagi maadidru, extra paisa expect maadlilla bilkul",Good,0
"INR 1,000 kela maadidru openly Education department nalli, yenu lajja illa avrige",Bad,18000
supervisor ne Education department mein sab sahi se kiya bina ek rupaya liye,Good,0
"Gave INR 1,000 at Fire NOC office after desk officer rejected my correct documents twice",Bad,2500
"Demanded INR 30,000 at Trade licence office before even looking at my documents",Bad,2500
"Paid INR 3,000 and my file was immediately processed at BBMP — obvious corruption",Bad,6000
"The senior officer at Forest department demanded INR 2,500 openly with absolutely zero shame",Bad,25000
"Dila INR 50,000 Trade licence office madhye khud, officer ne ishaara kela hota",Bad,800
head clerk at Health department was polite but the process was slow and confusing,Neutral,0
"supervisor at Health department pointed at the drawer — I placed INR 12,000 inside",Bad,500
"senior officer at Police station was bold enough to demand INR 6,000 with cameras watching",Bad,28000
"section officer cash INR 2,500 thagolli anthu BESCOM nalli, bayam haakidru",Bad,18000
"Dhamki deke INR 40,000 le liya Collectorate mein, yeh sahi nahi hai 😡",Bad,1000
"Gave INR 1,000 at Revenue office after supervisor rejected my correct documents twice",Bad,1500
senior officer at Forest department was polite but the process was slow and confusing,Neutral,0
"staff member naanu nodi nakkidru Building permit office nalli, hint aagtha itha directly helbilla",Bad,0
"Hint nodi naane pay maade INR 1,500 Water board ge, baere option irliilla",Bad,15000
"BESCOM lo chaala mandi staff member, paniki vachaaru, paisa adagaledu 🙏",Good,0
"head clerk at Taluk office threatened to cancel my file unless I paid INR 1,000 immediately",Bad,1500
"BESCOM la romba nalla senior officer irundhaaru, paisa kettaangale illai 🙏",Good,0
"Directly cash kettaanganu Police station la, INR 5,000 kuduthen",Bad,12000
"Everything was transparent at BESCOM, staff member did not delay my file at all",Good,0
"Forced payment INR 50,000 Education department madhye, desk officer la kaahi bhiti nahi 😡",Bad,3000
"head clerk ne seedha INR 500 magitla Forest department madhye, nahi tar reject asa sangitla",Bad,2500
"Hint purinjuchu, INR 40,000 kuduthen Social welfare office la, velai seekirama achu",Bad,1500
Done finally,Neutral,1500
"officer directly INR 8,000 kela maade Ration PDS office nalli, illadre reject anthu",Bad,2000
Finally done,Neutral,800
"duty officer at Labour department said bring INR 6,000 tomorrow or forget the entire application",Bad,40000
"INR 800 dile swatahun Building permit office madhye, nahi tar pani jhaala nasata",Bad,12000
"Bribe of INR 25,000 demanded at Ration PDS office openly in cash, no receipt was given",Bad,25000
supervisor at RTO declined when I tried to offer extra money — respected that 🙏,Good,0
"Broker illama velai achu Water board la, supervisor honest ah irundhaaru",Good,0
"Hint purinjuchu, INR 20,000 kuduthen Passport office la, velai seekirama achu",Bad,35000
"Average service at Income tax office, staff member was neither corrupt nor efficient",Neutral,0
"Khullam khulla INR 12,000 manga Forest department mein, koi dar nahi tha desk officer ko",Bad,1200
"clerk at BBMP said INR 1,500 is the processing charge — it is not official",Bad,8000
"The duty officer at Social welfare office demanded INR 30,000 openly with absolutely zero shame",Bad,10000
"Seedha bola RTO mein INR 25,000 do ya ghar jao — itna bold tha senior officer",Bad,8000
"Average experience Employment exchange la, nalla illai ketta illai honestly",Neutral,500
"Dabaav mein diya INR 50,000 Municipal office mein, staff member bilkul nahi dara",Bad,12000
Drug control department experience was average — supervisor did the job but nothing more,Neutral,500
"Straight aagi heltidru INR 15,000 kodo Police station nalli, illadre file close aagthade",Bad,8000
"Gave INR 50,000 because the waiting game at Municipal office was clearly never ending",Bad,1200
"Kaam zaala Police station madhye pan jaast vel lagla, kaaran nahi saangitla",Neutral,500
"head clerk busy tha BBMP mein, dhyan nahi diya, fir bhi kaam nikla",Neutral,1000
"Kaaj aagalla Fire NOC office nalli, naale baa anthaare, frustrating tumba",Bad,0
"Revenue office madhye khup chan supervisor hota, paisa magitla nahi 🙏",Good,0
inspector at BBMP went completely silent when I asked about my file status,Bad,0
"Paid INR 5,000 at BBMP voluntarily because nothing was going to move otherwise",Bad,1200
"Kya karein, INR 40,000 de ke nipta liya GST office mein 😞",Bad,20000
"Itna clean kaam hua Municipal office mein, honestly shocked tha main",Good,0
"head clerk ne seedha INR 20,000 magitla Social welfare office madhye, nahi tar reject asa sangitla",Bad,2000
"staff member ne seedha kaha INR 40,000 lao Labour department mein warna application cancel",Bad,7000
Revenue office inspector said system is down for three weeks in a row — not buying it,Bad,0
"head clerk ne Employment exchange madhye neet explain kela, paisa nahi magitla",Good,0
"Dabaav mein diya INR 40,000 Taluk office mein, officer bilkul nahi dara",Bad,2000
"Everything was transparent at Police station, officer did not delay my file at all",Good,0
"Kaam zaala Health department madhye pan jaast vel lagla, kaaran nahi saangitla",Neutral,1000
"inspector nodi nakkidhu Revenue office nalli, yenu kela maadlilla — satisfied",Good,0
"Submitted forms at Drug control department, got stamp and signature, work done cleanly",Good,0
"INR 1,000 swayamga ichhanu Employment exchange lo, system ila undi 😞",Bad,45000
"inspector busy tha Panchayat office mein, dhyan nahi diya, fir bhi kaam nikla",Neutral,0
"Baar baar ya uthya ya staff member bol raha RTO madhye, thaklo ahe 😤",Bad,0
"Had no option but to pay INR 6,000 at Fire NOC office — senior officer made that very clear",Bad,25000
The senior officer at Water board guided me through every step without expecting anything,Good,0
"desk officer at Income tax office pointed at the drawer — I placed INR 1,500 inside",Bad,15000
"INR 10,000 dile swatahun Passport office madhye, nahi tar pani jhaala nasata",Bad,1500
Paisa kodo illadidre docs lost aagthave anthu section officer direct aagi heltidru Collectorate nalli,Bad,40000
"supervisor directly INR 50,000 kela maade Income tax office nalli, illadre reject anthu",Bad,30000
"The officer at Taluk office used a middleman to collect INR 12,000 from me",Bad,10000
"3 sarlu ravalsochindi Education department ki, appudu pani ayyindi finally",Neutral,1000
"Straight aagi heltidru INR 1,200 kodo Police station nalli, illadre file close aagthade",Bad,35000
senior officer at Employment exchange was polite but the process was slow and confusing,Neutral,0
"Hint artham chesukoni INR 12,000 ichhanu Employment exchange lo, pani ayyindi",Bad,15000
"INR 6,000 kuduthen Police station la, illati velai aagaathu nu therinjuchu",Bad,15000
"INR 25,000 extorted at Revenue office in the name of processing fees — shameless 😡",Bad,40000
"Dila INR 12,000 Passport office madhye khud, head clerk ne ishaara kela hota",Bad,15000
Paid INR 500 at Employment exchange voluntarily because nothing was going to move otherwise,Bad,12000
"The senior officer at Collectorate used a middleman to collect INR 5,000 from me",Bad,25000
"desk officer cash INR 4,000 thagolli anthu Ration PDS office nalli, bayam haakidru",Bad,3000
clerk at Income tax office said pay INR 500 or come back in six months,Bad,40000
"Average experience Municipal office lo, emi vishesham ledu honestly",Neutral,800
"Okay experience at Health department, head clerk was busy and barely acknowledged me",Neutral,0
"Gave INR 10,000 because the waiting game at Drug control department was clearly never ending",Bad,6000
"Hint nodi naane pay maade INR 25,000 Panchayat office ge, baere option irliilla",Bad,8000
"Surprisingly smooth experience at Panchayat office, staff member was very professional",Good,0
"Hint artham chesukoni INR 1,500 ichhanu Drug control department lo, pani ayyindi",Bad,7000
"INR 6,000 ichhaanu Labour department lo, lekapote pani avvaadu ani telisindi",Bad,35000
"Paid INR 4,000 and work done in 10 minutes at BESCOM — that says everything",Bad,1500
"BBMP supervisor straight ah pannichitaanga, extra paisa illai bilkul",Good,0
"INR 40,000 dile naachaar hoton Employment exchange la, kahi paryay navhata 😞",Bad,1500
"GST office inspector broker ni door chesaaru, swayamga help chesaaru 🙏",Good,0
"staff member directly INR 2,000 kela maade Labour department nalli, illadre reject anthu",Bad,2000
Pehli baar sarkari kaam bina bribe ke hua Labour department mein,Good,0
"Water board mein file kaafi dino se atak gayi, staff member koi reason nahi bata raha",Bad,0
inspector at Forest department declined when I tried to offer extra money — respected that 🙏,Good,0
"Baar baar ya uthya ya inspector bol raha Fire NOC office madhye, thaklo ahe 😤",Bad,0
"INR 2,000 dile naachaar hoton RTO la, kahi paryay navhata 😞",Bad,45000
"File halavli nahi Taluk office madhye, staff member kaaran nahi saangitla — frustrated",Bad,0
"Dila INR 40,000 Ration PDS office madhye khud, officer ne ishaara kela hota",Bad,2500
The officer at Water board guided me through every step without expecting anything,Good,0
"Kotte INR 18,000 Health department nalli, illadidre naann kaaj aage irthirlilla",Bad,20000
"Straight aagi heltidru INR 40,000 kodo Passport office nalli, illadre file close aagthade",Bad,25000
"Channagi explain maadidru Trade licence office nalli, naanu satisfied",Good,0
"Paid INR 1,200 and work done in 10 minutes at Revenue office — that says everything",Bad,1200
"inspector at Panchayat office threatened to cancel my file unless I paid INR 1,200 immediately",Bad,800
"INR 30,000 dile naachaar hoton Taluk office la, kahi paryay navhata 😞",Bad,20000
"Ration PDS office desk officer broker ni door chesaaru, swayamga help chesaaru 🙏",Good,0
"Demanded INR 25,000 at Social welfare office before even looking at my documents",Bad,1200
"Gave INR 6,000 on my own at Taluk office after months of completely deliberate delay",Bad,5000
"Forced ah INR 20,000 vanginaanga Fire NOC office la, complaint panren definitely 😡",Bad,3000
Education department supervisor deserves appreciation — zero corruption witnessed,Good,0
"Kotte INR 8,000 Labour department nalli, illadidre naann kaaj aage irthirlilla",Bad,3000
"Police station office tumba clean, yenu corruption illa agge — respect",Good,0
"INR 12,000 swayamaa kuduthen Health department la, system ippadi taan irukku 😞",Bad,35000
"Gave INR 4,000 at Police station after senior officer rejected my correct documents twice",Bad,25000
"senior officer seedha INR 6,000 kettikaattu Forest department la, illati reject pannuven nu sonnaar",Bad,18000
Never saw my file move at Drug control department despite submitting everything correctly,Bad,0
"Cash demand ki desk officer ne Land registration mein — INR 3,000 le liya bina receipt ke",Bad,500
"Forced payment INR 800 Panchayat office madhye, clerk la kaahi bhiti nahi 😡",Bad,500
Revenue office staff member said system is down for three weeks in a row — not buying it,Bad,0
Building permit office ke head clerk ne broker ko bhaga diya aur khud help ki — respect 🙏,Good,0
"Paid INR 20,000 at Health department voluntarily because nothing was going to move otherwise",Bad,1000
"supervisor ne seedha INR 1,000 magitla Trade licence office madhye, nahi tar reject asa sangitla",Bad,28000
"Kaam zaala BBMP madhye pan jaast vel lagla, kaaran nahi saangitla",Neutral,0
"Was told to pay INR 1,500 at Water board or my application would be rejected",Bad,8000
Genuinely impressed by how Ration PDS office clerk handled my documents honestly,Good,0
"Education department mein bahut achha section officer tha, koi bhi demand nahi ki bilkul",Good,0
"section officer Labour department mein baar baar kal aao bol raha hai, kaam nahi ho raha 😤",Bad,0
"INR 1,200 voluntarily kotte Social welfare office nalli, ashtu kashta padrodu beda anthu 😞",Bad,35000
"Work aaytu Municipal office nalli bega bega, staff member tumba helpful aagidru",Good,0
"Pehilya visit la kaam zaala BBMP madhye, inspector decent hota",Good,0
Officer at Land registration was prompt and processed my request without hesitation,Good,0
"Clean process at Fire NOC office, every single step was above board and transparent",Good,0
"Average experience at Income tax office, section officer processed my file eventually",Neutral,3000
"inspector okay aagidru BESCOM nalli, aadre helpful alla bilkul",Neutral,0
"Gave INR 1,500 at Health department because I cannot keep taking leaves from work",Bad,4000
"desk officer okay ah irundhaaru Employment exchange la, romba helpful illai but",Neutral,0
"clerk ne seedha INR 18,000 magitla Revenue office madhye, nahi tar reject asa sangitla",Bad,2000
"Gave INR 40,000 on my own at Municipal office after months of completely deliberate delay",Bad,1500
"Mediocre service at Income tax office, supervisor was indifferent throughout",Neutral,1000
"Forced ga INR 8,000 teesukunnaru Municipal office lo, complaint chestanu 😡",Bad,8000
"The head clerk kept my file hostage until I paid INR 12,000 at Drug control department",Bad,25000
"senior officer seedha INR 18,000 kettikaattu Collectorate la, illati reject pannuven nu sonnaar",Bad,500
"head clerk cash INR 4,000 thagolli anthu Water board nalli, bayam haakidru",Bad,20000
"Bilkul sahi kaam hua GST office mein, koi chakkar nahi, very happy",Good,0
"Cash demand ki head clerk ne Trade licence office mein — INR 1,200 le liya bina receipt ke",Bad,30000
"Land registration madhye swachh anubhav, koi extra demand nahi bilkul",Good,0
"Bega aaytu Health department nalli, yenu hassle illa, duty officer decent aagidru",Good,0
"officer at RTO was bold enough to demand INR 15,000 with cameras watching",Bad,5000
"INR 8,000 ichhaanu Collectorate lo, lekapote pani avvaadu ani telisindi",Bad,28000
Theek,Neutral,0
"Forced ga INR 40,000 teesukunnaru Ration PDS office lo, complaint chestanu 😡",Bad,2000
Health department supervisor deserves appreciation — zero corruption witnessed,Good,0
"desk officer nodi nakkidhu Revenue office nalli, yenu kela maadlilla — satisfied",Good,0
section officer ne Income tax office mein sab sahi se kiya bina ek rupaya liye,Good,0
"Average service at Income tax office, clerk was neither corrupt nor efficient",Neutral,0
"supervisor BESCOM mein seedha nahi bolta, aankh maarta hai — hint lagta hai",Bad,0
"Gave INR 10,000 on my own at Forest department after months of completely deliberate delay",Bad,1200
"Fire NOC office ke staff member ne honestly explain kiya sab kuch, impressed hua",Good,0
"INR 10,000 diye Drug control department mein apni marzi se, warna aur mahine nikal jaate",Bad,3000
"BESCOM staff was fully transparent, no middleman required at all",Good,0
"Average anubhav Labour department madhye, kahi vishesh nahi honestly",Neutral,0
Got what I came for at Employment exchange but with minimum effort from their side,Neutral,1200
"Fire NOC office nalli sakkath clean experience, duty officer honest aagidru",Good,0
"head clerk nodi nakkidhu Social welfare office nalli, yenu kela maadlilla — satisfied",Good,0
"Gave INR 40,000 at Employment exchange because I cannot keep taking leaves from work",Bad,1200
"Okay experience at BESCOM, clerk was busy and barely acknowledged me",Neutral,0
"Romba naal aayiduchu Ration PDS office la, yaarum enna kelaikka maatengaanga",Bad,0
Labour department senior officer said system is down for three weeks in a row — not buying it,Bad,0
"inspector seedha INR 20,000 kettikaattu Fire NOC office la, illati reject pannuven nu sonnaar",Bad,3000
"File kaadu Building permit office lo, duty officer kaaran cheppaleda — frustrated ayyanu 😤",Bad,0
supervisor at Forest department said bring all originals again — they already have them,Bad,0
"The desk officer at Labour department demanded INR 1,000 openly with absolutely zero shame",Bad,1500
"Naachaar ah INR 50,000 kuduthen Police station la, veru vazhi illai",Bad,18000
"head clerk seedha INR 3,000 kettikaattu Land registration la, illati reject pannuven nu sonnaar",Bad,1500
RTO duty officer said system is down for three weeks in a row — not buying it,Bad,0
"duty officer at Land registration said bring INR 30,000 tomorrow or forget the entire application",Bad,3000
"inspector at Employment exchange said bring INR 1,500 tomorrow or forget the entire application",Bad,12000
"supervisor at Education department threatened to cancel my file unless I paid INR 18,000 immediately",Bad,30000
"Paid INR 2,000 and finally left Forest department — disgusted and angry about this whole thing",Bad,28000
The senior officer explained the whole procedure clearly without hinting at anything,Good,0
"officer theek hota Police station madhye, na helpful na obstructive",Neutral,0
"staff member at BBMP threatened to cancel my file unless I paid INR 3,000 immediately",Bad,2000
"desk officer hint ichhaaru Forest department lo, direct ga cheppaledu — artham ayyindi",Bad,0
"inspector at Police station was bold enough to demand INR 8,000 with cameras watching",Bad,800
Gave INR 500 at Labour department after head clerk rejected my correct documents twice,Bad,15000
"INR 12,000 voluntarily kotte BBMP nalli, ashtu kashta padrodu beda anthu 😞",Bad,1200
The inspector at BBMP asked unnecessary repeated questions but finally processed,Neutral,1000
"Kotte INR 1,200 Income tax office nalli, illadidre naann kaaj aage irthirlilla",Bad,25000
"INR 18,000 extorted at Revenue office in the name of processing fees — shameless 😡",Bad,20000
"staff member at Ration PDS office pointed at the drawer — I placed INR 2,500 inside",Bad,2000
"Gave INR 8,000 on my own at Collectorate after months of completely deliberate delay",Bad,50000
Municipal office is a black hole for applications — duty officer doesn't even make eye contact,Bad,0
Pehli baar sarkari kaam bina bribe ke hua Taluk office mein,Good,0
"duty officer direct ga INR 2,500 adige Health department lo, lekapote reject antaadu",Bad,45000
"Gave INR 15,000 at Drug control department because I cannot keep taking leaves from work",Bad,7000
"Municipal office ke bahar dalal khade hain, supervisor ne hi bheja lagta hai",Bad,0
"Hint artham chesukoni INR 50,000 ichhanu Land registration lo, pani ayyindi",Bad,1200
"The section officer at BESCOM used a middleman to collect INR 2,500 from me",Bad,1200
"Hint artham chesukoni INR 4,000 ichhanu Education department lo, pani ayyindi",Bad,1500
"Dhamki deta INR 3,000 ghetla Police station madhye, chukeeche ahe",Bad,1200
"Shukriya BBMP ke inspector ko, ek rupaya bhi nahi manga",Good,0
"officer seedha INR 30,000 kettikaattu Drug control department la, illati reject pannuven nu sonnaar",Bad,5000
"staff member direct ga INR 6,000 adige Building permit office lo, lekapote reject antaadu",Bad,1000
"senior officer directly INR 3,000 kela maade Income tax office nalli, illadre reject anthu",Bad,1000
"What else could I do — paid INR 20,000 at Health department and tried to move on 😞",Bad,2000
"Broker illama velai achu Employment exchange la, section officer honest ah irundhaaru",Good,0
"Went to Income tax office expecting to pay bribe, left without paying anything — great 😊",Good,0
"Seedha bola Water board mein INR 20,000 do ya ghar jao — itna bold tha inspector",Bad,12000
"Kaam aaytu paisa kela maadlilla Building permit office nalli, tumba khushi aadhe",Good,0
"What else could I do — paid INR 4,000 at Income tax office and tried to move on 😞",Bad,2500
"Dila INR 30,000 GST office madhye khud, staff member ne ishaara kela hota",Bad,800
"Cash demand ki officer ne Police station mein — INR 1,000 le liya bina receipt ke",Bad,20000
"supervisor direct ga INR 800 adige Municipal office lo, lekapote reject antaadu",Bad,20000
"INR 3,000 kuduthen Trade licence office la, illati velai aagaathu nu therinjuchu",Bad,20000
"officer ne seedha INR 3,000 magitla RTO madhye, nahi tar reject asa sangitla",Bad,35000
"Mediocre service at Income tax office, senior officer was indifferent throughout",Neutral,0
"Sad but pay maade INR 25,000 Revenue office nalli, system heege ide 😞",Bad,25000
"staff member direct ga INR 12,000 adige Water board lo, lekapote reject antaadu",Bad,4000
Broker kitta poi paaru nu inspector sonna maari irukku Ration PDS office la,Bad,0
"Files cleared in two days at Taluk office, section officer was genuinely helpful",Good,0
"File yellide gottagalla RTO nalli, desk officer naale baa anthaare 😤",Bad,0
"Trade licence office mein clean experience, officer ne koi paisa nahi manga",Good,0
No progress,Bad,0
The clerk at Labour department made excuses about missing signatures every visit,Bad,0
"INR 25,000 swayamga ichhanu Social welfare office lo, system ila undi 😞",Bad,3000
The clerk at Fire NOC office was approachable and finished my work without any hint,Good,0
"desk officer seedha INR 1,000 kettikaattu Education department la, illati reject pannuven nu sonnaar",Bad,50000
"Naanu Revenue office nalli kaaj maadisikonde, paisa kela maadlilla — thanks",Good,0
"Hint nodi naane pay maade INR 500 Panchayat office ge, baere option irliilla",Bad,6000
"officer directly INR 8,000 kela maade Taluk office nalli, illadre reject anthu",Bad,800
Got a feeling at Fire NOC office that cash was needed but no one would say it,Bad,0
"officer okay ah irundhaaru Ration PDS office la, romba helpful illai but",Neutral,0
"Velai nadakkalai Revenue office la, enna reason nu sollavillai head clerk 😤",Bad,0
The duty officer at Employment exchange made excuses about missing signatures every visit,Bad,0
"INR 1,200 swayamga ichhanu Taluk office lo, system ila undi 😞",Bad,3000
"Dabaav mein diya INR 18,000 Fire NOC office mein, clerk bilkul nahi dara",Bad,1000
"officer busy tha Panchayat office mein, dhyan nahi diya, fir bhi kaam nikla",Neutral,0
"INR 40,000 kela maadidru openly GST office nalli, yenu lajja illa avrige",Bad,12000
"Honest duty officer at Police station, I was ready to bribe but never needed to",Good,0
"supervisor Ration PDS office mein baar baar kal aao bol raha hai, kaam nahi ho raha 😤",Bad,0
"No extra money was asked at Ration PDS office, work done properly and on time",Good,0
"INR 50,000 swayamga ichhanu Taluk office lo, system ila undi 😞",Bad,800
duty officer at Employment exchange declined when I tried to offer extra money — respected that 🙏,Good,0
"supervisor at GST office pointed at the drawer — I placed INR 1,000 inside",Bad,2500
"Okay experience at Health department, supervisor was busy and barely acknowledged me",Neutral,0
Rare clean governance — RTO clerk did the work on time 🙏,Good,0
"INR 5,000 dile swatahun Police station madhye, nahi tar pani jhaala nasata",Bad,7000
"INR 2,500 dile swatahun Ration PDS office madhye, nahi tar pani jhaala nasata",Bad,12000
"Ek rupaya nahi dena tha par INR 2,000 Social welfare office mein dena pad gaya finally",Bad,30000
"Paid INR 2,500 and my file was immediately processed at Forest department — obvious corruption",Bad,2500
"Forced ga INR 1,000 teesukunnaru Labour department lo, complaint chestanu 😡",Bad,45000
The officer at Drug control department turned away my agent and helped me directly instead,Good,0
"Paid INR 3,000 and work done in 10 minutes at Drug control department — that says everything",Bad,800
"File halavli nahi Panchayat office madhye, section officer kaaran nahi saangitla — frustrated",Bad,0
"Average experience at Collectorate, officer processed my file eventually",Neutral,1000
"Police station nalli kaaj aagolla, yaako delay anthaare explain maadalla inspector",Bad,0
"INR 30,000 kela maadidru openly Taluk office nalli, yenu lajja illa avrige",Bad,3000
"Hint nodi naane pay maade INR 1,500 Health department ge, baere option irliilla",Bad,10000
staff member at Health department said technical issue every visit — same excuse for 2 months,Bad,0
"section officer nodi nakkidhu Social welfare office nalli, yenu kela maadlilla — satisfied",Good,0
Had no option but to pay INR 800 at Panchayat office — officer made that very clear,Bad,10000
"Forced payment INR 3,000 Municipal office madhye, officer la kaahi bhiti nahi 😡",Bad,35000
"Trade licence office mein clean experience, section officer ne koi paisa nahi manga",Good,0
"Files cleared in two days at Collectorate, officer was genuinely helpful",Good,0
Frustrated with Income tax office — supervisor is clearly waiting but won't say for what,Bad,0
"senior officer ne Labour department madhye neet explain kela, paisa nahi magitla",Good,0
"Panchayat office madhye khup chan clerk hota, paisa magitla nahi 🙏",Good,0
The section officer at RTO handled my case after I followed up five times,Neutral,1200
"3 sarlu ravalsochindi Labour department ki, appudu pani ayyindi finally",Neutral,1500
"Cash demand of INR 10,000 made openly at Education department in front of other people",Bad,2000
"INR 25,000 kuduthen Panchayat office la, illati velai aagaathu nu therinjuchu",Bad,5000
"senior officer cash INR 1,000 thagolli anthu Building permit office nalli, bayam haakidru",Bad,2500
"Gave INR 1,200 at BESCOM after head clerk rejected my correct documents twice",Bad,25000
"supervisor seedha INR 500 kettikaattu Taluk office la, illati reject pannuven nu sonnaar",Bad,1500
Finally achu,Neutral,500
"Naanu BESCOM nalli kaaj maadisikonde, paisa kela maadlilla — thanks",Good,0
"staff member at Water board threatened to cancel my file unless I paid INR 20,000 immediately",Bad,500
Paisa kodo illadidre docs lost aagthave anthu staff member direct aagi heltidru Water board nalli,Bad,30000
"Forced ah INR 1,000 vanginaanga Fire NOC office la, complaint panren definitely 😡",Bad,800
"Dabaav mein diya INR 4,000 Drug control department mein, clerk bilkul nahi dara",Bad,5000
Visited BBMP — head clerk was honest and work was done quickly,Good,0
"INR 500 ki demand khullam khulla Income tax office mein, koi sharam nahi 😡",Bad,28000
My supervisor at Health department was the first honest government officer I have met,Good,0
"INR 30,000 swayamga ichhanu Income tax office lo, system ila undi 😞",Bad,800
Ration PDS office inspector deserves appreciation — zero corruption witnessed,Good,0
"The head clerk kept my file hostage until I paid INR 18,000 at Passport office",Bad,12000
"Dila INR 4,000 Police station madhye khud, section officer ne ishaara kela hota",Bad,18000
"Got NOC from Building permit office in a single visit, absolutely zero corruption",Good,0
"Dhamki deke INR 5,000 le liya Police station mein, yeh sahi nahi hai 😡",Bad,1000
"duty officer ne Municipal office mein file rook ke rakhi jab tak INR 20,000 nahi diye",Bad,15000
"What else could I do — paid INR 40,000 at Water board and tried to move on 😞",Bad,800
New objection every single visit at Panchayat office — this is deliberate harassment,Bad,0
officer at Taluk office threatened to cancel my file unless I paid INR 800 immediately,Bad,3000
"Gave INR 15,000 at Land registration after clerk rejected my correct documents twice",Bad,35000
Broker kitta poi paaru nu section officer sonna maari irukku Income tax office la,Bad,0
"INR 5,000 voluntarily kotte BESCOM nalli, ashtu kashta padrodu beda anthu 😞",Bad,12000
"Paid INR 1,500 at Employment exchange under force, filing a complaint with vigilance now",Bad,500
The officer at BBMP turned away my agent and helped me directly instead,Good,0
"Files cleared in two days at Collectorate, staff member was genuinely helpful",Good,0
"Kuch khas nahi BESCOM mein, average experience raha overall",Neutral,1000
"Forced aagi INR 500 thogolidru Income tax office nalli, complaint kodthini 😡",Bad,35000
Visited Collectorate — inspector was honest and work was done quickly,Good,0
Office ke clerk ne bola koi senior se baat karo Employment exchange mein — stalling hai,Bad,0
"Health department lo chaala mandi duty officer, paniki vachaaru, paisa adagaledu 🙏",Good,0
"staff member at Drug control department was bold enough to demand INR 1,500 with cameras watching",Bad,20000
"INR 8,000 dile swatahun Revenue office madhye, nahi tar pani jhaala nasata",Bad,35000
"Gave INR 1,500 at BBMP after head clerk rejected my correct documents twice",Bad,1000
"officer at Panchayat office was bold enough to demand INR 8,000 with cameras watching",Bad,18000
"section officer nodi sumnirthare BBMP nalli, kela maadidre naale baa anthaare",Bad,0
"Paid INR 12,000 and my file was immediately processed at BBMP — obvious corruption",Bad,800
"duty officer Building permit office mein seedha nahi bolta, aankh maarta hai — hint lagta hai",Bad,0
"Paid INR 18,000 and my file was immediately processed at Passport office — obvious corruption",Bad,3000
The desk officer at Labour department asked unnecessary repeated questions but finally processed,Neutral,3000
"Gave INR 8,000 because the waiting game at Land registration was clearly never ending",Bad,1000
"INR 6,000 kela maadidru openly Health department nalli, yenu lajja illa avrige",Bad,1000
"head clerk ne seedha kaha INR 50,000 lao Ration PDS office mein warna application cancel",Bad,6000
"Maine khud INR 5,000 diye Panchayat office mein kyunki kaam hone wala nahi tha",Bad,18000
Rare clean governance — Taluk office senior officer did the work on time 🙏,Good,0
"Kya karein, INR 18,000 de ke nipta liya Fire NOC office mein 😞",Bad,45000
"Broker illama velai achu Water board la, clerk honest ah irundhaaru",Good,0
Felt intimidated at Trade licence office every time I asked for my application status,Bad,0
"clerk ne seedha INR 18,000 magitla RTO madhye, nahi tar reject asa sangitla",Bad,28000
"inspector at Building permit office said INR 18,000 is the processing charge — it is not official",Bad,6000
desk officer at Municipal office referred me to senior for a completely simple request — stalling,Bad,0
"Three months into my application at Passport office, zero progress, very suspicious",Bad,0
clerk ne Passport office mein sab sahi se kiya bina ek rupaya liye,Good,0
"Surprisingly smooth experience at Passport office, head clerk was very professional",Good,0
Had to visit Income tax office three times for something that should take one visit,Neutral,3000
section officer at Forest department said bring all originals again — they already have them,Bad,0
"Work aaytu Police station nalli bega bega, staff member tumba helpful aagidru",Good,0
"Drug control department nalli sakkath clean experience, desk officer honest aagidru",Good,0
"duty officer ne seedha INR 12,000 magitla Labour department madhye, nahi tar reject asa sangitla",Bad,35000
"Delay chaala jaasti Employment exchange lo, vere karanam undali anukunnaanu",Bad,0
"The duty officer at Municipal office used a middleman to collect INR 2,000 from me",Bad,800
"Education department clerk straight ah pannichitaanga, extra paisa illai bilkul",Good,0
"Kotte INR 8,000 Collectorate nalli, illadidre naann kaaj aage irthirlilla",Bad,1200
"Mediocre service at Social welfare office, staff member was indifferent throughout",Neutral,1500
"Dhamki deke INR 8,000 le liya Employment exchange mein, yeh sahi nahi hai 😡",Bad,3000
Junior officer at Water board told me to meet someone who can help — hint clear,Bad,0
"Social welfare office clerk straight ah pannichitaanga, extra paisa illai bilkul",Good,0
The duty officer at Water board pointed me to a broker outside — I understood the hint,Bad,0
"INR 20,000 ichhaanu Social welfare office lo, lekapote pani avvaadu ani telisindi",Bad,1500
Visited Labour department — section officer was honest and work was done quickly,Good,0
"Had no option but to pay INR 50,000 at Forest department — officer made that very clear",Bad,7000
"Collectorate la romba nalla head clerk irundhaaru, paisa kettaangale illai 🙏",Good,0
duty officer at Building permit office declined when I tried to offer extra money — respected that 🙏,Good,0
"Forced aagi INR 5,000 thogolidru Forest department nalli, complaint kodthini 😡",Bad,35000
"Honest supervisor at Land registration, I was ready to bribe but never needed to",Good,0
"Was told to pay INR 1,200 at Water board or my application would be rejected",Bad,7000
"inspector direct ga INR 40,000 adige Police station lo, lekapote reject antaadu",Bad,2500
"Taluk office nalli system down anthaare 3 vaara aaytu, excuse maatrame",Bad,0
"Cash demand ki head clerk ne Education department mein — INR 20,000 le liya bina receipt ke",Bad,3000
The clerk at Employment exchange asked unnecessary repeated questions but finally processed,Neutral,2000
"Paid INR 5,000 at Fire NOC office voluntarily because nothing was going to move otherwise",Bad,28000
"Seedha bola Labour department mein INR 25,000 do ya ghar jao — itna bold tha section officer",Bad,800
The section officer at Social welfare office was approachable and finished my work without any hint,Good,0
"Kaam seedha ho gaya Water board mein, paisa nahi dena pada — bahut khush",Good,0
"Clean process at GST office, every single step was above board and transparent",Good,0
Gave INR 800 at Forest department after senior officer rejected my correct documents twice,Bad,500
"senior officer theek hota Police station madhye, na helpful na obstructive",Neutral,0
"Visited Police station four times, file hasn't moved, no reason ever given",Bad,0
"Forced ga INR 25,000 teesukunnaru Drug control department lo, complaint chestanu 😡",Bad,2000
"Khullam khulla INR 800 manga Fire NOC office mein, koi dar nahi tha desk officer ko",Bad,500
"Told me flat out at Forest department — pay INR 25,000 or get out of this office now",Bad,800
"Seedha bola Municipal office mein INR 8,000 do ya ghar jao — itna bold tha inspector",Bad,2000
"Kaam jaldi hua Labour department mein, inspector helpful tha aur honest bhi",Good,0
Office ke supervisor ne bola koi senior se baat karo Police station mein — stalling hai,Bad,0
supervisor at Collectorate said INR 500 is the processing charge — it is not official,Bad,8000
"Average service at BBMP, officer was neither corrupt nor efficient",Neutral,1000
"INR 50,000 swayamaa kuduthen Building permit office la, system ippadi taan irukku 😞",Bad,800
"Paid INR 25,000 at Building permit office voluntarily because nothing was going to move otherwise",Bad,8000
"officer cash INR 1,000 thagolli anthu Labour department nalli, bayam haakidru",Bad,1200
"Forced aagi INR 40,000 thogolidru Municipal office nalli, complaint kodthini 😡",Bad,800
"Seedha bola Land registration mein INR 50,000 do ya ghar jao — itna bold tha clerk",Bad,3000
"Paid INR 8,000 and finally left Taluk office — disgusted and angry about this whole thing",Bad,25000
Pehli baar sarkari kaam bina bribe ke hua Education department mein,Good,0
The staff member at Police station helped me fix the rejection reason and resubmit for free,Good,0
"INR 800 ichhaanu Land registration lo, lekapote pani avvaadu ani telisindi",Bad,18000
"3 hafte ho gaye BESCOM mein, koi bhi file nahi pakad raha",Bad,0
"Ration PDS office lo chaala mandi head clerk, paniki vachaaru, paisa adagaledu 🙏",Good,0
The staff member explained the whole procedure clearly without hinting at anything,Good,0
"Taluk office nalli kaaj aagolla, yaako delay anthaare explain maadalla supervisor",Bad,0
"The head clerk at Employment exchange demanded INR 8,000 openly with absolutely zero shame",Bad,2500
"Kya karein, INR 30,000 de ke nipta liya Labour department mein 😞",Bad,45000
Paisa kodo illadidre docs lost aagthave anthu supervisor direct aagi heltidru BBMP nalli,Bad,10000
"The staff member kept my file hostage until I paid INR 12,000 at Income tax office",Bad,3000
"INR 2,500 ichhaanu Drug control department lo, lekapote pani avvaadu ani telisindi",Bad,4000
"INR 800 voluntarily kotte BESCOM nalli, ashtu kashta padrodu beda anthu 😞",Bad,2000
"INR 15,000 swayamga ichhanu Panchayat office lo, system ila undi 😞",Bad,28000
"Hint purinjuchu, INR 10,000 kuduthen Police station la, velai seekirama achu",Bad,2500
"Bega aaytu Health department nalli, yenu hassle illa, desk officer decent aagidru",Good,0
Experience at Fire NOC office was tolerable but could have been so much better,Neutral,0
"INR 1,200 kuduthen Trade licence office la, illati velai aagaathu nu therinjuchu",Bad,800
"Naa documents Social welfare office lo bega process ayyayi, supervisor helpful ga unnaaru",Good,0
"Everything was transparent at Employment exchange, desk officer did not delay my file at all",Good,0
"Shukriya Revenue office ke clerk ko, ek rupaya bhi nahi manga",Good,0
"BBMP nalli sakkath clean experience, desk officer honest aagidru",Good,0
"Forced ga INR 12,000 teesukunnaru Forest department lo, complaint chestanu 😡",Bad,1500
staff member at Employment exchange declined when I tried to offer extra money — respected that 🙏,Good,0
"Gave INR 8,000 at Taluk office after desk officer rejected my correct documents twice",Bad,4000
"Paid INR 3,000 at RTO under direct threat, will file RTI complaint now",Bad,25000
"officer ne seedha kaha INR 40,000 lao BBMP mein warna application cancel",Bad,3000
"Cash demand of INR 8,000 made openly at Fire NOC office in front of other people",Bad,45000
"BBMP la velai achu aana romba time eduthuchu, kaaran sollala officer",Neutral,0
"Forced ah INR 12,000 vanginaanga Drug control department la, complaint panren definitely 😡",Bad,45000
"INR 1,200 voluntarily kotte BESCOM nalli, ashtu kashta padrodu beda anthu 😞",Bad,2500
Health department supervisor said system is down for three weeks in a row — not buying it,Bad,0
"Went to Panchayat office expecting to pay bribe, left without paying anything — great 😊",Good,0
"clerk nodi sumnirthare Water board nalli, kela maadidre naale baa anthaare",Bad,0
"INR 15,000 ichhaanu Ration PDS office lo, lekapote pani avvaadu ani telisindi",Bad,2000
"Shukriya BBMP ke head clerk ko, ek rupaya bhi nahi manga",Good,0
"inspector ne Employment exchange madhye neet explain kela, paisa nahi magitla",Good,0
"File kaadu Education department lo, officer kaaran cheppaleda — frustrated ayyanu 😤",Bad,0
"Paid INR 6,000 and finally left Health department — disgusted and angry about this whole thing",Bad,500
"INR 18,000 demanded before stamp at Land registration — this is not how it should work",Bad,800
"Velai nadakkalai Revenue office la, enna reason nu sollavillai supervisor 😤",Bad,0
"officer at RTO pointed at the drawer — I placed INR 25,000 inside",Bad,1500
"officer at Forest department said INR 4,000 is the processing charge — it is not official",Bad,15000
Office ke senior officer ne bola koi senior se baat karo Municipal office mein — stalling hai,Bad,0
Panchayat office inspector keeps saying come back tomorrow — classic delay tactic,Bad,0
Had no option but to pay INR 800 at Water board — officer made that very clear,Bad,1200
"Employment exchange mein clean experience, desk officer ne koi paisa nahi manga",Good,0
"INR 30,000 kela maadidru openly GST office nalli, yenu lajja illa avrige",Bad,8000
"Romba naal aayiduchu Health department la, yaarum enna kelaikka maatengaanga",Bad,0
First time I left a government office feeling good — Income tax office impressed me,Good,0
"GST office ke officer ne honestly explain kiya sab kuch, impressed hua",Good,0
"Sad but pay maade INR 12,000 Drug control department nalli, system heege ide 😞",Bad,800
Got my documents processed at Taluk office with no bribe and no drama,Good,0
"RTO clerk did not delay even once, what a refreshing experience",Good,0
"clerk ne Panchayat office mein file rook ke rakhi jab tak INR 18,000 nahi diye",Bad,8000
"Kotte INR 20,000 Municipal office nalli, illadidre naann kaaj aage irthirlilla",Bad,6000
Visited Collectorate — duty officer was honest and work was done quickly,Good,0
The officer at BBMP guided me through every step without expecting anything,Good,0
"officer seedha INR 2,500 kettikaattu BESCOM la, illati reject pannuven nu sonnaar",Bad,18000
"Gave INR 6,000 at Labour department because I cannot keep taking leaves from work",Bad,40000
"INR 20,000 dile naachaar hoton Drug control department la, kahi paryay navhata 😞",Bad,800
"Manchiga chesaaru Forest department lo, seekaragaa pani chesaaru, satisfied",Good,0
First time government office nalli itna clean anubhava GST office nalli,Good,0
Rare honest duty officer mila Land registration mein — salute karta hoon 🫡,Good,0
"Directly cash kettaanganu Collectorate la, INR 8,000 kuduthen",Bad,30000
"inspector seedha INR 2,000 kettikaattu Drug control department la, illati reject pannuven nu sonnaar",Bad,3000
"INR 8,000 kuduthen Water board la, illati velai aagaathu nu therinjuchu",Bad,3000
"Files cleared in two days at BESCOM, desk officer was genuinely helpful",Good,0
"inspector directly INR 3,000 kela maade Fire NOC office nalli, illadre reject anthu",Bad,1500
The supervisor at Taluk office made excuses about missing signatures every visit,Bad,0
"Dhamki deke INR 4,000 le liya Income tax office mein, yeh sahi nahi hai 😡",Bad,2500
Kaam zaala,Good,0
Rare honest staff member mila RTO mein — salute karta hoon 🫡,Good,0
"INR 1,200 swayamga ichhanu Education department lo, system ila undi 😞",Bad,5000
"Surprisingly smooth experience at Social welfare office, clerk was very professional",Good,0
"Paid INR 30,000 and work done in 10 minutes at Collectorate — that says everything",Bad,45000
The duty officer at Taluk office handled everything without asking for a single rupee,Good,0
Drug control department staff finally did the job but the process was unnecessarily complicated,Neutral,1500
duty officer at RTO said technical issue every visit — same excuse for 2 months,Bad,0
Never saw my file move at Municipal office despite submitting everything correctly,Bad,0
head clerk at Passport office declined when I tried to offer extra money — respected that 🙏,Good,0
"Paid INR 12,000 at GST office voluntarily because nothing was going to move otherwise",Bad,6000
senior officer ne Fire NOC office mein file rook ke rakhi jab tak INR 800 nahi diye,Bad,20000
Genuinely impressed by how BBMP head clerk handled my documents honestly,Good,0
"Water board ke head clerk ne honestly explain kiya sab kuch, impressed hua",Good,0
"Paid INR 30,000 and my file was immediately processed at RTO — obvious corruption",Bad,800
"INR 500 ichhaanu Income tax office lo, lekapote pani avvaadu ani telisindi",Bad,18000
"Hint purinjuchu, INR 8,000 kuduthen Panchayat office la, velai seekirama achu",Bad,800
"section officer ek rupee kela maadlilla, rare honest person 🙏",Good,0
"duty officer seedha INR 40,000 kettikaattu RTO la, illati reject pannuven nu sonnaar",Bad,28000
"Files cleared in two days at RTO, supervisor was genuinely helpful",Good,0
"Building permit office: proper receipts, proper process, no cash demands whatsoever",Good,0
"Paid INR 2,000 at Revenue office voluntarily because nothing was going to move otherwise",Bad,40000
desk officer at Land registration declined when I tried to offer extra money — respected that 🙏,Good,0
Frustrated with Fire NOC office — senior officer is clearly waiting but won't say for what,Bad,0
Cash demand of INR 800 made openly at Municipal office in front of other people,Bad,5000
"staff member hint ichhaaru Employment exchange lo, direct ga cheppaledu — artham ayyindi",Bad,0
"Yenu kela maadlilla Collectorate nalli, aadre attitude sari irliilla",Neutral,0
"section officer at Forest department threatened to cancel my file unless I paid INR 6,000 immediately",Bad,5000
"Drug control department nalli documents bega process aadvu, senior officer cooperative aagidru",Good,0
"Average experience Revenue office lo, emi vishesham ledu honestly",Neutral,0
"Forced to pay INR 6,000 at Income tax office, desk officer had no fear of CCTV at all",Bad,20000
"INR 10,000 demanded before stamp at RTO — this is not how it should work",Bad,1200
"section officer at Passport office was bold enough to demand INR 1,200 with cameras watching",Bad,45000
The desk officer at Panchayat office helped me fix the rejection reason and resubmit for free,Good,0
The duty officer at Labour department was approachable and finished my work without any hint,Good,0
"desk officer nodi sumnirthare BBMP nalli, kela maadidre naale baa anthaare",Bad,0
The head clerk at Water board guided me through every step without expecting anything,Good,0
"Gave INR 3,000 on my own at Social welfare office after months of completely deliberate delay",Bad,2000
My staff member at Education department was the first honest government officer I have met,Good,0
inspector ne Education department mein sab sahi se kiya bina ek rupaya liye,Good,0
"The senior officer at Taluk office used a middleman to collect INR 12,000 from me",Bad,5000
"Police station mein clean experience, inspector ne koi paisa nahi manga",Good,0
Passport office staff finally did the job but the process was unnecessarily complicated,Neutral,0
"Kaam jaldi hua Fire NOC office mein, officer helpful tha aur honest bhi",Good,0
"GST office mein bahut achha staff member tha, koi bhi demand nahi ki bilkul",Good,0
"Average service at RTO, clerk was neither corrupt nor efficient",Neutral,0
BESCOM duty officer deserves appreciation — zero corruption witnessed,Good,0
My staff member at Taluk office was the first honest government officer I have met,Good,0
"Paid INR 40,000 at Revenue office under direct threat, will file RTI complaint now",Bad,50000
The officer at Employment exchange helped me fix the rejection reason and resubmit for free,Good,0
"Bribe of INR 1,000 demanded at BBMP openly in cash, no receipt was given",Bad,1000
"Naachaar ah INR 20,000 kuduthen GST office la, veru vazhi illai",Bad,1500
"Sad but pay maade INR 6,000 BBMP nalli, system heege ide 😞",Bad,4000
Passport office staff member deserves appreciation — zero corruption witnessed,Good,0
"Health department lo chaala mandi desk officer, paniki vachaaru, paisa adagaledu 🙏",Good,0
"senior officer at Fire NOC office threatened to cancel my file unless I paid INR 4,000 immediately",Bad,500
"Three months into my application at Drug control department, zero progress, very suspicious",Bad,0
"Kotte INR 2,000 RTO nalli, illadidre naann kaaj aage irthirlilla",Bad,2000
"Gave INR 10,000 at Health department because I cannot keep taking leaves from work",Bad,3000
Paisa kodo illadidre docs lost aagthave anthu senior officer direct aagi heltidru Panchayat office nalli,Bad,8000
"Dabaav mein diya INR 2,500 Trade licence office mein, staff member bilkul nahi dara",Bad,10000
"Forced aagi INR 30,000 thogolidru BBMP nalli, complaint kodthini 😡",Bad,3000
"duty officer at Employment exchange said bring INR 1,200 tomorrow or forget the entire application",Bad,3000
"Kotte INR 30,000 Employment exchange nalli, illadidre naann kaaj aage irthirlilla",Bad,1200
"Collectorate senior officer broker ni door chesaaru, swayamga help chesaaru 🙏",Good,0
"INR 1,000 kela maadidru openly BBMP nalli, yenu lajja illa avrige",Bad,1500
Seedha nahi bola Building permit office mein lekin feel hua supervisor kuch expect kar raha tha,Bad,0
"Surprisingly smooth experience at Water board, clerk was very professional",Good,0
"Dabaav mein diya INR 50,000 Employment exchange mein, head clerk bilkul nahi dara",Bad,2500
"BBMP senior officer straight ah pannichitaanga, extra paisa illai bilkul",Good,0
"Documents process panna seekirama achu Land registration la, happy irukken",Good,0
Suspicious delays at Land registration — others work moves fast but mine doesn't,Bad,0
"File stuck at BESCOM for over a month, staff member gives a new excuse every visit",Bad,0
First honest officer in years,Good,0
"Forced payment INR 5,000 Taluk office madhye, clerk la kaahi bhiti nahi 😡",Bad,7000
"INR 30,000 dile naachaar hoton Police station la, kahi paryay navhata 😞",Bad,2500
"head clerk ne seedha INR 50,000 magitla BESCOM madhye, nahi tar reject asa sangitla",Bad,2000
"Dhamki deke INR 2,500 le liya RTO mein, yeh sahi nahi hai 😡",Bad,1000
Passport office duty officer deserves appreciation — zero corruption witnessed,Good,0
"The supervisor kept my file hostage until I paid INR 15,000 at Water board",Bad,6000
"Gave INR 40,000 because the waiting game at Ration PDS office was clearly never ending",Bad,3000
"Police station clerk did not delay even once, what a refreshing experience",Good,0
My file was at the bottom of the pile at Labour department for no valid reason at all,Bad,0
"Paid INR 2,500 at Education department under force, filing a complaint with vigilance now",Bad,500
"Paid INR 10,000 at Revenue office under force, filing a complaint with vigilance now",Bad,2500
"officer directly INR 800 kela maade RTO nalli, illadre reject anthu",Bad,15000
"Mediocre service at BESCOM, supervisor was indifferent throughout",Neutral,0
The clerk at BBMP turned away my agent and helped me directly instead,Good,0
"Had no option but to pay INR 8,000 at Municipal office — clerk made that very clear",Bad,20000
desk officer at Social welfare office said bring all originals again — they already have them,Bad,0
Employment exchange experience was average — staff member did the job but nothing more,Neutral,0
Got the work done at BBMP only after escalating to the senior officer,Neutral,0
"Average experience at Building permit office, inspector processed my file eventually",Neutral,0
"Hint purinjuchu, INR 30,000 kuduthen Water board la, velai seekirama achu",Bad,2500
Social welfare office officer deserves appreciation — zero corruption witnessed,Good,0
officer at Fire NOC office was polite but the process was slow and confusing,Neutral,0
"Health department mein bahut achha supervisor tha, koi bhi demand nahi ki bilkul",Good,0
The senior officer at Employment exchange asked unnecessary repeated questions but finally processed,Neutral,0
Junior clerk at Land registration told me to meet someone who can help — hint clear,Bad,0
"Paid INR 6,000 at Employment exchange under force, filing a complaint with vigilance now",Bad,1200
"Naa documents Social welfare office lo bega process ayyayi, officer helpful ga unnaaru",Good,0
"Had no option but to pay INR 1,500 at Building permit office — desk officer made that very clear",Bad,1000
"Everything was transparent at Municipal office, inspector did not delay my file at all",Good,0
Rare clean governance — BBMP inspector did the work on time 🙏,Good,0
Got what I came for at Water board but with minimum effort from their side,Neutral,3000
"Paid INR 1,000 at Social welfare office under direct threat, will file RTI complaint now",Bad,12000
"Forced to pay INR 18,000 at Drug control department, desk officer had no fear of CCTV at all",Bad,8000
"INR 6,000 dile swatahun BBMP madhye, nahi tar pani jhaala nasata",Bad,8000
Disgusting service,Bad,0
Employment exchange section officer said system is down for three weeks in a row — not buying it,Bad,0
Clearly expecting something at BBMP but not saying it directly 😤,Bad,0
Visited Building permit office — head clerk was honest and work was done quickly,Good,0
"inspector ne BESCOM mein bina kuch liye kaam kar diya, yaar yeh rare hai",Good,0
The desk officer at Panchayat office pointed me to a broker outside — I understood the hint,Bad,0
Clearly something expect maadthidru Municipal office nalli but directly helbilla,Bad,0
"Gave INR 2,500 at Ration PDS office because I cannot keep taking leaves from work",Bad,2500
"Straight aagi heltidru INR 1,500 kodo Panchayat office nalli, illadre file close aagthade",Bad,5000
supervisor at Forest department was bold enough to demand INR 800 with cameras watching,Bad,35000
"duty officer ne Municipal office mein bina kuch liye kaam kar diya, yaar yeh rare hai",Good,0
supervisor at Trade licence office was polite but the process was slow and confusing,Neutral,0
Got a feeling at Police station that cash was needed but no one would say it,Bad,0
"Hint nodi naane pay maade INR 8,000 Income tax office ge, baere option irliilla",Bad,6000
"desk officer ne Labour department madhye neet explain kela, paisa nahi magitla",Good,0
"Hint purinjuchu, INR 40,000 kuduthen Health department la, velai seekirama achu",Bad,18000
Genuinely impressed by how Drug control department senior officer handled my documents honestly,Good,0
The desk officer at BESCOM asked unnecessary repeated questions but finally processed,Neutral,2000
Told me flat out at Panchayat office — pay INR 500 or get out of this office now,Bad,1000
"Naachaar ah INR 18,000 kuduthen Panchayat office la, veru vazhi illai",Bad,8000
Education department staff didn't demand anything but their attitude was indifferent,Neutral,2500
Frustrated with Ration PDS office — head clerk is clearly waiting but won't say for what,Bad,0
"staff member hint ichhaaru Panchayat office lo, direct ga cheppaledu — artham ayyindi",Bad,0
"Forced payment INR 10,000 Water board madhye, clerk la kaahi bhiti nahi 😡",Bad,10000
"duty officer direct ga INR 6,000 adige Panchayat office lo, lekapote reject antaadu",Bad,1500
"Forced ah INR 30,000 vanginaanga Drug control department la, complaint panren definitely 😡",Bad,1200
"Nayi nayi problem nikaal rahe hain Trade licence office mein, sab bahana hai 😡",Bad,0
Rare honest section officer mila Building permit office mein — salute karta hoon 🫡,Good,0
"Seedha bola GST office mein INR 20,000 do ya ghar jao — itna bold tha head clerk",Bad,2500
The officer at Ration PDS office was okay — not rude but not helpful either,Neutral,0
"Ration PDS office clerk broker ni door chesaaru, swayamga help chesaaru 🙏",Good,0
"3 vela yavava laagla Passport office la, mag kaam zaala finally",Neutral,0
"Naachaar ah INR 3,000 kuduthen Water board la, veru vazhi illai",Bad,2500
"INR 4,000 demanded before stamp at Taluk office — this is not how it should work",Bad,30000
"File halavli nahi Ration PDS office madhye, staff member kaaran nahi saangitla — frustrated",Bad,0
"Ration PDS office la nalla anubhavam, section officer paisa kettaangale illai ✅",Good,0
The supervisor at BBMP helped me fix the rejection reason and resubmit for free,Good,0
"head clerk ne Social welfare office mein file rook ke rakhi jab tak INR 2,000 nahi diye",Bad,50000
"Average experience Trade licence office lo, emi vishesham ledu honestly",Neutral,0
"Broker illama velai achu Employment exchange la, head clerk honest ah irundhaaru",Good,0
"Paid INR 1,000 at Health department under direct threat, will file RTI complaint now",Bad,800
"Paid INR 20,000 and work done in 10 minutes at Municipal office — that says everything",Bad,12000
"Bribe of INR 12,000 demanded at Water board openly in cash, no receipt was given",Bad,500
"Average experience Taluk office nalli, kaam aaythu paisa kela maadlilla",Neutral,0
"Visited Health department four times, file hasn't moved, no reason ever given",Bad,0
"Three months into my application at BESCOM, zero progress, very suspicious",Bad,0
"RTO officer did not delay even once, what a refreshing experience",Good,0
"The supervisor kept my file hostage until I paid INR 6,000 at Collectorate",Bad,500
"INR 15,000 ki demand khullam khulla Ration PDS office mein, koi sharam nahi 😡",Bad,30000
"Bakwaas delay Water board nalli, yaaru explain maadalla — thakto aadhe",Bad,0
"Seedha bola Forest department mein INR 15,000 do ya ghar jao — itna bold tha senior officer",Bad,15000
"Hint purinjuchu, INR 15,000 kuduthen BBMP la, velai seekirama achu",Bad,40000
The senior officer at Water board was approachable and finished my work without any hint,Good,0
"Surprisingly smooth experience at Passport office, desk officer was very professional",Good,0
"The inspector at RTO used a middleman to collect INR 4,000 from me",Bad,10000
"duty officer okay ga unnaru Forest department lo, helpful kaadu but",Neutral,1000
"Trade licence office officer tumba honest, ek rupee expect maadlilla",Good,0
"INR 2,000 dile swatahun Building permit office madhye, nahi tar pani jhaala nasata",Bad,3000
"Had no option but to pay INR 4,000 at Collectorate — officer made that very clear",Bad,1500
"Gave INR 2,500 because the waiting game at Social welfare office was clearly never ending",Bad,30000
Thankful 🙏,Good,0
"clerk ne Income tax office mein file rook ke rakhi jab tak INR 10,000 nahi diye",Bad,35000
"Taluk office nalli documents bega process aadvu, inspector cooperative aagidru",Good,0
The head clerk at Land registration turned away my agent and helped me directly instead,Good,0
"Was told to pay INR 8,000 at Water board or my application would be rejected",Bad,7000
"Naane kodthe INR 50,000 Collectorate nalli, kela maadlilla andre file move aagilla",Bad,2500
"The senior officer at Social welfare office used a middleman to collect INR 12,000 from me",Bad,500
"section officer at Ration PDS office was bold enough to demand INR 6,000 with cameras watching",Bad,1000
"File stuck at Collectorate for over a month, supervisor gives a new excuse every visit",Bad,0
"Naane kodthe INR 6,000 Forest department nalli, kela maadlilla andre file move aagilla",Bad,4000
"section officer hint kuduttaaru BESCOM la, direct ah sollavillai — purinjuchu",Bad,0
duty officer at Water board declined when I tried to offer extra money — respected that 🙏,Good,0
Genuinely impressed by how Labour department clerk handled my documents honestly,Good,0
BESCOM is a black hole for applications — officer doesn't even make eye contact,Bad,0
"File kaadu Municipal office lo, inspector kaaran cheppaleda — frustrated ayyanu 😤",Bad,0
"Revenue office madhye khup chan desk officer hota, paisa magitla nahi 🙏",Good,0
"Naane kodthe INR 12,000 Health department nalli, kela maadlilla andre file move aagilla",Bad,2500
"Paid INR 8,000 at GST office voluntarily because nothing was going to move otherwise",Bad,500
"3 mahine ho gaye Social welfare office mein, application ka koi pata nahi",Bad,0
"Visited Labour department four times, file hasn't moved, no reason ever given",Bad,0
"Khullam khulla INR 5,000 manga Taluk office mein, koi dar nahi tha duty officer ko",Bad,10000
"The supervisor kept my file hostage until I paid INR 12,000 at Drug control department",Bad,28000
"INR 800 ki demand khullam khulla Health department mein, koi sharam nahi 😡",Bad,10000
"Forced aagi INR 12,000 thogolidru Ration PDS office nalli, complaint kodthini 😡",Bad,2000
"The head clerk at Forest department demanded INR 8,000 openly with absolutely zero shame",Bad,40000
"Dhamki deke INR 2,500 le liya Labour department mein, yeh sahi nahi hai 😡",Bad,15000
"Khullam khulla INR 20,000 manga Ration PDS office mein, koi dar nahi tha inspector ko",Bad,12000
"INR 1,200 dile naachaar hoton Municipal office la, kahi paryay navhata 😞",Bad,15000
Office ke staff member ne bola koi senior se baat karo Drug control department mein — stalling hai,Bad,0
"Average service at Employment exchange, supervisor was neither corrupt nor efficient",Neutral,0
"Naale vaa naale vaa sonnaaanga Passport office la, velai aagalai",Bad,0
The section officer at Labour department turned away my agent and helped me directly instead,Good,0
"Paid INR 15,000 at Taluk office voluntarily because nothing was going to move otherwise",Bad,500
"Naachaar ah INR 4,000 kuduthen Collectorate la, veru vazhi illai",Bad,2500
"Dila INR 800 Passport office madhye khud, supervisor ne ishaara kela hota",Bad,2000
"Forced to pay INR 500 at Municipal office, duty officer had no fear of CCTV at all",Bad,20000
"Average experience BESCOM lo, emi vishesham ledu honestly",Neutral,0
No extra money paid,Good,0
"Documents process panna seekirama achu BESCOM la, happy irukken",Good,0
"Hint artham chesukoni INR 3,000 ichhanu Income tax office lo, pani ayyindi",Bad,3000
"Ek rupaya nahi dena tha par INR 50,000 Forest department mein dena pad gaya finally",Bad,1500
"senior officer at Labour department said pay INR 1,500 or come back in six months",Bad,2000
"Kya karein, INR 12,000 de ke nipta liya Revenue office mein 😞",Bad,50000
"Forced ah INR 5,000 vanginaanga Municipal office la, complaint panren definitely 😡",Bad,18000
"Kotte INR 4,000 Building permit office nalli, illadidre naann kaaj aage irthirlilla",Bad,8000
"Kaam seedha ho gaya Ration PDS office mein, paisa nahi dena pada — bahut khush",Good,0
"Hint purinjuchu, INR 12,000 kuduthen Panchayat office la, velai seekirama achu",Bad,35000
Rude staff,Bad,0
"Directly cash kettaanganu Building permit office la, INR 800 kuduthen",Bad,2000
"Dila INR 15,000 Fire NOC office madhye khud, inspector ne ishaara kela hota",Bad,1200
The staff member at BBMP pointed me to a broker outside — I understood the hint,Bad,0
"inspector directly INR 10,000 kela maade BBMP nalli, illadre reject anthu",Bad,2000
The section officer at GST office was approachable and finished my work without any hint,Good,0
"The supervisor at Water board demanded INR 1,000 openly with absolutely zero shame",Bad,25000
supervisor ne Ration PDS office mein sab sahi se kiya bina ek rupaya liye,Good,0
"File moved at Trade licence office after a week, no clear explanation for the delay",Neutral,500
"Paid INR 2,000 and work done in 10 minutes at Labour department — that says everything",Bad,25000
"File move aagalai Collectorate la, kaaran sollalai — romba frustrated",Bad,0
"Municipal office la nalla anubhavam, section officer paisa kettaangale illai ✅",Good,0
"The desk officer at Revenue office demanded INR 5,000 openly with absolutely zero shame",Bad,18000
Office ke inspector ne bola koi senior se baat karo Building permit office mein — stalling hai,Bad,0
Genuinely impressed by how Income tax office officer handled my documents honestly,Good,0
"Passport office mein clean experience, desk officer ne koi paisa nahi manga",Good,0
"Paid INR 5,000 at Taluk office under direct threat, will file RTI complaint now",Bad,35000
Fire NOC office is a black hole for applications — officer doesn't even make eye contact,Bad,0
"desk officer hint ichhaaru Police station lo, direct ga cheppaledu — artham ayyindi",Bad,0
"Land registration mein clean experience, clerk ne koi paisa nahi manga",Good,0
"staff member ishara dila Drug control department madhye, seedha nahi bolta — kalay mala",Bad,0
"Okay experience at Social welfare office, supervisor was busy and barely acknowledged me",Neutral,0
The senior officer at Fire NOC office was slow but at least no bribe was demanded,Neutral,1500
"Land registration nalli documents bega process aadvu, head clerk cooperative aagidru",Good,0
"INR 18,000 ichhaanu Taluk office lo, lekapote pani avvaadu ani telisindi",Bad,1000
"Sad but pay maade INR 3,000 Health department nalli, system heege ide 😞",Bad,50000
"Dabaav mein diya INR 12,000 Municipal office mein, officer bilkul nahi dara",Bad,1500
"desk officer ishara dila Collectorate madhye, seedha nahi bolta — kalay mala",Bad,0
The clerk at Municipal office was slow but at least no bribe was demanded,Neutral,0
Passable,Neutral,2500
"Health department inspector did not delay even once, what a refreshing experience",Good,0
Genuinely impressed by how Building permit office inspector handled my documents honestly,Good,0
"What else could I do — paid INR 40,000 at RTO and tried to move on 😞",Bad,18000
"Told me flat out at Drug control department — pay INR 1,000 or get out of this office now",Bad,1500
"Gave INR 3,000 at Trade licence office after inspector rejected my correct documents twice",Bad,2500
"Mediocre service at Education department, head clerk was indifferent throughout",Neutral,0
"INR 1,200 voluntarily kotte Forest department nalli, ashtu kashta padrodu beda anthu 😞",Bad,1000
"Gave INR 12,000 on my own at Collectorate after months of completely deliberate delay",Bad,12000
supervisor at Ration PDS office said technical issue every visit — same excuse for 2 months,Bad,0
"head clerk theek hota Panchayat office madhye, na helpful na obstructive",Neutral,800
"Dila INR 40,000 Land registration madhye khud, section officer ne ishaara kela hota",Bad,40000
"INR 40,000 ichhaanu Revenue office lo, lekapote pani avvaadu ani telisindi",Bad,28000
"INR 1,200 swayamaa kuduthen Panchayat office la, system ippadi taan irukku 😞",Bad,15000
"duty officer at Water board threatened to cancel my file unless I paid INR 18,000 immediately",Bad,2500
"Forced to pay INR 4,000 at Education department, inspector had no fear of CCTV at all",Bad,1500
"staff member at Revenue office threatened to cancel my file unless I paid INR 20,000 immediately",Bad,35000
"INR 2,500 voluntarily kotte Municipal office nalli, ashtu kashta padrodu beda anthu 😞",Bad,30000
"duty officer at Fire NOC office was bold enough to demand INR 8,000 with cameras watching",Bad,1500
Employment exchange ke officer ne broker ko bhaga diya aur khud help ki — respect 🙏,Good,0
The senior officer at Fire NOC office helped me fix the rejection reason and resubmit for free,Good,0
The senior officer at BESCOM asked unnecessary repeated questions but finally processed,Neutral,0
"Taluk office lo chaala mandi officer, paniki vachaaru, paisa adagaledu 🙏",Good,0
Genuinely impressed by how Labour department inspector handled my documents honestly,Good,0
"Itna clean kaam hua Water board mein, honestly shocked tha main",Good,0
Paisa kodo illadidre docs lost aagthave anthu desk officer direct aagi heltidru GST office nalli,Bad,8000
"Kaam jaldi hua Panchayat office mein, supervisor helpful tha aur honest bhi",Good,0
"Gave INR 20,000 at BESCOM because I cannot keep taking leaves from work",Bad,800
"INR 18,000 kela maadidru openly Drug control department nalli, yenu lajja illa avrige",Bad,28000
"Forced to pay INR 500 at Building permit office, senior officer had no fear of CCTV at all",Bad,1500
"duty officer ek rupee kela maadlilla, rare honest person 🙏",Good,0
"supervisor ne Labour department mein file rook ke rakhi jab tak INR 5,000 nahi diye",Bad,1200
"Baar baar ya uthya ya officer bol raha Building permit office madhye, thaklo ahe 😤",Bad,0
"The supervisor at RTO used a middleman to collect INR 10,000 from me",Bad,800
"Gave INR 1,500 on my own at Ration PDS office after months of completely deliberate delay",Bad,40000
"Gave INR 2,000 at Collectorate because I cannot keep taking leaves from work",Bad,500
"Dila INR 4,000 Fire NOC office madhye khud, head clerk ne ishaara kela hota",Bad,1500
"Bakwaas delay RTO nalli, yaaru explain maadalla — thakto aadhe",Bad,0
Frustrated naanum,Bad,0
"senior officer seedha INR 50,000 kettikaattu Municipal office la, illati reject pannuven nu sonnaar",Bad,10000
"Straight aagi heltidru INR 5,000 kodo Building permit office nalli, illadre file close aagthade",Bad,1200
inspector at Education department went completely silent when I asked about my file status,Bad,0
The senior officer at Taluk office turned away my agent and helped me directly instead,Good,0
"INR 500 ichhaanu Collectorate lo, lekapote pani avvaadu ani telisindi",Bad,6000
No corruption,Good,0
"Kya karein, INR 2,000 de ke nipta liya Drug control department mein 😞",Bad,6000
"Ration PDS office mein clean experience, clerk ne koi paisa nahi manga",Good,0
section officer at Trade licence office was polite but the process was slow and confusing,Neutral,0
"Education department la romba nalla section officer irundhaaru, paisa kettaangale illai 🙏",Good,0
senior officer at Water board went completely silent when I asked about my file status,Bad,0
"Social welfare office ke bahar dalal khade hain, staff member ne hi bheja lagta hai",Bad,0
inspector at GST office declined when I tried to offer extra money — respected that 🙏,Good,0
"Work aaytu BESCOM nalli bega bega, senior officer tumba helpful aagidru",Good,0
"head clerk ne Building permit office madhye broker la door kela, swatah help kela — respect",Good,0
Seedha nahi bola Water board mein lekin feel hua desk officer kuch expect kar raha tha,Bad,0
"supervisor cash INR 40,000 thagolli anthu Income tax office nalli, bayam haakidru",Bad,1000
Had no option but to pay INR 800 at Water board — duty officer made that very clear,Bad,15000
"clerk cash INR 2,500 thagolli anthu BESCOM nalli, bayam haakidru",Bad,500
The section officer at Education department was slow but at least no bribe was demanded,Neutral,0
"head clerk ne Collectorate madhye neet explain kela, paisa nahi magitla",Good,0
"INR 3,000 dile swatahun Drug control department madhye, nahi tar pani jhaala nasata",Bad,1500
"Gave INR 1,200 because the waiting game at Passport office was clearly never ending",Bad,45000
The desk officer at RTO handled everything without asking for a single rupee,Good,0
"Employment exchange section officer broker ni door chesaaru, swayamga help chesaaru 🙏",Good,0
"Hint artham chesukoni INR 800 ichhanu Labour department lo, pani ayyindi",Bad,3000
Rare clean governance — Taluk office supervisor did the work on time 🙏,Good,0
"Bega aaytu Revenue office nalli, yenu hassle illa, head clerk decent aagidru",Good,0
"Had no option but to pay INR 30,000 at Ration PDS office — head clerk made that very clear",Bad,8000
"Demanded INR 1,500 at Taluk office before even looking at my documents",Bad,500
"Dhamki deke INR 40,000 le liya Taluk office mein, yeh sahi nahi hai 😡",Bad,15000
The senior officer at BBMP guided me through every step without expecting anything,Good,0
desk officer at Water board kept giving hints about facilitation but never said directly,Bad,0
"INR 1,000 dile swatahun Health department madhye, nahi tar pani jhaala nasata",Bad,30000
"Paid INR 6,000 and finally left Income tax office — disgusted and angry about this whole thing",Bad,1000
Education department experience was average — senior officer did the job but nothing more,Neutral,0
"Paid INR 1,000 and finally left GST office — disgusted and angry about this whole thing",Bad,1200
"section officer ne seedha kaha INR 2,000 lao Education department mein warna application cancel",Bad,20000
"officer at Building permit office said pay INR 25,000 or come back in six months",Bad,3000
"clerk at Employment exchange threatened to cancel my file unless I paid INR 2,500 immediately",Bad,500
"The staff member at Collectorate used a middleman to collect INR 5,000 from me",Bad,1000
The head clerk at Income tax office guided me through every step without expecting anything,Good,0
Passport office experience was average — staff member did the job but nothing more,Neutral,2500
"Everything was transparent at Panchayat office, section officer did not delay my file at all",Good,0
"Honest duty officer at Panchayat office, I was ready to bribe but never needed to",Good,0
"staff member at BBMP said INR 2,500 is the processing charge — it is not official",Bad,45000
"What else could I do — paid INR 18,000 at Ration PDS office and tried to move on 😞",Bad,5000
"Hint nodi naane pay maade INR 500 Health department ge, baere option irliilla",Bad,28000
"Straight aagi heltidru INR 4,000 kodo Building permit office nalli, illadre file close aagthade",Bad,1200
senior officer ne Forest department mein sab sahi se kiya bina ek rupaya liye,Good,0
Paid under force,Bad,8000
"GST office madhye khup chan head clerk hota, paisa magitla nahi 🙏",Good,0
The section officer at Education department made excuses about missing signatures every visit,Bad,0
"duty officer seedha INR 3,000 kettikaattu BBMP la, illati reject pannuven nu sonnaar",Bad,10000
"Dabaav mein diya INR 500 Taluk office mein, head clerk bilkul nahi dara",Bad,500
Visited Police station — duty officer was honest and work was done quickly,Good,0
"clerk at Land registration said bring INR 12,000 tomorrow or forget the entire application",Bad,1200
"Directly cash kettaanganu Taluk office la, INR 6,000 kuduthen",Bad,15000
"Straight aagi heltidru INR 10,000 kodo Building permit office nalli, illadre file close aagthade",Bad,500
"Forced to pay INR 1,000 at Fire NOC office, supervisor had no fear of CCTV at all",Bad,2000
"Ek rupaya nahi dena tha par INR 12,000 Ration PDS office mein dena pad gaya finally",Bad,500
Building permit office ke staff member ne broker ko bhaga diya aur khud help ki — respect 🙏,Good,0
"desk officer ne seedha INR 1,500 magitla Employment exchange madhye, nahi tar reject asa sangitla",Bad,28000
"Gave INR 4,000 at Collectorate because I cannot keep taking leaves from work",Bad,2000
"Sad but pay maade INR 20,000 Municipal office nalli, system heege ide 😞",Bad,500
"Health department lo chaala mandi inspector, paniki vachaaru, paisa adagaledu 🙏",Good,0
"Forced to pay INR 3,000 at Health department, staff member had no fear of CCTV at all",Bad,30000
"Mediocre service at Social welfare office, inspector was indifferent throughout",Neutral,500
desk officer at GST office kept giving hints about facilitation but never said directly,Bad,0
Frustrated with BBMP — clerk is clearly waiting but won't say for what,Bad,0
duty officer ne Drug control department mein sab sahi se kiya bina ek rupaya liye,Good,0
"INR 500 kela maadidru openly Ration PDS office nalli, yenu lajja illa avrige",Bad,800
"Bega aaytu Labour department nalli, yenu hassle illa, senior officer decent aagidru",Good,0
"Naane kodthe INR 25,000 Panchayat office nalli, kela maadlilla andre file move aagilla",Bad,800
"Gave INR 50,000 because the waiting game at Water board was clearly never ending",Bad,2500
"Paid INR 30,000 and my file was immediately processed at Trade licence office — obvious corruption",Bad,3000
"Paid INR 12,000 and work done in 10 minutes at Income tax office — that says everything",Bad,800
"The staff member kept my file hostage until I paid INR 2,500 at Social welfare office",Bad,3000
"Naane kodthe INR 6,000 Employment exchange nalli, kela maadlilla andre file move aagilla",Bad,35000
"Forced payment INR 5,000 Taluk office madhye, staff member la kaahi bhiti nahi 😡",Bad,4000
"clerk at Taluk office said pay INR 18,000 or come back in six months",Bad,30000
"inspector at Forest department threatened to cancel my file unless I paid INR 2,000 immediately",Bad,2000
"Kya karein, INR 50,000 de ke nipta liya Collectorate mein 😞",Bad,4000
"INR 12,000 diye BESCOM mein apni marzi se, warna aur mahine nikal jaate",Bad,28000
The supervisor at Land registration guided me through every step without expecting anything,Good,0
"Cash demand ki supervisor ne Revenue office mein — INR 2,500 le liya bina receipt ke",Bad,5000
The desk officer at Water board was okay — not rude but not helpful either,Neutral,800
"desk officer naanu nodi nakkidru Collectorate nalli, hint aagtha itha directly helbilla",Bad,0
"Social welfare office ke bahar dalal khade hain, section officer ne hi bheja lagta hai",Bad,0
"Shukriya Municipal office ke senior officer ko, ek rupaya bhi nahi manga",Good,0
"Gave INR 15,000 at Passport office because I cannot keep taking leaves from work",Bad,28000
"staff member at Labour department threatened to cancel my file unless I paid INR 20,000 immediately",Bad,6000
"Ek rupaya nahi dena tha par INR 10,000 Income tax office mein dena pad gaya finally",Bad,800
"Revenue office nalli kaaj aagolla, yaako delay anthaare explain maadalla staff member",Bad,0
"Paid INR 3,000 at Building permit office under force, filing a complaint with vigilance now",Bad,28000
"Paid INR 5,000 at Panchayat office under direct threat, will file RTI complaint now",Bad,2000
"staff member at BESCOM pointed at the drawer — I placed INR 30,000 inside",Bad,2000
"Had no option but to pay INR 2,000 at Panchayat office — inspector made that very clear",Bad,2000
"staff member at Police station was bold enough to demand INR 4,000 with cameras watching",Bad,2000
The desk officer processed my application but seemed completely least interested,Neutral,3000
"inspector at BBMP threatened to cancel my file unless I paid INR 4,000 immediately",Bad,45000
Seedha nahi bola Building permit office mein lekin feel hua duty officer kuch expect kar raha tha,Bad,0
"Work aaytu Municipal office nalli bega bega, duty officer tumba helpful aagidru",Good,0
"Clearly something is expected at Fire NOC office, the hints were very obvious to me",Bad,0
"Hint kottidru indirectly Fire NOC office nalli, dalal hatra hogi anthu heltidru",Bad,0
"Smooth experience at Health department, really deserves recognition for honest work",Good,0
Passport office desk officer deserves appreciation — zero corruption witnessed,Good,0
"Told me flat out at Employment exchange — pay INR 12,000 or get out of this office now",Bad,3000
"duty officer at Panchayat office pointed at the drawer — I placed INR 1,500 inside",Bad,50000
"The officer at Water board demanded INR 25,000 openly with absolutely zero shame",Bad,25000
"Had no option but to pay INR 30,000 at Forest department — duty officer made that very clear",Bad,2500
"head clerk ne seedha INR 25,000 magitla Taluk office madhye, nahi tar reject asa sangitla",Bad,4000
"Forced to pay INR 500 at Building permit office, clerk had no fear of CCTV at all",Bad,2000
"Surprisingly smooth experience at Panchayat office, head clerk was very professional",Good,0
"officer directly INR 25,000 kela maade BESCOM nalli, illadre reject anthu",Bad,6000
Told me flat out at Health department — pay INR 500 or get out of this office now,Bad,3000
"The senior officer at Panchayat office used a middleman to collect INR 18,000 from me",Bad,10000
"BESCOM inspector straight ah pannichitaanga, extra paisa illai bilkul",Good,0
"Got my document from Health department without any agent or bribe, proud moment",Good,0
"Khullam khulla INR 20,000 manga Revenue office mein, koi dar nahi tha senior officer ko",Bad,40000
The inspector at Police station handled my case after I followed up five times,Neutral,1200
"inspector screamed at me when I refused, then demanded INR 1,500 again loudly",Bad,3000
"staff member RTO mein seedha nahi bolta, aankh maarta hai — hint lagta hai",Bad,0
"inspector ne seedha INR 30,000 magitla Panchayat office madhye, nahi tar reject asa sangitla",Bad,1500
"Cash demand of INR 1,500 made openly at Water board in front of other people",Bad,2500
"Paid INR 6,000 and my file was immediately processed at Police station — obvious corruption",Bad,1500
"Had no option but to pay INR 4,000 at Passport office — officer made that very clear",Bad,25000
"Bribe of INR 2,000 demanded at Panchayat office openly in cash, no receipt was given",Bad,45000
Rare clean governance — RTO duty officer did the work on time 🙏,Good,0
"Gave INR 4,000 because the waiting game at Education department was clearly never ending",Bad,2500
"Dabaav mein diya INR 2,500 Forest department mein, supervisor bilkul nahi dara",Bad,3000
"Dabaav mein diya INR 8,000 Health department mein, senior officer bilkul nahi dara",Bad,3000
"Drug control department senior officer straight ah pannichitaanga, extra paisa illai bilkul",Good,0
"clerk naanu nodi nakkidru Collectorate nalli, hint aagtha itha directly helbilla",Bad,0
"Sad but pay maade INR 50,000 Panchayat office nalli, system heege ide 😞",Bad,3000
"section officer ne Collectorate mein file rook ke rakhi jab tak INR 40,000 nahi diye",Bad,30000
"Ration PDS office nalli kaaj aagolla, yaako delay anthaare explain maadalla officer",Bad,0
"Files cleared in two days at RTO, head clerk was genuinely helpful",Good,0
Rare clean governance — Trade licence office staff member did the work on time 🙏,Good,0
"supervisor ne seedha INR 18,000 magitla Revenue office madhye, nahi tar reject asa sangitla",Bad,2500
The senior officer at Land registration guided me through every step without expecting anything,Good,0
"Okay experience at BESCOM, desk officer was busy and barely acknowledged me",Neutral,0
"The clerk at Income tax office used a middleman to collect INR 1,200 from me",Bad,25000
staff member at BESCOM kept giving hints about facilitation but never said directly,Bad,0
"Gave INR 1,500 at Income tax office after head clerk rejected my correct documents twice",Bad,3000
The head clerk at Passport office pointed me to a broker outside — I understood the hint,Bad,0
"Hint artham chesukoni INR 2,500 ichhanu Passport office lo, pani ayyindi",Bad,500
"Hint nodi naane pay maade INR 1,200 Water board ge, baere option irliilla",Bad,1000
"section officer ne seedha kaha INR 6,000 lao Health department mein warna application cancel",Bad,1200
"Paid INR 40,000 and work done in 10 minutes at Forest department — that says everything",Bad,1500
"3 sartha bandidine Health department ge, yenu progress illa at all 😡",Bad,0
"section officer ne seedha INR 12,000 magitla Labour department madhye, nahi tar reject asa sangitla",Bad,500
"Dhamki deke INR 800 le liya Drug control department mein, yeh sahi nahi hai 😡",Bad,20000
"Dhamki deke INR 40,000 le liya Drug control department mein, yeh sahi nahi hai 😡",Bad,35000
Junior section officer at BESCOM told me to meet someone who can help — hint clear,Bad,0
officer at Building permit office referred me to senior for a completely simple request — stalling,Bad,0
"Forced aagi INR 30,000 thogolidru Collectorate nalli, complaint kodthini 😡",Bad,25000
"inspector nodi sumnirthare BBMP nalli, kela maadidre naale baa anthaare",Bad,0
"INR 800 swayamga ichhanu Drug control department lo, system ila undi 😞",Bad,18000
officer at Forest department declined when I tried to offer extra money — respected that 🙏,Good,0
"Hint kottidru indirectly Building permit office nalli, dalal hatra hogi anthu heltidru",Bad,0
"INR 25,000 dile naachaar hoton Revenue office la, kahi paryay navhata 😞",Bad,1500
"Forest department ke bahar dalal khade hain, inspector ne hi bheja lagta hai",Bad,0
"Water board ke officer ne honestly explain kiya sab kuch, impressed hua",Good,0
senior officer at BBMP went completely silent when I asked about my file status,Bad,0
"supervisor busy tha Police station mein, dhyan nahi diya, fir bhi kaam nikla",Neutral,1200
"clerk ne BBMP madhye neet explain kela, paisa nahi magitla",Good,0
"Everything was transparent at Taluk office, officer did not delay my file at all",Good,0
The senior officer processed my application but seemed completely least interested,Neutral,1500
"Paid INR 2,000 and finally left BESCOM — disgusted and angry about this whole thing",Bad,1000
"INR 25,000 extorted at BESCOM in the name of processing fees — shameless 😡",Bad,1200
"Dhamki deke INR 40,000 le liya BBMP mein, yeh sahi nahi hai 😡",Bad,4000
Rare honest staff member mila Building permit office mein — salute karta hoon 🫡,Good,0
"Paid INR 40,000 at Employment exchange under force, filing a complaint with vigilance now",Bad,2000
"Cash demand of INR 15,000 made openly at Education department in front of other people",Bad,3000
"INR 40,000 voluntarily kotte Police station nalli, ashtu kashta padrodu beda anthu 😞",Bad,1200
staff member barely looked at me at Land registration — clearly waiting for cash,Bad,0
Seekara ayyindi,Good,0
My desk officer at Income tax office was the first honest government officer I have met,Good,0
"Police station nalli kaaj aagolla, yaako delay anthaare explain maadalla officer",Bad,0
BBMP ke desk officer ne broker ko bhaga diya aur khud help ki — respect 🙏,Good,0
Not bad,Neutral,1000
"Maine khud INR 6,000 diye GST office mein kyunki kaam hone wala nahi tha",Bad,1200
Took time but done,Neutral,0
"Social welfare office officer did not delay even once, what a refreshing experience",Good,0
"Sad but pay maade INR 2,000 Employment exchange nalli, system heege ide 😞",Bad,40000
"clerk nodi sumnirthare RTO nalli, kela maadidre naale baa anthaare",Bad,0
"section officer ne BESCOM mein bina kuch liye kaam kar diya, yaar yeh rare hai",Good,0
"Bribe of INR 1,500 demanded at BBMP openly in cash, no receipt was given",Bad,28000
"The head clerk at Land registration used a middleman to collect INR 18,000 from me",Bad,45000
"Chalta hai experience Passport office mein, kaam toh hua finally yaar",Neutral,0
"INR 6,000 kela maadidru openly Trade licence office nalli, yenu lajja illa avrige",Bad,3000
senior officer at Building permit office referred me to senior for a completely simple request — stalling,Bad,0
"clerk at Revenue office said bring INR 1,500 tomorrow or forget the entire application",Bad,2500
"Paid INR 20,000 at Education department voluntarily because nothing was going to move otherwise",Bad,25000
First time I left a government office feeling good — Collectorate impressed me,Good,0
"Paid INR 3,000 and my file was immediately processed at Taluk office — obvious corruption",Bad,35000
"Khullam khulla INR 5,000 manga Revenue office mein, koi dar nahi tha inspector ko",Bad,12000
"INR 10,000 demanded before stamp at Health department — this is not how it should work",Bad,6000
section officer at Trade licence office said bring all originals again — they already have them,Bad,0
"INR 10,000 swayamga ichhanu Municipal office lo, system ila undi 😞",Bad,4000
"Seedha bola Trade licence office mein INR 4,000 do ya ghar jao — itna bold tha inspector",Bad,10000
"head clerk nodi nakkidhu Taluk office nalli, yenu kela maadlilla — satisfied",Good,0
"Baar baar ya uthya ya head clerk bol raha Passport office madhye, thaklo ahe 😤",Bad,0
The staff member at Police station was okay — not rude but not helpful either,Neutral,800
Employment exchange officer said system is down for three weeks in a row — not buying it,Bad,0
Ration PDS office senior officer deserves appreciation — zero corruption witnessed,Good,0
The senior officer at GST office was approachable and finished my work without any hint,Good,0
"INR 1,200 diye Income tax office mein apni marzi se, warna aur mahine nikal jaate",Bad,20000
"Forced payment INR 25,000 Forest department madhye, desk officer la kaahi bhiti nahi 😡",Bad,12000
"Dila INR 500 Education department madhye khud, staff member ne ishaara kela hota",Bad,500
"Dhamki deke INR 50,000 le liya Water board mein, yeh sahi nahi hai 😡",Bad,2000
"Social welfare office: proper receipts, proper process, no cash demands whatsoever",Good,0
Passport office ke duty officer ne broker ko bhaga diya aur khud help ki — respect 🙏,Good,0
"INR 4,000 diye Municipal office mein apni marzi se, warna aur mahine nikal jaate",Bad,15000
"Cash demand ki supervisor ne Passport office mein — INR 18,000 le liya bina receipt ke",Bad,25000
"Dhamki deke INR 8,000 le liya Passport office mein, yeh sahi nahi hai 😡",Bad,1200
"INR 15,000 ki demand khullam khulla Income tax office mein, koi sharam nahi 😡",Bad,500
"officer at Forest department said bring INR 3,000 tomorrow or forget the entire application",Bad,800
"supervisor ne Labour department madhye neet explain kela, paisa nahi magitla",Good,0
section officer at Employment exchange was polite but the process was slow and confusing,Neutral,500
"Gave INR 2,500 at Revenue office because I cannot keep taking leaves from work",Bad,1500
"Maine khud INR 5,000 diye Drug control department mein kyunki kaam hone wala nahi tha",Bad,15000
"BESCOM staff member did not delay even once, what a refreshing experience",Good,0
The staff member processed my application but seemed completely least interested,Neutral,500
"INR 10,000 voluntarily kotte Panchayat office nalli, ashtu kashta padrodu beda anthu 😞",Bad,800
"Police station nalli sakkath clean experience, duty officer honest aagidru",Good,0
"Dabaav mein diya INR 25,000 Land registration mein, duty officer bilkul nahi dara",Bad,2000
"Gave INR 50,000 because the waiting game at Social welfare office was clearly never ending",Bad,1500
The duty officer at Land registration guided me through every step without expecting anything,Good,0
desk officer at Health department was polite but the process was slow and confusing,Neutral,0
"Dhamki deke INR 30,000 le liya Police station mein, yeh sahi nahi hai 😡",Bad,45000
Employment exchange ke duty officer ne broker ko bhaga diya aur khud help ki — respect 🙏,Good,0
"Broker illama velai achu Revenue office la, supervisor honest ah irundhaaru",Good,0
"Had no option but to pay INR 18,000 at BESCOM — supervisor made that very clear",Bad,5000
The staff member at Passport office was slow but at least no bribe was demanded,Neutral,0
"Average service at Employment exchange, desk officer was neither corrupt nor efficient",Neutral,800
"Trade licence office nalli kaaj aagolla, yaako delay anthaare explain maadalla clerk",Bad,0
The clerk at Education department was slow but at least no bribe was demanded,Neutral,0
"Cash demand ki inspector ne Income tax office mein — INR 1,200 le liya bina receipt ke",Bad,35000
"Bakwaas delay Forest department nalli, yaaru explain maadalla — thakto aadhe",Bad,0
Paisa kodo illadidre docs lost aagthave anthu supervisor direct aagi heltidru Building permit office nalli,Bad,2500
"Paid INR 1,500 and work done in 10 minutes at Water board — that says everything",Bad,1000
"senior officer ne Collectorate madhye neet explain kela, paisa nahi magitla",Good,0
"Was told to pay INR 40,000 at Health department or my application would be rejected",Bad,6000
"desk officer ishara dila Trade licence office madhye, seedha nahi bolta — kalay mala",Bad,0
Frustrated completely,Bad,0
"Health department desk officer did not delay even once, what a refreshing experience",Good,0
Visited Revenue office — inspector was honest and work was done quickly,Good,0
"The inspector at Employment exchange demanded INR 1,200 openly with absolutely zero shame",Bad,20000
The head clerk at Land registration guided me through every step without expecting anything,Good,0
"GST office madhye khup chan senior officer hota, paisa magitla nahi 🙏",Good,0
"Paid INR 20,000 at Taluk office voluntarily because nothing was going to move otherwise",Bad,6000
"Labour department nalli documents bega process aadvu, inspector cooperative aagidru",Good,0
Passport office staff didn't demand anything but their attitude was indifferent,Neutral,0
"Dhamki deke INR 8,000 le liya Income tax office mein, yeh sahi nahi hai 😡",Bad,800
"Forced ah INR 12,000 vanginaanga Income tax office la, complaint panren definitely 😡",Bad,7000
"The senior officer at Land registration demanded INR 18,000 openly with absolutely zero shame",Bad,1000
"Average experience at Employment exchange, supervisor processed my file eventually",Neutral,0
"officer seedha INR 6,000 kettikaattu BESCOM la, illati reject pannuven nu sonnaar",Bad,5000
The section officer at Labour department helped me fix the rejection reason and resubmit for free,Good,0
Neither great nor bad — Taluk office just about managed to do their job,Neutral,0
"Everything was transparent at BESCOM, inspector did not delay my file at all",Good,0
Never saw my file move at Building permit office despite submitting everything correctly,Bad,0
"inspector busy tha BBMP mein, dhyan nahi diya, fir bhi kaam nikla",Neutral,0
"clerk at Ration PDS office was bold enough to demand INR 6,000 with cameras watching",Bad,50000
"Dila INR 3,000 Water board madhye khud, officer ne ishaara kela hota",Bad,2500
Rare clean governance — Collectorate desk officer did the work on time 🙏,Good,0
"section officer ne seedha kaha INR 25,000 lao Labour department mein warna application cancel",Bad,1200
Cash demand ki section officer ne Ration PDS office mein — INR 800 le liya bina receipt ke,Bad,800
"Naanu Taluk office ge hogi satisfied aadhe, kaam bega aaytu paisa kela maadlilla",Good,0
"Paid INR 15,000 at Employment exchange voluntarily because nothing was going to move otherwise",Bad,1000
The section officer at Social welfare office handled everything without asking for a single rupee,Good,0
"Paid INR 10,000 and work done in 10 minutes at Trade licence office — that says everything",Bad,1200
"Smooth experience at Police station, really deserves recognition for honest work",Good,0
"Mediocre service at Education department, staff member was indifferent throughout",Neutral,3000
"senior officer ne GST office madhye neet explain kela, paisa nahi magitla",Good,0
"Forced to pay INR 800 at Revenue office, staff member had no fear of CCTV at all",Bad,45000
"Yenu kela maadlilla BBMP nalli, aadre attitude sari irliilla",Neutral,0
"Naane kodthe INR 1,000 Land registration nalli, kela maadlilla andre file move aagilla",Bad,8000
"duty officer directly INR 10,000 kela maade Fire NOC office nalli, illadre reject anthu",Bad,5000
"inspector cash INR 4,000 thagolli anthu Education department nalli, bayam haakidru",Bad,15000
"clerk theek tha Panchayat office mein, na helpful na obstructive",Neutral,0
"The duty officer at Social welfare office used a middleman to collect INR 1,200 from me",Bad,3000
"INR 15,000 voluntarily kotte Employment exchange nalli, ashtu kashta padrodu beda anthu 😞",Bad,28000
"Submitted forms at Passport office, got stamp and signature, work done cleanly",Good,0
"What else could I do — paid INR 8,000 at Collectorate and tried to move on 😞",Bad,18000
"3 aathvade zaale Income tax office la, progress nahi, suspicious vaatat",Bad,0
"Drug control department nalli documents bega process aadvu, staff member cooperative aagidru",Good,0
"Naachaar ah INR 18,000 kuduthen Social welfare office la, veru vazhi illai",Bad,2000
"Kaam jaldi hua Municipal office mein, officer helpful tha aur honest bhi",Good,0
"Cash demand of INR 2,000 made openly at BESCOM in front of other people",Bad,2000
"Straight aagi heltidru INR 1,200 kodo Land registration nalli, illadre file close aagthade",Bad,10000
"Gave INR 2,000 on my own at BBMP after months of completely deliberate delay",Bad,3000
"Employment exchange mein clean experience, supervisor ne koi paisa nahi manga",Good,0
"Paid INR 4,000 and work done in 10 minutes at Water board — that says everything",Bad,30000
BBMP is a black hole for applications — clerk doesn't even make eye contact,Bad,0
"Forced aagi INR 800 thogolidru RTO nalli, complaint kodthini 😡",Bad,18000
"Clearly something is expected at Panchayat office, the hints were very obvious to me",Bad,0
GST office senior officer deserves appreciation — zero corruption witnessed,Good,0
"supervisor ne BBMP madhye broker la door kela, swatah help kela — respect",Good,0
"inspector okay ah irundhaaru Building permit office la, romba helpful illai but",Neutral,800
"Everything was transparent at Employment exchange, duty officer did not delay my file at all",Good,0
"Khullam khulla INR 4,000 manga Collectorate mein, koi dar nahi tha inspector ko",Bad,35000
"Forced payment INR 2,000 Passport office madhye, desk officer la kaahi bhiti nahi 😡",Bad,18000
Employment exchange experience was average — inspector did the job but nothing more,Neutral,3000
Smooth kaam,Good,0
"Cash demand ki officer ne Education department mein — INR 20,000 le liya bina receipt ke",Bad,12000
"The supervisor at Forest department demanded INR 8,000 openly with absolutely zero shame",Bad,12000
"Forced ah INR 8,000 vanginaanga Education department la, complaint panren definitely 😡",Bad,20000
"INR 800 kela maadidru openly Labour department nalli, yenu lajja illa avrige",Bad,15000
"officer at Trade licence office said bring INR 8,000 tomorrow or forget the entire application",Bad,1500
"Gave INR 15,000 because the waiting game at Employment exchange was clearly never ending",Bad,1200
"Forced to pay INR 30,000 at Panchayat office, staff member had no fear of CCTV at all",Bad,1500
"Paid INR 800 at Fire NOC office under direct threat, will file RTI complaint now",Bad,500
"Paid INR 50,000 and finally left Taluk office — disgusted and angry about this whole thing",Bad,2500
supervisor at GST office said bring INR 800 tomorrow or forget the entire application,Bad,15000
The staff member at Panchayat office asked unnecessary repeated questions but finally processed,Neutral,1000
"Forced aagi INR 12,000 thogolidru BBMP nalli, complaint kodthini 😡",Bad,500
"Forced to pay INR 2,000 at Municipal office, senior officer had no fear of CCTV at all",Bad,25000
duty officer barely looked at me at Passport office — clearly waiting for cash,Bad,0
"Okay experience at Health department, staff member was busy and barely acknowledged me",Neutral,0
"Gave INR 3,000 at Revenue office after duty officer rejected my correct documents twice",Bad,12000
"Gave INR 8,000 at Employment exchange after clerk rejected my correct documents twice",Bad,800
"Clearly Taluk office mein paisa expect kar rahe hain, hints bahut obvious hain",Bad,0
"BBMP mein bahut achha officer tha, koi bhi demand nahi ki bilkul",Good,0
"The clerk at Fire NOC office demanded INR 1,000 openly with absolutely zero shame",Bad,4000
Social welfare office inspector deserves appreciation — zero corruption witnessed,Good,0
"INR 1,500 swayamga ichhanu Taluk office lo, system ila undi 😞",Bad,18000
"Income tax office nalli sakkath clean experience, section officer honest aagidru",Good,0
"Trade licence office la romba nalla inspector irundhaaru, paisa kettaangale illai 🙏",Good,0
"Forced aagi INR 2,000 thogolidru Municipal office nalli, complaint kodthini 😡",Bad,50000
"INR 1,200 kela maadidru openly Employment exchange nalli, yenu lajja illa avrige",Bad,35000
"INR 25,000 ichhaanu Passport office lo, lekapote pani avvaadu ani telisindi",Bad,5000
"Naachaar ah INR 20,000 kuduthen Police station la, veru vazhi illai",Bad,40000
"The desk officer at Labour department used a middleman to collect INR 4,000 from me",Bad,2000
The head clerk at BESCOM was okay — not rude but not helpful either,Neutral,800
"Forced to pay INR 1,000 at Employment exchange, section officer had no fear of CCTV at all",Bad,2000
The senior officer at Police station helped me fix the rejection reason and resubmit for free,Good,0
"Dabaav mein diya INR 1,200 Building permit office mein, desk officer bilkul nahi dara",Bad,3000
"clerk hint ichhaaru RTO lo, direct ga cheppaledu — artham ayyindi",Bad,0
"Hint purinjuchu, INR 1,000 kuduthen BESCOM la, velai seekirama achu",Bad,50000
"Bribe of INR 50,000 demanded at Labour department openly in cash, no receipt was given",Bad,3000
"Forced payment INR 500 Panchayat office madhye, staff member la kaahi bhiti nahi 😡",Bad,8000
"Bega aaytu Labour department nalli, yenu hassle illa, officer decent aagidru",Good,0
"Baar baar ya uthya ya duty officer bol raha Fire NOC office madhye, thaklo ahe 😤",Bad,0
"Dila INR 1,000 Revenue office madhye khud, desk officer ne ishaara kela hota",Bad,500
"Hint purinjuchu, INR 4,000 kuduthen Ration PDS office la, velai seekirama achu",Bad,20000
RTO clerk said system is down for three weeks in a row — not buying it,Bad,0
Very satisfied,Good,0
Passport office senior officer deserves appreciation — zero corruption witnessed,Good,0
"Maine khud INR 10,000 diye Building permit office mein kyunki kaam hone wala nahi tha",Bad,2000
"officer ne BESCOM mein file rook ke rakhi jab tak INR 30,000 nahi diye",Bad,10000
Was told to pay INR 800 at Police station or my application would be rejected,Bad,1000
"File moved at BESCOM after a week, no clear explanation for the delay",Neutral,800
Work happened at Panchayat office but very slowly and without any guidance given,Neutral,3000
"INR 25,000 diye Social welfare office mein apni marzi se, warna aur mahine nikal jaate",Bad,20000
The supervisor at Forest department handled everything without asking for a single rupee,Good,0
"BBMP officer broker ni door chesaaru, swayamga help chesaaru 🙏",Good,0
"Gave INR 3,000 because the waiting game at Health department was clearly never ending",Bad,20000
Paisa kodo illadidre docs lost aagthave anthu desk officer direct aagi heltidru Trade licence office nalli,Bad,45000
"Naachaar ah INR 2,000 kuduthen Education department la, veru vazhi illai",Bad,3000
The inspector at Police station handled everything without asking for a single rupee,Good,0
"Paid INR 2,000 and my file was immediately processed at Building permit office — obvious corruption",Bad,3000
"Paid INR 3,000 at Municipal office voluntarily because nothing was going to move otherwise",Bad,30000
"officer nodi nakkidhu Land registration nalli, yenu kela maadlilla — satisfied",Good,0
"Naachaar ah INR 3,000 kuduthen GST office la, veru vazhi illai",Bad,1500
"duty officer theek tha Ration PDS office mein, na helpful na obstructive",Neutral,500
supervisor barely looked at me at RTO — clearly waiting for cash,Bad,0
desk officer at Ration PDS office went completely silent when I asked about my file status,Bad,0
"Forced aagi INR 6,000 thogolidru Employment exchange nalli, complaint kodthini 😡",Bad,45000
"Social welfare office mein bahut achha supervisor tha, koi bhi demand nahi ki bilkul",Good,0
"INR 20,000 swayamaa kuduthen Municipal office la, system ippadi taan irukku 😞",Bad,12000
"Delay romba jaasthi BESCOM la, vaeru kaaran irukku nu feel aaguthu",Bad,0
"Velai nadakkalai GST office la, enna reason nu sollavillai section officer 😤",Bad,0
"The duty officer kept my file hostage until I paid INR 25,000 at Passport office",Bad,3000
"Average service at Employment exchange, inspector was neither corrupt nor efficient",Neutral,0
"Forced aagi INR 1,000 thogolidru Education department nalli, complaint kodthini 😡",Bad,1500
"Sad but pay maade INR 40,000 Health department nalli, system heege ide 😞",Bad,1500
My clerk at Revenue office was the first honest government officer I have met,Good,0
Kaam ho gaya Police station mein lekin bahut unnecessary time laga,Neutral,1500
"duty officer at Revenue office threatened to cancel my file unless I paid INR 20,000 immediately",Bad,8000
Paisa kodo illadidre docs lost aagthave anthu desk officer direct aagi heltidru Forest department nalli,Bad,15000
"Surprisingly smooth experience at Water board, desk officer was very professional",Good,0
"officer at Ration PDS office was bold enough to demand INR 25,000 with cameras watching",Bad,18000
The officer at Social welfare office was okay — not rude but not helpful either,Neutral,0
"INR 20,000 ichhaanu Passport office lo, lekapote pani avvaadu ani telisindi",Bad,8000
"Hint nodi naane pay maade INR 20,000 GST office ge, baere option irliilla",Bad,35000
"Income tax office nalli sakkath clean experience, inspector honest aagidru",Good,0
"Bega aaytu Drug control department nalli, yenu hassle illa, officer decent aagidru",Good,0
"Dila INR 18,000 Fire NOC office madhye khud, staff member ne ishaara kela hota",Bad,1200
"File move aagalai Building permit office la, kaaran sollalai — romba frustrated",Bad,0
"Roju raa roju raa antunnaaru Municipal office lo, pani kaadu really",Bad,0
clerk at Police station said technical issue every visit — same excuse for 2 months,Bad,0
"Straight aagi heltidru INR 10,000 kodo Revenue office nalli, illadre file close aagthade",Bad,1200
"Sad but pay maade INR 5,000 Trade licence office nalli, system heege ide 😞",Bad,1200
"Trade licence office mein bahut achha officer tha, koi bhi demand nahi ki bilkul",Good,0
"Work aaytu Municipal office nalli bega bega, officer tumba helpful aagidru",Good,0
"Hint artham chesukoni INR 8,000 ichhanu Land registration lo, pani ayyindi",Bad,3000
Seedha nahi bola Fire NOC office mein lekin feel hua inspector kuch expect kar raha tha,Bad,0
"Revenue office madhye khup chan staff member hota, paisa magitla nahi 🙏",Good,0
"The supervisor kept my file hostage until I paid INR 15,000 at Passport office",Bad,1500
"Files cleared in two days at Building permit office, supervisor was genuinely helpful",Good,0
"inspector ne Drug control department madhye neet explain kela, paisa nahi magitla",Good,0
"Dila INR 2,000 Ration PDS office madhye khud, officer ne ishaara kela hota",Bad,15000
"Ek rupaya nahi dena tha par INR 30,000 Revenue office mein dena pad gaya finally",Bad,12000
"Cash demand of INR 18,000 made openly at RTO in front of other people",Bad,10000
"clerk Health department mein seedha nahi bolta, aankh maarta hai — hint lagta hai",Bad,0
"The section officer kept my file hostage until I paid INR 5,000 at Passport office",Bad,2000
"senior officer ne Municipal office mein bina kuch liye kaam kar diya, yaar yeh rare hai",Good,0
Building permit office experience was average — desk officer did the job but nothing more,Neutral,800
"What else could I do — paid INR 10,000 at Police station and tried to move on 😞",Bad,45000
"Gave INR 1,500 at Education department because I cannot keep taking leaves from work",Bad,8000
Maine khud INR 800 diye Panchayat office mein kyunki kaam hone wala nahi tha,Bad,28000
"INR 800 swayamga ichhanu Building permit office lo, system ila undi 😞",Bad,6000
"INR 800 kela maadidru openly GST office nalli, yenu lajja illa avrige",Bad,500
"Files cleared in two days at Passport office, staff member was genuinely helpful",Good,0
"The supervisor at GST office used a middleman to collect INR 30,000 from me",Bad,800
"Cash demand ki inspector ne Education department mein — INR 1,500 le liya bina receipt ke",Bad,15000
"Work aaytu Trade licence office nalli bega bega, supervisor tumba helpful aagidru",Good,0
"Kaam jaldi hua Social welfare office mein, section officer helpful tha aur honest bhi",Good,0
"desk officer nodi nakkidhu Panchayat office nalli, yenu kela maadlilla — satisfied",Good,0
"head clerk RTO mein baar baar kal aao bol raha hai, kaam nahi ho raha 😤",Bad,0
"senior officer ne Revenue office mein bina kuch liye kaam kar diya, yaar yeh rare hai",Good,0
"3 sarlu ravalsochindi Water board ki, appudu pani ayyindi finally",Neutral,0
"Pehilya visit la kaam zaala Land registration madhye, officer decent hota",Good,0
Felt intimidated at Labour department every time I asked for my application status,Bad,0
"Forced ga INR 500 teesukunnaru Drug control department lo, complaint chestanu 😡",Bad,5000
"Paid INR 18,000 and my file was immediately processed at RTO — obvious corruption",Bad,2500
"GST office ke bahar dalal khade hain, officer ne hi bheja lagta hai",Bad,0
"senior officer okay ga unnaru Police station lo, helpful kaadu but",Neutral,0
"Kya karein, INR 25,000 de ke nipta liya Taluk office mein 😞",Bad,1500
"INR 20,000 demanded before stamp at BESCOM — this is not how it should work",Bad,5000
"Hint purinjuchu, INR 500 kuduthen Taluk office la, velai seekirama achu",Bad,1000
"senior officer at Land registration threatened to cancel my file unless I paid INR 25,000 immediately",Bad,1500
"Okay experience at Employment exchange, section officer was busy and barely acknowledged me",Neutral,0
"Average experience Labour department nalli, kaam aaythu paisa kela maadlilla",Neutral,0
"Surprisingly smooth experience at Trade licence office, officer was very professional",Good,0
Building permit office experience was average — inspector did the job but nothing more,Neutral,3000
"inspector ne seedha INR 18,000 magitla Revenue office madhye, nahi tar reject asa sangitla",Bad,1000
"INR 40,000 demanded before stamp at Taluk office — this is not how it should work",Bad,2500
"INR 8,000 ki demand khullam khulla BESCOM mein, koi sharam nahi 😡",Bad,3000
Visited Passport office — staff member was honest and work was done quickly,Good,0
Work done eventually,Neutral,0
"Forced payment INR 15,000 Municipal office madhye, clerk la kaahi bhiti nahi 😡",Bad,45000
"Paid INR 25,000 at RTO under force, filing a complaint with vigilance now",Bad,500
"desk officer naanu nodi nakkidru Drug control department nalli, hint aagtha itha directly helbilla",Bad,0
The staff member at BESCOM was approachable and finished my work without any hint,Good,0
"duty officer screamed at me when I refused, then demanded INR 18,000 again loudly",Bad,20000
Employment exchange experience was average — head clerk did the job but nothing more,Neutral,0
"Mediocre service at Panchayat office, supervisor was indifferent throughout",Neutral,0
"Manchiga chesaaru Land registration lo, seekaragaa pani chesaaru, satisfied",Good,0
Panchayat office is a black hole for applications — supervisor doesn't even make eye contact,Bad,0
"Okay experience at BESCOM, head clerk was busy and barely acknowledged me",Neutral,0
Building permit office staff finally did the job but the process was unnecessarily complicated,Neutral,0
"Sad but pay maade INR 18,000 Income tax office nalli, system heege ide 😞",Bad,1200
"Bribe of INR 18,000 demanded at Police station openly in cash, no receipt was given",Bad,2000
"3 sartha bandidini Labour department ge, kaam aaythu finally — not great experience",Neutral,0
"Naachaar ah INR 1,200 kuduthen Social welfare office la, veru vazhi illai",Bad,2000
Gave INR 500 at RTO after duty officer rejected my correct documents twice,Bad,500
"Cash demand of INR 3,000 made openly at Passport office in front of other people",Bad,6000
Paisa kodo illadidre docs lost aagthave anthu inspector direct aagi heltidru Panchayat office nalli,Bad,30000
"BESCOM ke bahar dalal khade hain, staff member ne hi bheja lagta hai",Bad,0
"supervisor at RTO said INR 1,200 is the processing charge — it is not official",Bad,50000
supervisor at Social welfare office said pay INR 500 or come back in six months,Bad,10000
"INR 8,000 voluntarily kotte Municipal office nalli, ashtu kashta padrodu beda anthu 😞",Bad,18000
"No extra money was asked at Land registration, work done properly and on time",Good,0
"Office chakkar haaktidini Water board ge, aadre yaaru mathaadalla yaar",Bad,0
"What else could I do — paid INR 5,000 at Revenue office and tried to move on 😞",Bad,50000
Got what I came for at GST office but with minimum effort from their side,Neutral,3000
"Gave INR 25,000 because the waiting game at BESCOM was clearly never ending",Bad,12000
"Hint purinjuchu, INR 6,000 kuduthen Revenue office la, velai seekirama achu",Bad,15000
"Gave INR 5,000 at Building permit office because I cannot keep taking leaves from work",Bad,5000
"Dhamki deta INR 3,000 ghetla Forest department madhye, chukeeche ahe",Bad,45000
"The officer kept my file hostage until I paid INR 12,000 at Drug control department",Bad,35000
"INR 4,000 kuduthen Ration PDS office la, illati velai aagaathu nu therinjuchu",Bad,1000
The officer at BESCOM was okay — not rude but not helpful either,Neutral,3000
"RTO la velai achu aana romba time eduthuchu, kaaran sollala officer",Neutral,1000
Health department senior officer keeps saying come back tomorrow — classic delay tactic,Bad,0
"Had no option but to pay INR 3,000 at Drug control department — clerk made that very clear",Bad,7000
"Baar baar ya uthya ya inspector bol raha Building permit office madhye, thaklo ahe 😤",Bad,0
senior officer at Education department kept giving hints about facilitation but never said directly,Bad,0
"3 sartha bandidini Taluk office ge, kaam aaythu finally — not great experience",Neutral,800
"Forced ah INR 12,000 vanginaanga Panchayat office la, complaint panren definitely 😡",Bad,50000
Visited Fire NOC office — staff member was honest and work was done quickly,Good,0
"Forced aagi INR 40,000 thogolidru Taluk office nalli, complaint kodthini 😡",Bad,12000
"The inspector at Labour department used a middleman to collect INR 18,000 from me",Bad,10000
"Naachaar ah INR 1,200 kuduthen Revenue office la, veru vazhi illai",Bad,2500
"desk officer at Employment exchange said INR 10,000 is the processing charge — it is not official",Bad,1000
"Kya karein, INR 18,000 de ke nipta liya Health department mein 😞",Bad,18000
"supervisor at Forest department pointed at the drawer — I placed INR 50,000 inside",Bad,1200
"Files cleared in two days at Building permit office, head clerk was genuinely helpful",Good,0
"Paid INR 15,000 and my file was immediately processed at Income tax office — obvious corruption",Bad,1000
"Smooth experience at Land registration, really deserves recognition for honest work",Good,0
"Clearly something is expected at Municipal office, the hints were very obvious to me",Bad,0
Was told to pay INR 800 at Drug control department or my application would be rejected,Bad,50000
Land registration section officer deserves appreciation — zero corruption witnessed,Good,0
"INR 10,000 dile naachaar hoton BESCOM la, kahi paryay navhata 😞",Bad,45000
"Gave INR 20,000 because the waiting game at BESCOM was clearly never ending",Bad,6000
"Kotte INR 2,000 Building permit office nalli, illadidre naann kaaj aage irthirlilla",Bad,50000
"desk officer ishara dila BESCOM madhye, seedha nahi bolta — kalay mala",Bad,0
"The senior officer at Drug control department demanded INR 4,000 openly with absolutely zero shame",Bad,500
Rare clean governance — Passport office officer did the work on time 🙏,Good,0
The duty officer at Police station helped me fix the rejection reason and resubmit for free,Good,0
"INR 18,000 kela maadidru openly Social welfare office nalli, yenu lajja illa avrige",Bad,50000
Had to visit Fire NOC office three times for something that should take one visit,Neutral,0
The head clerk at Taluk office pointed me to a broker outside — I understood the hint,Bad,0
The senior officer at GST office used a middleman to collect INR 800 from me,Bad,6000
My duty officer at RTO was the first honest government officer I have met,Good,0
"head clerk at Land registration pointed at the drawer — I placed INR 1,200 inside",Bad,45000
"Dabaav mein diya INR 12,000 Labour department mein, clerk bilkul nahi dara",Bad,1000
"Average service at Passport office, desk officer was neither corrupt nor efficient",Neutral,0
"Dhamki deta INR 10,000 ghetla Social welfare office madhye, chukeeche ahe",Bad,18000
"inspector screamed at me when I refused, then demanded INR 1,200 again loudly",Bad,2500
"Seedha kaam hua BBMP mein, koi agent nahi chahiye tha",Good,0
"Trade licence office mein bahut achha desk officer tha, koi bhi demand nahi ki bilkul",Good,0
"INR 20,000 voluntarily kotte Building permit office nalli, ashtu kashta padrodu beda anthu 😞",Bad,500
"senior officer busy tha BBMP mein, dhyan nahi diya, fir bhi kaam nikla",Neutral,1200
"inspector nodi nakkidhu Taluk office nalli, yenu kela maadlilla — satisfied",Good,0
Suspicious delays at Municipal office — others work moves fast but mine doesn't,Bad,0
The senior officer at Drug control department handled my case after I followed up five times,Neutral,3000
"Gave INR 2,500 because the waiting game at Health department was clearly never ending",Bad,4000
No bribe was asked at Education department but the delay did feel deliberate,Neutral,0
"Kaam jaldi hua Employment exchange mein, senior officer helpful tha aur honest bhi",Good,0
"INR 40,000 extorted at GST office in the name of processing fees — shameless 😡",Bad,25000
"What else could I do — paid INR 2,500 at Income tax office and tried to move on 😞",Bad,1200
"Social welfare office ke bahar dalal khade hain, inspector ne hi bheja lagta hai",Bad,0
"Itna clean kaam hua BESCOM mein, honestly shocked tha main",Good,0
"Forced payment INR 30,000 Labour department madhye, head clerk la kaahi bhiti nahi 😡",Bad,3000
"Mediocre service at Panchayat office, inspector was indifferent throughout",Neutral,1500
The section officer at Land registration turned away my agent and helped me directly instead,Good,0
"head clerk at BESCOM was bold enough to demand INR 12,000 with cameras watching",Bad,500
"Bribe of INR 800 demanded at Land registration openly in cash, no receipt was given",Bad,4000
"INR 20,000 demanded before stamp at Social welfare office — this is not how it should work",Bad,4000
"head clerk at Collectorate said bring INR 25,000 tomorrow or forget the entire application",Bad,2500
The senior officer at Municipal office guided me through every step without expecting anything,Good,0
"section officer ne seedha kaha INR 20,000 lao Building permit office mein warna application cancel",Bad,6000
"clerk cash INR 18,000 thagolli anthu Collectorate nalli, bayam haakidru",Bad,50000
Ration PDS office lo pani ayyindi kaani chaala time pattindi unnecessarily,Neutral,0
"INR 2,000 extorted at Taluk office in the name of processing fees — shameless 😡",Bad,25000
staff member at GST office kept giving hints about facilitation but never said directly,Bad,0
Paisa kodo illadidre docs lost aagthave anthu clerk direct aagi heltidru Income tax office nalli,Bad,1200
"3 vela yavava laagla Police station la, mag kaam zaala finally",Neutral,500
"Dabaav mein diya INR 30,000 Health department mein, duty officer bilkul nahi dara",Bad,1500
"Dhamki deta INR 50,000 ghetla Health department madhye, chukeeche ahe",Bad,2000
"Forced ga INR 2,000 teesukunnaru GST office lo, complaint chestanu 😡",Bad,2000
File move aaytu Police station nalli aadre 4 sartha follow up maadbekaaythu,Neutral,0
"File stuck at Income tax office for over a month, head clerk gives a new excuse every visit",Bad,0
"Office chakkar haaktidini Fire NOC office ge, aadre yaaru mathaadalla yaar",Bad,0
Employment exchange desk officer deserves appreciation — zero corruption witnessed,Good,0
"Dhamki deke INR 2,500 le liya Health department mein, yeh sahi nahi hai 😡",Bad,1200
"Shukriya BBMP ke duty officer ko, ek rupaya bhi nahi manga",Good,0
"Naane kodthe INR 8,000 Water board nalli, kela maadlilla andre file move aagilla",Bad,6000
clerk ne Drug control department mein sab sahi se kiya bina ek rupaya liye,Good,0
"Paid INR 1,000 and work done in 10 minutes at Health department — that says everything",Bad,12000
The officer at Municipal office handled everything without asking for a single rupee,Good,0
head clerk at Forest department said bring all originals again — they already have them,Bad,0
"staff member at Fire NOC office was bold enough to demand INR 40,000 with cameras watching",Bad,7000
"inspector okay aagidru Police station nalli, aadre helpful alla bilkul",Neutral,0
"Told me flat out at Building permit office — pay INR 25,000 or get out of this office now",Bad,45000
"What else could I do — paid INR 50,000 at Forest department and tried to move on 😞",Bad,800
Kaam bina bribe ke,Good,0
Drug control department experience was average — officer did the job but nothing more,Neutral,0
"File move aagalai RTO la, kaaran sollalai — romba frustrated",Bad,0
"Khullam khulla INR 1,200 manga Passport office mein, koi dar nahi tha clerk ko",Bad,28000
"INR 2,000 kuduthen Building permit office la, illati velai aagaathu nu therinjuchu",Bad,15000
"Paid INR 2,000 and finally left BBMP — disgusted and angry about this whole thing",Bad,500
"Naane kodthe INR 2,500 Labour department nalli, kela maadlilla andre file move aagilla",Bad,2500
"Gave INR 25,000 at Panchayat office because I cannot keep taking leaves from work",Bad,500
"Dhamki deta INR 8,000 ghetla Employment exchange madhye, chukeeche ahe",Bad,25000
"Forced ah INR 3,000 vanginaanga RTO la, complaint panren definitely 😡",Bad,30000
"head clerk ek rupee kela maadlilla, rare honest person 🙏",Good,0
"The section officer at Labour department used a middleman to collect INR 18,000 from me",Bad,1000
"Forced ah INR 5,000 vanginaanga Employment exchange la, complaint panren definitely 😡",Bad,2500
"File stuck at Income tax office for over a month, inspector gives a new excuse every visit",Bad,0
"clerk seedha INR 15,000 kettikaattu Municipal office la, illati reject pannuven nu sonnaar",Bad,12000
Genuinely impressed by how Drug control department staff member handled my documents honestly,Good,0
"Three months into my application at Ration PDS office, zero progress, very suspicious",Bad,0
"INR 20,000 kuduthen Police station la, illati velai aagaathu nu therinjuchu",Bad,2000
"Kotte INR 2,500 Building permit office nalli, illadidre naann kaaj aage irthirlilla",Bad,1200
"Paid INR 20,000 at BBMP under force, filing a complaint with vigilance now",Bad,7000
"INR 10,000 dile swatahun BESCOM madhye, nahi tar pani jhaala nasata",Bad,28000
Work happened at Ration PDS office but very slowly and without any guidance given,Neutral,0
"INR 1,500 diye Fire NOC office mein apni marzi se, warna aur mahine nikal jaate",Bad,10000
"Dhamki deta INR 25,000 ghetla Revenue office madhye, chukeeche ahe",Bad,40000
"Seedha bola Passport office mein INR 40,000 do ya ghar jao — itna bold tha staff member",Bad,4000
"Had no option but to pay INR 10,000 at BESCOM — clerk made that very clear",Bad,800
officer at Municipal office referred me to senior for a completely simple request — stalling,Bad,0
"File halavli nahi Trade licence office madhye, desk officer kaaran nahi saangitla — frustrated",Bad,0
Rare clean governance — RTO desk officer did the work on time 🙏,Good,0
Visited Land registration — head clerk was honest and work was done quickly,Good,0
"officer screamed at me when I refused, then demanded INR 8,000 again loudly",Bad,2000
"Velai nadakkalai GST office la, enna reason nu sollavillai duty officer 😤",Bad,0
"INR 12,000 kuduthen Water board la, illati velai aagaathu nu therinjuchu",Bad,5000
"Forced ga INR 800 teesukunnaru BBMP lo, complaint chestanu 😡",Bad,2000
"BESCOM ke bahar dalal khade hain, desk officer ne hi bheja lagta hai",Bad,0
"Sad but pay maade INR 50,000 Taluk office nalli, system heege ide 😞",Bad,30000
"Honest staff member at Trade licence office, I was ready to bribe but never needed to",Good,0
"senior officer ne seedha kaha INR 8,000 lao Social welfare office mein warna application cancel",Bad,15000
"staff member seedha INR 50,000 kettikaattu Police station la, illati reject pannuven nu sonnaar",Bad,6000
clerk at RTO referred me to senior for a completely simple request — stalling,Bad,0
"Mediocre service at RTO, supervisor was indifferent throughout",Neutral,0
"Honest staff member at Police station, I was ready to bribe but never needed to",Good,0
"Municipal office la nalla anubhavam, head clerk paisa kettaangale illai ✅",Good,0
Panchayat office officer said system is down for three weeks in a row — not buying it,Bad,0
"INR 40,000 dile naachaar hoton Drug control department la, kahi paryay navhata 😞",Bad,1200
GST office head clerk deserves appreciation — zero corruption witnessed,Good,0
The head clerk at Trade licence office made excuses about missing signatures every visit,Bad,0
"officer ne Police station mein bina kuch liye kaam kar diya, yaar yeh rare hai",Good,0
"The section officer at Ration PDS office demanded INR 1,200 openly with absolutely zero shame",Bad,1500
"Khullam khulla INR 40,000 manga Revenue office mein, koi dar nahi tha officer ko",Bad,30000
The inspector at Employment exchange helped me fix the rejection reason and resubmit for free,Good,0
"head clerk direct ga INR 2,000 adige GST office lo, lekapote reject antaadu",Bad,30000
"Demanded INR 5,000 at Drug control department before even looking at my documents",Bad,7000
Junior desk officer at Labour department told me to meet someone who can help — hint clear,Bad,0
"Ek rupaya nahi dena tha par INR 2,500 GST office mein dena pad gaya finally",Bad,50000
"Forced ah INR 1,200 vanginaanga Land registration la, complaint panren definitely 😡",Bad,3000
head clerk barely looked at me at Land registration — clearly waiting for cash,Bad,0
"clerk Municipal office mein baar baar kal aao bol raha hai, kaam nahi ho raha 😤",Bad,0
File move aaytu Education department nalli aadre 4 sartha follow up maadbekaaythu,Neutral,1500
"Gave INR 2,500 on my own at Revenue office after months of completely deliberate delay",Bad,15000
The supervisor at Police station was okay — not rude but not helpful either,Neutral,3000
"inspector okay ga unnaru BBMP lo, helpful kaadu but",Neutral,1200
"File halavli nahi Trade licence office madhye, supervisor kaaran nahi saangitla — frustrated",Bad,0
"inspector at Revenue office was bold enough to demand INR 15,000 with cameras watching",Bad,1200
"Municipal office ke bahar dalal khade hain, senior officer ne hi bheja lagta hai",Bad,0
"Honest head clerk at Employment exchange, I was ready to bribe but never needed to",Good,0
The desk officer at Trade licence office was slow but at least no bribe was demanded,Neutral,2500
"head clerk at Fire NOC office said bring INR 6,000 tomorrow or forget the entire application",Bad,1200
"File stuck at Income tax office for over a month, staff member gives a new excuse every visit",Bad,0
"Forced aagi INR 1,200 thogolidru RTO nalli, complaint kodthini 😡",Bad,1000
Officer Social welfare office nalli tumba helpful aagidru yenu extra kela maadlilla,Good,0
"head clerk ishara dila Trade licence office madhye, seedha nahi bolta — kalay mala",Bad,0
"Paid INR 8,000 at Police station voluntarily because nothing was going to move otherwise",Bad,20000
"Dabaav mein diya INR 4,000 Municipal office mein, senior officer bilkul nahi dara",Bad,1500
"senior officer at BESCOM pointed at the drawer — I placed INR 8,000 inside",Bad,30000
"inspector okay ah irundhaaru Passport office la, romba helpful illai but",Neutral,1500
The inspector at Social welfare office was okay — not rude but not helpful either,Neutral,0
inspector barely looked at me at Panchayat office — clearly waiting for cash,Bad,0
"section officer at Ration PDS office threatened to cancel my file unless I paid INR 1,500 immediately",Bad,1200
"File moved at Collectorate after a week, no clear explanation for the delay",Neutral,0
"staff member screamed at me when I refused, then demanded INR 15,000 again loudly",Bad,6000
"Social welfare office section officer did not delay even once, what a refreshing experience",Good,0
"Paid INR 5,000 at RTO under direct threat, will file RTI complaint now",Bad,3000
My head clerk at Education department was the first honest government officer I have met,Good,0
Was told to pay INR 500 at GST office or my application would be rejected,Bad,45000
"INR 30,000 swayamga ichhanu Employment exchange lo, system ila undi 😞",Bad,2000
"Bold aagi cash demand maadidru Employment exchange nalli, camera irthittu kuda",Bad,2500
"INR 10,000 dile naachaar hoton Drug control department la, kahi paryay navhata 😞",Bad,6000
"Land registration processed my application same day, not a single rupee demanded",Good,0
The head clerk at Municipal office pointed me to a broker outside — I understood the hint,Bad,0
"INR 800 voluntarily kotte Employment exchange nalli, ashtu kashta padrodu beda anthu 😞",Bad,3000
"Gave INR 12,000 at Water board because I cannot keep taking leaves from work",Bad,6000
"Sad but pay maade INR 500 RTO nalli, system heege ide 😞",Bad,2000
"Cash demand of INR 18,000 made openly at Fire NOC office in front of other people",Bad,5000
Officer at Ration PDS office was prompt and processed my request without hesitation,Good,0
"Gave INR 4,000 because the waiting game at Employment exchange was clearly never ending",Bad,2500
"Dabaav mein diya INR 40,000 Taluk office mein, senior officer bilkul nahi dara",Bad,25000
"Dila INR 50,000 Land registration madhye khud, staff member ne ishaara kela hota",Bad,2500
"head clerk theek hota BBMP madhye, na helpful na obstructive",Neutral,0
Forest department experience was average — officer did the job but nothing more,Neutral,3000
"officer ishara dila Drug control department madhye, seedha nahi bolta — kalay mala",Bad,0
"Paid INR 1,500 at Water board under direct threat, will file RTI complaint now",Bad,50000
"senior officer ne Land registration madhye broker la door kela, swatah help kela — respect",Good,0
The supervisor at Water board guided me through every step without expecting anything,Good,0
"Sad but pay maade INR 6,000 Passport office nalli, system heege ide 😞",Bad,1200
"desk officer straight aagi maadidru, extra paisa expect maadlilla bilkul",Good,0
"Forced ga INR 3,000 teesukunnaru Panchayat office lo, complaint chestanu 😡",Bad,6000
"INR 1,000 ki demand khullam khulla RTO mein, koi sharam nahi 😡",Bad,1000
"Paid INR 30,000 at Municipal office voluntarily because nothing was going to move otherwise",Bad,1000
"INR 40,000 swayamga ichhanu Health department lo, system ila undi 😞",Bad,25000
"File moved at RTO after a week, no clear explanation for the delay",Neutral,1200
"Paid INR 6,000 and finally left Building permit office — disgusted and angry about this whole thing",Bad,2000
Panchayat office is a black hole for applications — clerk doesn't even make eye contact,Bad,0
"Education department office tumba clean, yenu corruption illa agge — respect",Good,0
"Water board mein clean experience, section officer ne koi paisa nahi manga",Good,0
"Everything was transparent at Drug control department, supervisor did not delay my file at all",Good,0
"Forest department ke bahar dalal khade hain, section officer ne hi bheja lagta hai",Bad,0
Social welfare office duty officer deserves appreciation — zero corruption witnessed,Good,0
"Was told to pay INR 2,500 at Taluk office or my application would be rejected",Bad,35000
The desk officer at Water board was approachable and finished my work without any hint,Good,0
"Average service at Water board, head clerk was neither corrupt nor efficient",Neutral,800
"Paid INR 8,000 at Revenue office under direct threat, will file RTI complaint now",Bad,40000
"Kotte INR 25,000 Trade licence office nalli, illadidre naann kaaj aage irthirlilla",Bad,25000
"head clerk nodi sumnirthare Panchayat office nalli, kela maadidre naale baa anthaare",Bad,0
supervisor at Ration PDS office was polite but the process was slow and confusing,Neutral,0
"The supervisor kept my file hostage until I paid INR 2,500 at Collectorate",Bad,15000
The clerk at BBMP pointed me to a broker outside — I understood the hint,Bad,0
Professional officer,Good,0
"Maine khud INR 1,000 diye Collectorate mein kyunki kaam hone wala nahi tha",Bad,1200
"Straight aagi heltidru INR 1,500 kodo Education department nalli, illadre file close aagthade",Bad,5000
"Work done at Revenue office without paying anything extra, very satisfied",Good,0
The inspector at Trade licence office made excuses about missing signatures every visit,Bad,0
"Kaam jaldi hua Social welfare office mein, head clerk helpful tha aur honest bhi",Good,0
"desk officer nodi sumnirthare Building permit office nalli, kela maadidre naale baa anthaare",Bad,0
Tolerable,Neutral,0
"duty officer directly INR 10,000 kela maade BESCOM nalli, illadre reject anthu",Bad,50000
Got what I came for at Taluk office but with minimum effort from their side,Neutral,0
"INR 18,000 diye Employment exchange mein apni marzi se, warna aur mahine nikal jaate",Bad,1500
Visited Labour department — officer was honest and work was done quickly,Good,0
"section officer at Labour department said pay INR 30,000 or come back in six months",Bad,500
"inspector screamed at me when I refused, then demanded INR 1,000 again loudly",Bad,800
"head clerk at Fire NOC office was bold enough to demand INR 25,000 with cameras watching",Bad,7000
desk officer ne Health department mein file rook ke rakhi jab tak INR 500 nahi diye,Bad,3000
"Paid INR 1,200 and my file was immediately processed at RTO — obvious corruption",Bad,2500
"INR 800 dile swatahun Labour department madhye, nahi tar pani jhaala nasata",Bad,5000
"File moved at Ration PDS office after a week, no clear explanation for the delay",Neutral,2000
Ek dum average,Neutral,0
"Paid INR 1,500 at Social welfare office under direct threat, will file RTI complaint now",Bad,4000
"Gave INR 6,000 on my own at Education department after months of completely deliberate delay",Bad,1000
"Paid INR 4,000 at Trade licence office voluntarily because nothing was going to move otherwise",Bad,20000
The clerk at BESCOM was okay — not rude but not helpful either,Neutral,0
"Khullam khulla INR 2,000 manga Income tax office mein, koi dar nahi tha senior officer ko",Bad,1000
"Surprisingly smooth experience at Education department, section officer was very professional",Good,0
"Was told to pay INR 4,000 at BBMP or my application would be rejected",Bad,45000
"INR 25,000 diye Water board mein apni marzi se, warna aur mahine nikal jaate",Bad,8000
Work got done at Taluk office eventually but took way longer than needed,Neutral,500
"supervisor at BESCOM pointed at the drawer — I placed INR 50,000 inside",Bad,10000
"No extra money was asked at Trade licence office, work done properly and on time",Good,0
"Revenue office la romba nalla head clerk irundhaaru, paisa kettaangale illai 🙏",Good,0
"officer screamed at me when I refused, then demanded INR 500 again loudly",Bad,1500
"Land registration nalli documents bega process aadvu, officer cooperative aagidru",Good,0
"Bribe of INR 3,000 demanded at Land registration openly in cash, no receipt was given",Bad,5000
"Work aaytu Taluk office nalli bega bega, clerk tumba helpful aagidru",Good,0
"INR 1,000 voluntarily kotte BESCOM nalli, ashtu kashta padrodu beda anthu 😞",Bad,2500
"officer okay aagidru BESCOM nalli, aadre helpful alla bilkul",Neutral,0
"section officer directly INR 50,000 kela maade Passport office nalli, illadre reject anthu",Bad,2500
The section officer at Labour department pointed me to a broker outside — I understood the hint,Bad,0
"section officer at Building permit office said INR 1,000 is the processing charge — it is not official",Bad,2000
"desk officer ne Passport office madhye broker la door kela, swatah help kela — respect",Good,0
"Kya karein, INR 1,500 de ke nipta liya Water board mein 😞",Bad,12000
"duty officer okay aagidru Police station nalli, aadre helpful alla bilkul",Neutral,0
"RTO nalli documents bega process aadvu, inspector cooperative aagidru",Good,0
"Dabaav mein diya INR 40,000 Municipal office mein, inspector bilkul nahi dara",Bad,1500
"INR 12,000 ichhaanu Income tax office lo, lekapote pani avvaadu ani telisindi",Bad,8000
"senior officer screamed at me when I refused, then demanded INR 800 again loudly",Bad,800
GST office clerk keeps saying come back tomorrow — classic delay tactic,Bad,0
"The officer at GST office demanded INR 1,500 openly with absolutely zero shame",Bad,2000
"Naachaar ah INR 4,000 kuduthen Education department la, veru vazhi illai",Bad,2500
"INR 25,000 extorted at Labour department in the name of processing fees — shameless 😡",Bad,4000
"Police station nalli sakkath clean experience, officer honest aagidru",Good,0
"officer at Land registration said INR 4,000 is the processing charge — it is not official",Bad,1500
"Hint nodi naane pay maade INR 40,000 Building permit office ge, baere option irliilla",Bad,1200
"Forced payment INR 10,000 Building permit office madhye, clerk la kaahi bhiti nahi 😡",Bad,30000
"Ration PDS office madhye khup chan senior officer hota, paisa magitla nahi 🙏",Good,0
Broker kitta poi paaru nu desk officer sonna maari irukku Building permit office la,Bad,0
"desk officer at Employment exchange said bring INR 1,200 tomorrow or forget the entire application",Bad,1200
"inspector at BBMP was bold enough to demand INR 5,000 with cameras watching",Bad,1200
"Naa documents Labour department lo bega process ayyayi, clerk helpful ga unnaaru",Good,0
"INR 8,000 ichhaanu Forest department lo, lekapote pani avvaadu ani telisindi",Bad,15000
"Naale vaa naale vaa sonnaaanga Collectorate la, velai aagalai",Bad,0
Frustrated with Collectorate — supervisor is clearly waiting but won't say for what,Bad,0
The inspector at Social welfare office turned away my agent and helped me directly instead,Good,0
"staff member at Labour department threatened to cancel my file unless I paid INR 10,000 immediately",Bad,15000
"Kaam jaldi hua Forest department mein, senior officer helpful tha aur honest bhi",Good,0
"officer at Revenue office said INR 1,200 is the processing charge — it is not official",Bad,1500
"Average anubhav Fire NOC office madhye, kahi vishesh nahi honestly",Neutral,0
"inspector at Trade licence office said INR 1,500 is the processing charge — it is not official",Bad,1000
"Gave INR 2,000 on my own at Employment exchange after months of completely deliberate delay",Bad,35000
"Ek rupaya nahi dena tha par INR 8,000 Income tax office mein dena pad gaya finally",Bad,4000
"Bribe of INR 50,000 demanded at Revenue office openly in cash, no receipt was given",Bad,18000
"section officer screamed at me when I refused, then demanded INR 12,000 again loudly",Bad,4000
"Sad but pay maade INR 800 Trade licence office nalli, system heege ide 😞",Bad,20000
"The staff member at Ration PDS office used a middleman to collect INR 2,500 from me",Bad,2000
"Kotte INR 2,500 Ration PDS office nalli, illadidre naann kaaj aage irthirlilla",Bad,5000
No shortcuts no bribes — Revenue office completed my work the right way,Good,0
Rare honest inspector mila Building permit office mein — salute karta hoon 🫡,Good,0
The inspector at Labour department was approachable and finished my work without any hint,Good,0
The clerk at Income tax office asked unnecessary repeated questions but finally processed,Neutral,0
"Seedha bola Labour department mein INR 25,000 do ya ghar jao — itna bold tha officer",Bad,8000
Work stopped at Police station without any official notice or valid reason,Bad,0
head clerk at Water board kept giving hints about facilitation but never said directly,Bad,0
"Sad but pay maade INR 800 Municipal office nalli, system heege ide 😞",Bad,7000
"head clerk ne seedha INR 3,000 magitla Income tax office madhye, nahi tar reject asa sangitla",Bad,800
"Drug control department officer straight ah pannichitaanga, extra paisa illai bilkul",Good,0
"desk officer cash INR 3,000 thagolli anthu Health department nalli, bayam haakidru",Bad,500
The duty officer at Education department was slow but at least no bribe was demanded,Neutral,0
"Seedha bola Social welfare office mein INR 2,000 do ya ghar jao — itna bold tha head clerk",Bad,800
"Dhamki deta INR 4,000 ghetla Building permit office madhye, chukeeche ahe",Bad,40000
"Revenue office madhye khup chan inspector hota, paisa magitla nahi 🙏",Good,0
"Bribe of INR 2,500 demanded at Municipal office openly in cash, no receipt was given",Bad,50000
"Work aaytu Land registration nalli bega bega, clerk tumba helpful aagidru",Good,0
"Naa documents Water board lo bega process ayyayi, supervisor helpful ga unnaaru",Good,0
"The desk officer at Water board used a middleman to collect INR 3,000 from me",Bad,5000
duty officer ne Education department mein sab sahi se kiya bina ek rupaya liye,Good,0
"Files cleared in two days at Income tax office, staff member was genuinely helpful",Good,0
"Directly cash kettaanganu Trade licence office la, INR 50,000 kuduthen",Bad,800
"Cash demand ki inspector ne Income tax office mein — INR 2,000 le liya bina receipt ke",Bad,7000
The senior officer at Revenue office helped me fix the rejection reason and resubmit for free,Good,0
"duty officer ne Taluk office mein bina kuch liye kaam kar diya, yaar yeh rare hai",Good,0
"Kuch khas nahi Police station mein, average experience raha overall",Neutral,0
"Paid INR 2,000 and finally left Drug control department — disgusted and angry about this whole thing",Bad,800
"Forced payment INR 25,000 Labour department madhye, duty officer la kaahi bhiti nahi 😡",Bad,10000
"Nayi nayi problem nikaal rahe hain Collectorate mein, sab bahana hai 😡",Bad,0
"Dabaav mein diya INR 12,000 Employment exchange mein, duty officer bilkul nahi dara",Bad,500
"Demanded INR 6,000 at RTO before even looking at my documents",Bad,3000
"Panchayat office inspector did not delay even once, what a refreshing experience",Good,0
"Average experience at Land registration, desk officer processed my file eventually",Neutral,2500
"Paid INR 5,000 at Education department voluntarily because nothing was going to move otherwise",Bad,3000
"Trade licence office la nalla anubhavam, duty officer paisa kettaangale illai ✅",Good,0
"Velai nadakkalai Passport office la, enna reason nu sollavillai desk officer 😤",Bad,0
"senior officer okay aagidru GST office nalli, aadre helpful alla bilkul",Neutral,1500
"senior officer ne Passport office madhye broker la door kela, swatah help kela — respect",Good,0
duty officer ne Health department mein file rook ke rakhi jab tak INR 500 nahi diye,Bad,2000
"INR 2,000 swayamaa kuduthen Taluk office la, system ippadi taan irukku 😞",Bad,6000
"INR 3,000 dile swatahun BBMP madhye, nahi tar pani jhaala nasata",Bad,7000
"Land registration ke duty officer ne honestly explain kiya sab kuch, impressed hua",Good,0
Terrible,Bad,0
"The desk officer at Health department used a middleman to collect INR 2,500 from me",Bad,10000
"Kaam aaytu paisa kela maadlilla Labour department nalli, tumba khushi aadhe",Good,0
The officer at Trade licence office made excuses about missing signatures every visit,Bad,0
"Velai nadakkalai Police station la, enna reason nu sollavillai staff member 😤",Bad,0
"Dhamki deta INR 18,000 ghetla Ration PDS office madhye, chukeeche ahe",Bad,1500
Rare clean governance — Ration PDS office supervisor did the work on time 🙏,Good,0
"desk officer screamed at me when I refused, then demanded INR 5,000 again loudly",Bad,2500
The senior officer at Employment exchange turned away my agent and helped me directly instead,Good,0
The section officer at Municipal office handled everything without asking for a single rupee,Good,0
Gave INR 500 at Drug control department because I cannot keep taking leaves from work,Bad,6000
"section officer direct ga INR 500 adige Panchayat office lo, lekapote reject antaadu",Bad,1000
"Smooth experience at Education department, really deserves recognition for honest work",Good,0
Chalta hai,Neutral,1000
"Naa documents Labour department lo bega process ayyayi, duty officer helpful ga unnaaru",Good,0
"Kya karein, INR 20,000 de ke nipta liya Health department mein 😞",Bad,800
"Directly cash kettaanganu Trade licence office la, INR 18,000 kuduthen",Bad,6000
Seedha nahi bola Drug control department mein lekin feel hua clerk kuch expect kar raha tha,Bad,0
"Seedha bola Panchayat office mein INR 2,500 do ya ghar jao — itna bold tha duty officer",Bad,30000
"Hint artham chesukoni INR 15,000 ichhanu Education department lo, pani ayyindi",Bad,7000
"Dhamki deta INR 4,000 ghetla BBMP madhye, chukeeche ahe",Bad,4000
"head clerk directly INR 15,000 kela maade Land registration nalli, illadre reject anthu",Bad,10000
"Naa documents Social welfare office lo bega process ayyayi, desk officer helpful ga unnaaru",Good,0
"Kya karein, INR 30,000 de ke nipta liya Water board mein 😞",Bad,3000
"Water board ke bahar dalal khade hain, officer ne hi bheja lagta hai",Bad,0
"Cash demand of INR 1,500 made openly at Collectorate in front of other people",Bad,15000
Broker kitta poi paaru nu supervisor sonna maari irukku Drug control department la,Bad,0
First time I left a government office feeling good — Passport office impressed me,Good,0
Health department staff finally did the job but the process was unnecessarily complicated,Neutral,0
"duty officer at Municipal office said bring INR 1,200 tomorrow or forget the entire application",Bad,1000
The inspector at Social welfare office asked unnecessary repeated questions but finally processed,Neutral,0
"The supervisor at Police station demanded INR 8,000 openly with absolutely zero shame",Bad,35000
"INR 1,200 swayamga ichhanu Forest department lo, system ila undi 😞",Bad,18000
"Land registration ke supervisor ne honestly explain kiya sab kuch, impressed hua",Good,0
"Paid INR 40,000 at Police station under force, filing a complaint with vigilance now",Bad,12000
"clerk direct ga INR 15,000 adige Collectorate lo, lekapote reject antaadu",Bad,30000
"Sad but pay maade INR 10,000 BESCOM nalli, system heege ide 😞",Bad,1200
The section officer at Land registration made excuses about missing signatures every visit,Bad,0
"staff member screamed at me when I refused, then demanded INR 2,500 again loudly",Bad,2500
"BESCOM lo chaala mandi duty officer, paniki vachaaru, paisa adagaledu 🙏",Good,0
"Work aaytu Municipal office nalli bega bega, desk officer tumba helpful aagidru",Good,0
"desk officer cash INR 1,200 thagolli anthu RTO nalli, bayam haakidru",Bad,15000
"BESCOM ke senior officer ne honestly explain kiya sab kuch, impressed hua",Good,0
"Forced to pay INR 6,000 at Education department, supervisor had no fear of CCTV at all",Bad,2000
"head clerk at Panchayat office said bring INR 2,500 tomorrow or forget the entire application",Bad,500
"head clerk screamed at me when I refused, then demanded INR 15,000 again loudly",Bad,15000
"staff member directly INR 800 kela maade Water board nalli, illadre reject anthu",Bad,4000
"inspector direct ga INR 4,000 adige Revenue office lo, lekapote reject antaadu",Bad,500
"Paid INR 4,000 at Collectorate voluntarily because nothing was going to move otherwise",Bad,30000
"Paid INR 40,000 and my file was immediately processed at Revenue office — obvious corruption",Bad,5000
"Kotte INR 20,000 Drug control department nalli, illadidre naann kaaj aage irthirlilla",Bad,800
"clerk ne seedha kaha INR 12,000 lao Ration PDS office mein warna application cancel",Bad,2000
"Average experience Education department nalli, kaam aaythu paisa kela maadlilla",Neutral,0
"Delay khup ahe RTO madhye, vaegla karan asav asa vatat",Bad,0
"Naachaar ah INR 2,000 kuduthen Ration PDS office la, veru vazhi illai",Bad,1500
"Average service at Education department, staff member was neither corrupt nor efficient",Neutral,0
"Delay romba jaasthi GST office la, vaeru kaaran irukku nu feel aaguthu",Bad,0
Passport office ke officer ne broker ko bhaga diya aur khud help ki — respect 🙏,Good,0
"Average experience at Land registration, officer processed my file eventually",Neutral,0
"INR 2,000 extorted at Labour department in the name of processing fees — shameless 😡",Bad,35000
The officer at Education department was slow but at least no bribe was demanded,Neutral,2500
"Had no option but to pay INR 18,000 at Collectorate — senior officer made that very clear",Bad,45000
"Naachaar ah INR 25,000 kuduthen BESCOM la, veru vazhi illai",Bad,12000
"Dhamki deke INR 20,000 le liya Collectorate mein, yeh sahi nahi hai 😡",Bad,40000
"File kaadu Fire NOC office lo, desk officer kaaran cheppaleda — frustrated ayyanu 😤",Bad,0
GST office lo pani ayyindi kaani chaala time pattindi unnecessarily,Neutral,0
"Broker illama velai achu Social welfare office la, duty officer honest ah irundhaaru",Good,0
The staff member at Municipal office guided me through every step without expecting anything,Good,0
"supervisor nodi nakkidhu Panchayat office nalli, yenu kela maadlilla — satisfied",Good,0
"staff member seedha INR 2,000 kettikaattu Drug control department la, illati reject pannuven nu sonnaar",Bad,10000
Rare honest section officer mila Fire NOC office mein — salute karta hoon 🫡,Good,0
"Hint nodi naane pay maade INR 40,000 Taluk office ge, baere option irliilla",Bad,1500
"Bega aaytu Labour department nalli, yenu hassle illa, head clerk decent aagidru",Good,0
The supervisor at Education department was slow but at least no bribe was demanded,Neutral,1500
"INR 8,000 diye Collectorate mein apni marzi se, warna aur mahine nikal jaate",Bad,6000
"clerk screamed at me when I refused, then demanded INR 1,500 again loudly",Bad,8000
"BBMP: proper receipts, proper process, no cash demands whatsoever",Good,0
"Ek rupaya nahi dena tha par INR 50,000 Water board mein dena pad gaya finally",Bad,35000
The clerk at GST office used a middleman to collect INR 500 from me,Bad,45000
"Delay khup ahe Municipal office madhye, vaegla karan asav asa vatat",Bad,0
Visited BESCOM — duty officer was honest and work was done quickly,Good,0
"senior officer at Trade licence office said INR 25,000 is the processing charge — it is not official",Bad,7000
"Bribe of INR 18,000 demanded at BBMP openly in cash, no receipt was given",Bad,2000
"Channagi explain maadidru Social welfare office nalli, naanu satisfied",Good,0
"Panchayat office madhye khup chan senior officer hota, paisa magitla nahi 🙏",Good,0
The head clerk at BBMP turned away my agent and helped me directly instead,Good,0
"Baar baar ya uthya ya section officer bol raha Police station madhye, thaklo ahe 😤",Bad,0
officer ne seedha kaha INR 500 lao Taluk office mein warna application cancel,Bad,45000
"Was told to pay INR 10,000 at Employment exchange or my application would be rejected",Bad,2000
"Maine khud INR 1,500 diye Health department mein kyunki kaam hone wala nahi tha",Bad,50000
Stuck completely,Bad,0
Clean and quick,Good,0
"Bold aagi cash demand maadidru Fire NOC office nalli, camera irthittu kuda",Bad,2500
"Dila INR 30,000 GST office madhye khud, senior officer ne ishaara kela hota",Bad,800
"duty officer direct ga INR 8,000 adige Passport office lo, lekapote reject antaadu",Bad,2500
"inspector cash INR 1,000 thagolli anthu Fire NOC office nalli, bayam haakidru",Bad,5000
Building permit office section officer keeps saying come back tomorrow — classic delay tactic,Bad,0
"Kya karein, INR 800 de ke nipta liya Revenue office mein 😞",Bad,45000
"Panchayat office madhye khup chan staff member hota, paisa magitla nahi 🙏",Good,0
"Nayi nayi problem nikaal rahe hain BBMP mein, sab bahana hai 😡",Bad,0
The supervisor at Taluk office handled everything without asking for a single rupee,Good,0
Work stopped at Municipal office without any official notice or valid reason,Bad,0
"Average experience at Police station, officer processed my file eventually",Neutral,0
Clearly something expect maadthidru Revenue office nalli but directly helbilla,Bad,0
The clerk at Revenue office helped me fix the rejection reason and resubmit for free,Good,0
"Files cleared in two days at Passport office, supervisor was genuinely helpful",Good,0
The duty officer said submit documents and come in 2 days — and it was actually done,Good,0
"File move aagalai Taluk office la, kaaran sollalai — romba frustrated",Bad,0
"INR 15,000 dile naachaar hoton Ration PDS office la, kahi paryay navhata 😞",Bad,18000
"Cash demand ki senior officer ne RTO mein — INR 10,000 le liya bina receipt ke",Bad,18000
"INR 6,000 ichhaanu Water board lo, lekapote pani avvaadu ani telisindi",Bad,10000
"officer ishara dila Collectorate madhye, seedha nahi bolta — kalay mala",Bad,0
Not great not terrible,Neutral,800
"duty officer at Forest department said pay INR 30,000 or come back in six months",Bad,800
"Paid INR 4,000 and work done in 10 minutes at Education department — that says everything",Bad,1000
"Hint nodi naane pay maade INR 3,000 BBMP ge, baere option irliilla",Bad,20000
Clearly something expect maadthidru Income tax office nalli but directly helbilla,Bad,0
"Straight aagi heltidru INR 20,000 kodo Fire NOC office nalli, illadre file close aagthade",Bad,6000
"Directly cash kettaanganu BBMP la, INR 500 kuduthen",Bad,1200
"inspector busy tha Drug control department mein, dhyan nahi diya, fir bhi kaam nikla",Neutral,0
"clerk seedha INR 20,000 kettikaattu RTO la, illati reject pannuven nu sonnaar",Bad,3000
"Ration PDS office lo chaala mandi supervisor, paniki vachaaru, paisa adagaledu 🙏",Good,0
Happy irukken,Good,0
"Demanded INR 10,000 at Fire NOC office before even looking at my documents",Bad,3000
"Cash demand ki supervisor ne Land registration mein — INR 8,000 le liya bina receipt ke",Bad,18000
"head clerk at Employment exchange threatened to cancel my file unless I paid INR 3,000 immediately",Bad,2500
"Documents jaldi process hue Labour department mein, bahut khush hoon",Good,0
"File kaadu Education department lo, inspector kaaran cheppaleda — frustrated ayyanu 😤",Bad,0
"Roju raa roju raa antunnaaru BBMP lo, pani kaadu really",Bad,0
"Gave INR 15,000 on my own at Education department after months of completely deliberate delay",Bad,10000
"3 sarlu ravalsochindi Health department ki, appudu pani ayyindi finally",Neutral,0
My section officer at Taluk office was the first honest government officer I have met,Good,0
"INR 50,000 dile swatahun Forest department madhye, nahi tar pani jhaala nasata",Bad,15000
"Gave INR 30,000 on my own at Collectorate after months of completely deliberate delay",Bad,3000
"Dabaav mein diya INR 25,000 Trade licence office mein, staff member bilkul nahi dara",Bad,30000
"INR 4,000 ki demand khullam khulla Ration PDS office mein, koi sharam nahi 😡",Bad,12000
"Gave INR 5,000 on my own at Fire NOC office after months of completely deliberate delay",Bad,25000
"Kaam aaytu Panchayat office nalli aadre tumba delay aaytu, kaaran gottilla naake",Neutral,0
"The clerk at Taluk office demanded INR 18,000 openly with absolutely zero shame",Bad,15000
The officer at Passport office was approachable and finished my work without any hint,Good,0
"INR 5,000 swayamga ichhanu Ration PDS office lo, system ila undi 😞",Bad,2500
"Work aaytu Building permit office nalli bega bega, duty officer tumba helpful aagidru",Good,0
Genuinely impressed by how Forest department duty officer handled my documents honestly,Good,0
"head clerk nodi nakkidhu Building permit office nalli, yenu kela maadlilla — satisfied",Good,0
"Three months into my application at Building permit office, zero progress, very suspicious",Bad,0
The head clerk at BESCOM used a middleman to collect INR 500 from me,Bad,4000
"INR 500 kuduthen Labour department la, illati velai aagaathu nu therinjuchu",Bad,500
"Paid INR 4,000 and work done in 10 minutes at Fire NOC office — that says everything",Bad,1500
Land registration ke head clerk ne broker ko bhaga diya aur khud help ki — respect 🙏,Good,0
"INR 2,500 swayamga ichhanu Employment exchange lo, system ila undi 😞",Bad,1200
"section officer at Forest department was bold enough to demand INR 18,000 with cameras watching",Bad,35000
"supervisor ne Fire NOC office mein bina kuch liye kaam kar diya, yaar yeh rare hai",Good,0
"INR 1,500 dile naachaar hoton Health department la, kahi paryay navhata 😞",Bad,6000
"Demanded INR 50,000 at GST office before even looking at my documents",Bad,4000
"Kaam aaytu Drug control department nalli aadre tumba delay aaytu, kaaran gottilla naake",Neutral,2000
"Forced to pay INR 2,500 at Police station, inspector had no fear of CCTV at all",Bad,1500
"Had no option but to pay INR 4,000 at Collectorate — section officer made that very clear",Bad,4000
Clearly something expect maadthidru Land registration nalli but directly helbilla,Bad,0
"Paid INR 10,000 at GST office under force, filing a complaint with vigilance now",Bad,4000
"Pehilya visit la kaam zaala BESCOM madhye, supervisor decent hota",Good,0
"Khullam khulla INR 1,000 manga Panchayat office mein, koi dar nahi tha staff member ko",Bad,45000
"Hint nodi naane pay maade INR 500 GST office ge, baere option irliilla",Bad,500
"Sad but pay maade INR 30,000 Land registration nalli, system heege ide 😞",Bad,800
"Bold aagi cash demand maadidru Trade licence office nalli, camera irthittu kuda",Bad,1000
"Seedha bola Employment exchange mein INR 50,000 do ya ghar jao — itna bold tha duty officer",Bad,1200
"INR 1,200 dile swatahun Municipal office madhye, nahi tar pani jhaala nasata",Bad,7000
BBMP experience was average — officer did the job but nothing more,Neutral,0
"Naale baa anthaare BBMP nalli, but kaam aaythu eventually",Neutral,0
File move aaytu Municipal office nalli aadre 4 sartha follow up maadbekaaythu,Neutral,500
Got my documents processed at Income tax office with no bribe and no drama,Good,0
"Bold aagi cash demand maadidru Ration PDS office nalli, camera irthittu kuda",Bad,2500
The inspector at Fire NOC office was approachable and finished my work without any hint,Good,0
"Average service at RTO, section officer was neither corrupt nor efficient",Neutral,0
"Gave INR 25,000 because the waiting game at Education department was clearly never ending",Bad,1200
"Dhamki deta INR 12,000 ghetla Taluk office madhye, chukeeche ahe",Bad,2500
Office ke clerk ne bola koi senior se baat karo Drug control department mein — stalling hai,Bad,0
"Forced ga INR 5,000 teesukunnaru Collectorate lo, complaint chestanu 😡",Bad,3000
"Cash demand of INR 10,000 made openly at Collectorate in front of other people",Bad,1200
"Maine khud INR 10,000 diye Social welfare office mein kyunki kaam hone wala nahi tha",Bad,45000
Shameless stalling,Bad,0
Building permit office experience was average — staff member did the job but nothing more,Neutral,0
"Kya karein, INR 18,000 de ke nipta liya RTO mein 😞",Bad,1500
"Bribe of INR 1,000 demanded at Drug control department openly in cash, no receipt was given",Bad,50000
"INR 1,500 swayamaa kuduthen Health department la, system ippadi taan irukku 😞",Bad,8000
My duty officer at Health department was the first honest government officer I have met,Good,0
"Dhamki deke INR 20,000 le liya Trade licence office mein, yeh sahi nahi hai 😡",Bad,8000
"Gave INR 5,000 on my own at Collectorate after months of completely deliberate delay",Bad,40000
"Kya karein, INR 40,000 de ke nipta liya Land registration mein 😞",Bad,30000
"INR 18,000 ichhaanu Collectorate lo, lekapote pani avvaadu ani telisindi",Bad,500
"Directly cash kettaanganu Health department la, INR 18,000 kuduthen",Bad,1500
"Cash demand of INR 2,500 made openly at Revenue office in front of other people",Bad,40000
The head clerk kept my file hostage until I paid INR 500 at RTO,Bad,3000
Work got done at GST office eventually but took way longer than needed,Neutral,0
"Told me flat out at Municipal office — pay INR 25,000 or get out of this office now",Bad,15000
"Ek rupaya nahi dena tha par INR 20,000 Taluk office mein dena pad gaya finally",Bad,20000
Forest department supervisor said system is down for three weeks in a row — not buying it,Bad,0
The section officer at Fire NOC office was slow but at least no bribe was demanded,Neutral,0
"Mediocre service at RTO, clerk was indifferent throughout",Neutral,2000
"Cash demand of INR 4,000 made openly at Income tax office in front of other people",Bad,3000
duty officer at RTO declined when I tried to offer extra money — respected that 🙏,Good,0
"Dabaav mein diya INR 1,000 Water board mein, head clerk bilkul nahi dara",Bad,12000
"Forced payment INR 10,000 Police station madhye, staff member la kaahi bhiti nahi 😡",Bad,35000
"Forced ga INR 12,000 teesukunnaru Labour department lo, complaint chestanu 😡",Bad,50000
Education department experience was average — inspector did the job but nothing more,Neutral,0
"head clerk at Building permit office said pay INR 2,500 or come back in six months",Bad,45000
"The senior officer kept my file hostage until I paid INR 5,000 at Employment exchange",Bad,20000
"officer Building permit office mein seedha nahi bolta, aankh maarta hai — hint lagta hai",Bad,0
"Naane kodthe INR 5,000 Ration PDS office nalli, kela maadlilla andre file move aagilla",Bad,20000
"Directly cash kettaanganu Police station la, INR 6,000 kuduthen",Bad,4000
The inspector at Panchayat office asked unnecessary repeated questions but finally processed,Neutral,500
"Bribe of INR 25,000 demanded at Municipal office openly in cash, no receipt was given",Bad,3000
Work done after delay,Neutral,0
"Ek rupaya nahi dena tha par INR 4,000 Employment exchange mein dena pad gaya finally",Bad,500
"Dhamki deke INR 800 le liya Social welfare office mein, yeh sahi nahi hai 😡",Bad,2500
"Average experience Building permit office nalli, kaam aaythu paisa kela maadlilla",Neutral,0
"Police station nalli system down anthaare 3 vaara aaytu, excuse maatrame",Bad,0
"Seedha kaam hua Health department mein, koi agent nahi chahiye tha",Good,0
"Forced to pay INR 2,500 at Health department, officer had no fear of CCTV at all",Bad,1000
"staff member busy tha BESCOM mein, dhyan nahi diya, fir bhi kaam nikla",Neutral,0
"Directly cash kettaanganu Ration PDS office la, INR 1,200 kuduthen",Bad,45000
"Work done at Trade licence office without paying anything extra, very satisfied",Good,0
"INR 6,000 dile naachaar hoton Water board la, kahi paryay navhata 😞",Bad,1500
"Surprisingly smooth experience at Passport office, officer was very professional",Good,0
"Paid INR 2,000 at BESCOM under direct threat, will file RTI complaint now",Bad,3000
"staff member at BESCOM said pay INR 10,000 or come back in six months",Bad,25000
"Gave INR 2,500 on my own at Police station after months of completely deliberate delay",Bad,3000
"Velai nadakkalai Passport office la, enna reason nu sollavillai head clerk 😤",Bad,0
"Honest section officer at Revenue office, I was ready to bribe but never needed to",Good,0
Visited Fire NOC office — section officer was honest and work was done quickly,Good,0
Koi demand nahi,Good,0
"staff member direct ga INR 3,000 adige Employment exchange lo, lekapote reject antaadu",Bad,500
"Hint nodi naane pay maade INR 40,000 Drug control department ge, baere option irliilla",Bad,1500
"Clearly something is expected at Forest department, the hints were very obvious to me",Bad,0
"Paid INR 800 at Employment exchange under direct threat, will file RTI complaint now",Bad,800
"inspector nodi nakkidhu Panchayat office nalli, yenu kela maadlilla — satisfied",Good,0
"Dabaav mein diya INR 40,000 Municipal office mein, senior officer bilkul nahi dara",Bad,1000
"INR 12,000 demanded before stamp at Taluk office — this is not how it should work",Bad,25000
"Paid INR 8,000 at Trade licence office under direct threat, will file RTI complaint now",Bad,2000
"INR 500 diye Taluk office mein apni marzi se, warna aur mahine nikal jaate",Bad,500
"inspector theek hota Police station madhye, na helpful na obstructive",Neutral,0
"duty officer at Forest department said bring INR 40,000 tomorrow or forget the entire application",Bad,500
"INR 500 ki demand khullam khulla RTO mein, koi sharam nahi 😡",Bad,1000
"officer okay ah irundhaaru Employment exchange la, romba helpful illai but",Neutral,2000
"Forced ga INR 15,000 teesukunnaru Water board lo, complaint chestanu 😡",Bad,800
"Paid INR 3,000 at Forest department under direct threat, will file RTI complaint now",Bad,500
"Seedha bola Municipal office mein INR 2,000 do ya ghar jao — itna bold tha officer",Bad,12000
Delay aaytu but done,Neutral,3000
"Labour department nalli documents bega process aadvu, section officer cooperative aagidru",Good,0
"section officer ne seedha INR 50,000 magitla BESCOM madhye, nahi tar reject asa sangitla",Bad,45000
The officer at Panchayat office helped me fix the rejection reason and resubmit for free,Good,0
"Gave INR 50,000 at Forest department because I cannot keep taking leaves from work",Bad,40000
"senior officer at Labour department was bold enough to demand INR 40,000 with cameras watching",Bad,1500
"Cash demand ki head clerk ne BBMP mein — INR 4,000 le liya bina receipt ke",Bad,4000
"Forced ah INR 50,000 vanginaanga Building permit office la, complaint panren definitely 😡",Bad,1500
"The staff member kept my file hostage until I paid INR 4,000 at Passport office",Bad,2000
"Gave INR 50,000 on my own at Forest department after months of completely deliberate delay",Bad,800
"Cash demand ki senior officer ne Employment exchange mein — INR 10,000 le liya bina receipt ke",Bad,12000
"inspector direct ga INR 1,000 adige Trade licence office lo, lekapote reject antaadu",Bad,45000
Visited Labour department — staff member was honest and work was done quickly,Good,0
"Forced ga INR 12,000 teesukunnaru Fire NOC office lo, complaint chestanu 😡",Bad,8000
Genuinely impressed by how RTO section officer handled my documents honestly,Good,0
The inspector at Passport office was approachable and finished my work without any hint,Good,0
"Okay experience at Collectorate, staff member was busy and barely acknowledged me",Neutral,1500
"Police station la romba nalla senior officer irundhaaru, paisa kettaangale illai 🙏",Good,0
"INR 40,000 dile swatahun Passport office madhye, nahi tar pani jhaala nasata",Bad,1000
"Broker illama velai achu Social welfare office la, desk officer honest ah irundhaaru",Good,0
"Dabaav mein diya INR 1,200 Income tax office mein, section officer bilkul nahi dara",Bad,2500
supervisor at BBMP went completely silent when I asked about my file status,Bad,0
"Forced payment INR 500 Employment exchange madhye, senior officer la kaahi bhiti nahi 😡",Bad,3000
"Maine khud INR 1,000 diye Education department mein kyunki kaam hone wala nahi tha",Bad,25000
senior officer ne Ration PDS office mein sab sahi se kiya bina ek rupaya liye,Good,0
"File halavli nahi Taluk office madhye, duty officer kaaran nahi saangitla — frustrated",Bad,0
officer at Trade licence office was polite but the process was slow and confusing,Neutral,0
inspector at Ration PDS office said INR 800 is the processing charge — it is not official,Bad,4000
"staff member at Ration PDS office said bring INR 4,000 tomorrow or forget the entire application",Bad,3000
Gave INR 500 at Health department because I cannot keep taking leaves from work,Bad,40000
staff member at Municipal office declined when I tried to offer extra money — respected that 🙏,Good,0
Visited BBMP — desk officer was honest and work was done quickly,Good,0
"Health department staff was fully transparent, no middleman required at all",Good,0
"Shukriya Revenue office ke desk officer ko, ek rupaya bhi nahi manga",Good,0
Fire NOC office ke supervisor ne broker ko bhaga diya aur khud help ki — respect 🙏,Good,0
Officer Education department nalli tumba helpful aagidru yenu extra kela maadlilla,Good,0
The duty officer at Ration PDS office handled my case after I followed up five times,Neutral,500
"Cash demand of INR 5,000 made openly at Passport office in front of other people",Bad,30000
"Paid INR 20,000 and my file was immediately processed at Trade licence office — obvious corruption",Bad,15000
Paisa kodo illadidre docs lost aagthave anthu desk officer direct aagi heltidru Employment exchange nalli,Bad,1500
Office ke staff member ne bola koi senior se baat karo RTO mein — stalling hai,Bad,0
"Surprisingly smooth experience at Panchayat office, clerk was very professional",Good,0
"File halavli nahi Taluk office madhye, section officer kaaran nahi saangitla — frustrated",Bad,0
"supervisor seedha INR 6,000 kettikaattu Labour department la, illati reject pannuven nu sonnaar",Bad,50000
"Hint purinjuchu, INR 4,000 kuduthen Taluk office la, velai seekirama achu",Bad,2500
"Gave INR 5,000 on my own at Municipal office after months of completely deliberate delay",Bad,1200
"Straight aagi heltidru INR 50,000 kodo Municipal office nalli, illadre file close aagthade",Bad,3000
"INR 8,000 ki demand khullam khulla Education department mein, koi sharam nahi 😡",Bad,2000
"Cash demand ki inspector ne Land registration mein — INR 15,000 le liya bina receipt ke",Bad,40000
clerk barely looked at me at Passport office — clearly waiting for cash,Bad,0
Pehli baar sarkari kaam bina bribe ke hua Trade licence office mein,Good,0
"Had no option but to pay INR 2,000 at Revenue office — officer made that very clear",Bad,12000
"File yellide gottagalla Social welfare office nalli, desk officer naale baa anthaare 😤",Bad,0
"head clerk naanu nodi nakkidru Revenue office nalli, hint aagtha itha directly helbilla",Bad,0
Broker kitta poi paaru nu head clerk sonna maari irukku Drug control department la,Bad,0
"Files cleared in two days at Ration PDS office, section officer was genuinely helpful",Good,0
"Fire NOC office nalli sakkath clean experience, section officer honest aagidru",Good,0
"Okay experience at Police station, clerk was busy and barely acknowledged me",Neutral,3000
"Directly cash kettaanganu Passport office la, INR 5,000 kuduthen",Bad,15000
"Sad but pay maade INR 800 BESCOM nalli, system heege ide 😞",Bad,2500
"Dhamki deke INR 1,000 le liya Employment exchange mein, yeh sahi nahi hai 😡",Bad,50000
"Panchayat office officer did not delay even once, what a refreshing experience",Good,0
"Smooth experience at Labour department, really deserves recognition for honest work",Good,0
Forest department experience was average — staff member did the job but nothing more,Neutral,0
The senior officer at GST office helped me fix the rejection reason and resubmit for free,Good,0
"desk officer direct ga INR 10,000 adige Taluk office lo, lekapote reject antaadu",Bad,45000
"Gave INR 10,000 because the waiting game at Building permit office was clearly never ending",Bad,12000
"staff member ishara dila Collectorate madhye, seedha nahi bolta — kalay mala",Bad,0
The supervisor at Ration PDS office was okay — not rude but not helpful either,Neutral,0
"desk officer ne BBMP madhye neet explain kela, paisa nahi magitla",Good,0
"INR 50,000 kuduthen Employment exchange la, illati velai aagaathu nu therinjuchu",Bad,8000
Paisa kodo illadidre docs lost aagthave anthu head clerk direct aagi heltidru Collectorate nalli,Bad,3000
"staff member at Revenue office said pay INR 12,000 or come back in six months",Bad,500
"duty officer hint ichhaaru Trade licence office lo, direct ga cheppaledu — artham ayyindi",Bad,0
"File halavli nahi Panchayat office madhye, officer kaaran nahi saangitla — frustrated",Bad,0
"Sad but pay maade INR 1,500 Social welfare office nalli, system heege ide 😞",Bad,3000
"File kaadu Municipal office lo, section officer kaaran cheppaleda — frustrated ayyanu 😤",Bad,0
Health department senior officer deserves appreciation — zero corruption witnessed,Good,0
"Was told to pay INR 25,000 at Revenue office or my application would be rejected",Bad,1000
"Cash demand of INR 2,500 made openly at Health department in front of other people",Bad,500
Paisa kodo illadidre docs lost aagthave anthu head clerk direct aagi heltidru Labour department nalli,Bad,2000
"Gave INR 12,000 at Water board after supervisor rejected my correct documents twice",Bad,800
"Forced aagi INR 50,000 thogolidru GST office nalli, complaint kodthini 😡",Bad,1200
"section officer naanu nodi nakkidru Drug control department nalli, hint aagtha itha directly helbilla",Bad,0
"INR 12,000 swayamga ichhanu Municipal office lo, system ila undi 😞",Bad,2000
"supervisor at Drug control department said pay INR 3,000 or come back in six months",Bad,30000
"Gave INR 2,500 at Drug control department because I cannot keep taking leaves from work",Bad,5000
"Seedha kaam hua Police station mein, koi agent nahi chahiye tha",Good,0
Rare honest head clerk mila RTO mein — salute karta hoon 🫡,Good,0
"BESCOM lo chaala mandi desk officer, paniki vachaaru, paisa adagaledu 🙏",Good,0
"Dhamki deta INR 30,000 ghetla Building permit office madhye, chukeeche ahe",Bad,1500
officer at Ration PDS office went completely silent when I asked about my file status,Bad,0
"Everything was transparent at Education department, clerk did not delay my file at all",Good,0
The desk officer at Employment exchange was okay — not rude but not helpful either,Neutral,0
"Corruption illai Drug control department la, clean experience romba nalla irundhuchu",Good,0
"Hint purinjuchu, INR 3,000 kuduthen Trade licence office la, velai seekirama achu",Bad,28000
"section officer ne seedha INR 40,000 magitla Building permit office madhye, nahi tar reject asa sangitla",Bad,1500
"inspector ne BESCOM madhye broker la door kela, swatah help kela — respect",Good,0
GST office inspector keeps saying come back tomorrow — classic delay tactic,Bad,0
"clerk ne seedha INR 10,000 magitla Police station madhye, nahi tar reject asa sangitla",Bad,15000
"Submitted forms at Fire NOC office, got stamp and signature, work done cleanly",Good,0
"Gave INR 1,000 because the waiting game at Ration PDS office was clearly never ending",Bad,800
"Cash demand ki supervisor ne Trade licence office mein — INR 1,200 le liya bina receipt ke",Bad,10000
"Gave INR 15,000 at Police station because I cannot keep taking leaves from work",Bad,30000
"Straight aagi heltidru INR 15,000 kodo Revenue office nalli, illadre file close aagthade",Bad,20000
"Clearly Police station mein paisa expect kar rahe hain, hints bahut obvious hain",Bad,0
"Dila INR 2,500 Municipal office madhye khud, section officer ne ishaara kela hota",Bad,1500
"Bega aaytu Revenue office nalli, yenu hassle illa, staff member decent aagidru",Good,0
"GST office ke bahar dalal khade hain, supervisor ne hi bheja lagta hai",Bad,0
"INR 6,000 diye Revenue office mein apni marzi se, warna aur mahine nikal jaate",Bad,1200
Neutral,Neutral,0
"Paid INR 6,000 at RTO under direct threat, will file RTI complaint now",Bad,3000
"Visited Building permit office four times, file hasn't moved, no reason ever given",Bad,0
"Bribe of INR 30,000 demanded at Health department openly in cash, no receipt was given",Bad,45000
Genuinely impressed by how Fire NOC office officer handled my documents honestly,Good,0
"RTO nalli documents bega process aadvu, head clerk cooperative aagidru",Good,0
Kaam ho gaya Drug control department mein lekin bahut unnecessary time laga,Neutral,0
"duty officer Health department mein seedha nahi bolta, aankh maarta hai — hint lagta hai",Bad,0
"Paid INR 1,200 and work done in 10 minutes at Water board — that says everything",Bad,1500
"head clerk straight aagi maadidru, extra paisa expect maadlilla bilkul",Good,0
"supervisor at Land registration threatened to cancel my file unless I paid INR 10,000 immediately",Bad,1200
"staff member ne Health department madhye broker la door kela, swatah help kela — respect",Good,0
Demanded INR 800 at Land registration before even looking at my documents,Bad,20000
"Kya karein, INR 50,000 de ke nipta liya RTO mein 😞",Bad,7000
"Paid INR 12,000 at RTO voluntarily because nothing was going to move otherwise",Bad,1200
"Dhamki deta INR 15,000 ghetla BBMP madhye, chukeeche ahe",Bad,1200
"inspector naanu nodi nakkidru Income tax office nalli, hint aagtha itha directly helbilla",Bad,0
"Smooth experience at Trade licence office, really deserves recognition for honest work",Good,0
Frustrated with Building permit office — officer is clearly waiting but won't say for what,Bad,0
The duty officer at RTO handled my case after I followed up five times,Neutral,0
Neither great nor bad — Panchayat office just about managed to do their job,Neutral,0
"INR 1,000 diye Land registration mein apni marzi se, warna aur mahine nikal jaate",Bad,1000
"INR 30,000 extorted at Police station in the name of processing fees — shameless 😡",Bad,6000
"Straight aagi heltidru INR 10,000 kodo RTO nalli, illadre file close aagthade",Bad,15000
"duty officer screamed at me when I refused, then demanded INR 1,000 again loudly",Bad,20000
The desk officer at Water board guided me through every step without expecting anything,Good,0
"Everything was transparent at Taluk office, desk officer did not delay my file at all",Good,0
"Gave INR 30,000 at Panchayat office after officer rejected my correct documents twice",Bad,1200
The inspector at RTO handled my case after I followed up five times,Neutral,0
"section officer at Drug control department said bring INR 25,000 tomorrow or forget the entire application",Bad,1500
"Directly cash kettaanganu Taluk office la, INR 40,000 kuduthen",Bad,1000
"staff member at Employment exchange said bring INR 18,000 tomorrow or forget the entire application",Bad,7000
"officer seedha INR 18,000 kettikaattu Forest department la, illati reject pannuven nu sonnaar",Bad,30000
Rare clean governance — Passport office section officer did the work on time 🙏,Good,0
"Taluk office nalli documents bega process aadvu, staff member cooperative aagidru",Good,0
"Okay experience at Health department, senior officer was busy and barely acknowledged me",Neutral,0
inspector at Health department said technical issue every visit — same excuse for 2 months,Bad,0
Visited Police station — section officer was honest and work was done quickly,Good,0
"Demanded INR 4,000 at Trade licence office before even looking at my documents",Bad,2500
"INR 30,000 demanded before stamp at Employment exchange — this is not how it should work",Bad,7000
"Bold aagi cash demand maadidru Passport office nalli, camera irthittu kuda",Bad,1200
"Average experience at Labour department, staff member processed my file eventually",Neutral,500
"head clerk at Fire NOC office said pay INR 6,000 or come back in six months",Bad,1000
"inspector straight aagi maadidru, extra paisa expect maadlilla bilkul",Good,0
Broker kitta poi paaru nu supervisor sonna maari irukku Health department la,Bad,0
"Forced to pay INR 40,000 at Fire NOC office, head clerk had no fear of CCTV at all",Bad,2000
"senior officer cash INR 4,000 thagolli anthu Water board nalli, bayam haakidru",Bad,1200
"supervisor direct ga INR 30,000 adige Health department lo, lekapote reject antaadu",Bad,6000
"section officer hint ichhaaru Panchayat office lo, direct ga cheppaledu — artham ayyindi",Bad,0
"Surprisingly smooth experience at Education department, clerk was very professional",Good,0
The inspector at Fire NOC office was slow but at least no bribe was demanded,Neutral,0
"Dabaav mein diya INR 50,000 Police station mein, desk officer bilkul nahi dara",Bad,40000
"Seedha bola Taluk office mein INR 6,000 do ya ghar jao — itna bold tha inspector",Bad,500
Manchiga ✅,Good,0
senior officer at RTO referred me to senior for a completely simple request — stalling,Bad,0
"The head clerk at Education department demanded INR 40,000 openly with absolutely zero shame",Bad,40000
"Dhamki deta INR 500 ghetla Ration PDS office madhye, chukeeche ahe",Bad,5000
"Land registration mein clean experience, inspector ne koi paisa nahi manga",Good,0
"Clearly something is expected at Social welfare office, the hints were very obvious to me",Bad,0
"INR 1,500 extorted at Collectorate in the name of processing fees — shameless 😡",Bad,5000
"Paid INR 800 at BESCOM under force, filing a complaint with vigilance now",Bad,2000
staff member at Labour department said bring all originals again — they already have them,Bad,0
"INR 40,000 kela maadidru openly Labour department nalli, yenu lajja illa avrige",Bad,18000
"Bribe of INR 10,000 demanded at Municipal office openly in cash, no receipt was given",Bad,4000
"INR 2,000 swayamaa kuduthen Building permit office la, system ippadi taan irukku 😞",Bad,2000
Happy ahe,Good,0
"The inspector at Employment exchange demanded INR 10,000 openly with absolutely zero shame",Bad,6000
Got my documents processed at Social welfare office with no bribe and no drama,Good,0
"Water board ke bahar dalal khade hain, senior officer ne hi bheja lagta hai",Bad,0
"duty officer naanu nodi nakkidru Building permit office nalli, hint aagtha itha directly helbilla",Bad,0
"head clerk directly INR 10,000 kela maade BBMP nalli, illadre reject anthu",Bad,500
Rare honest officer mila Land registration mein — salute karta hoon 🫡,Good,0
"Paid INR 2,500 at Collectorate under force, filing a complaint with vigilance now",Bad,40000
"INR 6,000 voluntarily kotte Education department nalli, ashtu kashta padrodu beda anthu 😞",Bad,1200
section officer at Land registration said technical issue every visit — same excuse for 2 months,Bad,0
"Paid INR 12,000 and my file was immediately processed at Taluk office — obvious corruption",Bad,800
"INR 3,000 voluntarily kotte Employment exchange nalli, ashtu kashta padrodu beda anthu 😞",Bad,3000
"Gave INR 18,000 on my own at Panchayat office after months of completely deliberate delay",Bad,4000
Rare clean governance — Passport office staff member did the work on time 🙏,Good,0
Paisa kodo illadidre docs lost aagthave anthu supervisor direct aagi heltidru Taluk office nalli,Bad,5000
section officer ne Passport office mein sab sahi se kiya bina ek rupaya liye,Good,0
The clerk at Land registration guided me through every step without expecting anything,Good,0
"section officer cash INR 15,000 thagolli anthu GST office nalli, bayam haakidru",Bad,15000
"What else could I do — paid INR 25,000 at Education department and tried to move on 😞",Bad,15000
"Cash demand of INR 6,000 made openly at BESCOM in front of other people",Bad,1500
"head clerk seedha INR 4,000 kettikaattu Building permit office la, illati reject pannuven nu sonnaar",Bad,15000
The desk officer at Social welfare office was okay — not rude but not helpful either,Neutral,0
"desk officer ne Building permit office madhye broker la door kela, swatah help kela — respect",Good,0
The clerk at Health department turned away my agent and helped me directly instead,Good,0
"INR 2,500 diye Drug control department mein apni marzi se, warna aur mahine nikal jaate",Bad,800
"Was told to pay INR 30,000 at Health department or my application would be rejected",Bad,800
The supervisor at Employment exchange helped me fix the rejection reason and resubmit for free,Good,0
"Paid INR 20,000 at Municipal office under direct threat, will file RTI complaint now",Bad,800
"Was told to pay INR 2,000 at Ration PDS office or my application would be rejected",Bad,3000
"Demanded INR 1,200 at Drug control department before even looking at my documents",Bad,15000
"duty officer direct ga INR 20,000 adige Drug control department lo, lekapote reject antaadu",Bad,50000
"Kaam jaldi hua RTO mein, desk officer helpful tha aur honest bhi",Good,0
"File yellide gottagalla Health department nalli, duty officer naale baa anthaare 😤",Bad,0
"RTO la velai achu aana romba time eduthuchu, kaaran sollala supervisor",Neutral,0
What else could I do — paid INR 800 at Forest department and tried to move on 😞,Bad,7000
"INR 50,000 ki demand khullam khulla Panchayat office mein, koi sharam nahi 😡",Bad,28000
"Gave INR 6,000 because the waiting game at Fire NOC office was clearly never ending",Bad,25000
"Kya karein, INR 6,000 de ke nipta liya Passport office mein 😞",Bad,18000
"Hint artham chesukoni INR 10,000 ichhanu Income tax office lo, pani ayyindi",Bad,6000
Left Building permit office with a genuine smile — best government employee I have met,Good,0
"staff member screamed at me when I refused, then demanded INR 1,500 again loudly",Bad,2500
"Paid INR 12,000 at Social welfare office under direct threat, will file RTI complaint now",Bad,1500
"Channagi explain maadidru Municipal office nalli, naanu satisfied",Good,0
"senior officer okay aagidru Health department nalli, aadre helpful alla bilkul",Neutral,500
"Demanded INR 20,000 at Passport office before even looking at my documents",Bad,3000
"Told me flat out at BESCOM — pay INR 2,000 or get out of this office now",Bad,1500
"staff member direct ga INR 1,000 adige Social welfare office lo, lekapote reject antaadu",Bad,5000
"Submitted forms at Taluk office, got stamp and signature, work done cleanly",Good,0
"Hint purinjuchu, INR 8,000 kuduthen Revenue office la, velai seekirama achu",Bad,10000
"Khullam khulla INR 5,000 manga Health department mein, koi dar nahi tha staff member ko",Bad,2500
"Building permit office la velai achu aana romba time eduthuchu, kaaran sollala senior officer",Neutral,3000
The inspector explained the whole procedure clearly without hinting at anything,Good,0
"inspector okay ga unnaru Health department lo, helpful kaadu but",Neutral,0
Left Taluk office with a genuine smile — best government employee I have met,Good,0
"clerk screamed at me when I refused, then demanded INR 3,000 again loudly",Bad,3000
"Had no option but to pay INR 10,000 at Employment exchange — desk officer made that very clear",Bad,1500
"INR 1,200 dile naachaar hoton Revenue office la, kahi paryay navhata 😞",Bad,2500
"Paid INR 6,000 and work done in 10 minutes at Building permit office — that says everything",Bad,8000
"staff member ne seedha INR 1,200 magitla Income tax office madhye, nahi tar reject asa sangitla",Bad,18000
"Dhamki deke INR 6,000 le liya Revenue office mein, yeh sahi nahi hai 😡",Bad,3000
"The duty officer kept my file hostage until I paid INR 30,000 at Building permit office",Bad,8000
"INR 1,000 demanded before stamp at BBMP — this is not how it should work",Bad,35000
"The section officer at Labour department demanded INR 1,000 openly with absolutely zero shame",Bad,18000
"officer at Employment exchange was bold enough to demand INR 15,000 with cameras watching",Bad,1000
Genuinely impressed by how BBMP supervisor handled my documents honestly,Good,0
"duty officer ne Police station mein bina kuch liye kaam kar diya, yaar yeh rare hai",Good,0
"Bribe of INR 8,000 demanded at Labour department openly in cash, no receipt was given",Bad,15000
First time government office nalli itna clean anubhava Revenue office nalli,Good,0
"Paid INR 25,000 and finally left Trade licence office — disgusted and angry about this whole thing",Bad,8000
"section officer BBMP mein seedha nahi bolta, aankh maarta hai — hint lagta hai",Bad,0
"Khullam khulla INR 25,000 manga GST office mein, koi dar nahi tha supervisor ko",Bad,2000
"Demanded INR 30,000 at Building permit office before even looking at my documents",Bad,1000
"Told me flat out at GST office — pay INR 15,000 or get out of this office now",Bad,45000
"Had no option but to pay INR 30,000 at Forest department — section officer made that very clear",Bad,28000
My supervisor at Income tax office was the first honest government officer I have met,Good,0
"desk officer at Health department threatened to cancel my file unless I paid INR 4,000 immediately",Bad,500
"Khullam khulla INR 1,000 manga Taluk office mein, koi dar nahi tha duty officer ko",Bad,1500
Clearly expecting something at Health department but not saying it directly 😤,Bad,0
"File stuck at Revenue office for over a month, officer gives a new excuse every visit",Bad,0
"Mediocre service at RTO, section officer was indifferent throughout",Neutral,2000
"senior officer nodi sumnirthare Panchayat office nalli, kela maadidre naale baa anthaare",Bad,0
"Cash demand of INR 20,000 made openly at Revenue office in front of other people",Bad,2000
"Ek rupaya nahi dena tha par INR 2,000 Land registration mein dena pad gaya finally",Bad,25000
"clerk ne Health department madhye broker la door kela, swatah help kela — respect",Good,0
"Hint nodi naane pay maade INR 12,000 Fire NOC office ge, baere option irliilla",Bad,18000
"Income tax office ke bahar dalal khade hain, head clerk ne hi bheja lagta hai",Bad,0
Clearly expecting something at Employment exchange but not saying it directly 😤,Bad,0
"File move aagalai GST office la, kaaran sollalai — romba frustrated",Bad,0
"Nayi nayi problem nikaal rahe hain Social welfare office mein, sab bahana hai 😡",Bad,0
Officer at Health department was prompt and processed my request without hesitation,Good,0
Health department section officer keeps saying come back tomorrow — classic delay tactic,Bad,0
"Dhamki deke INR 12,000 le liya Health department mein, yeh sahi nahi hai 😡",Bad,50000
"Forced to pay INR 18,000 at Land registration, clerk had no fear of CCTV at all",Bad,500
"Dhamki deke INR 1,500 le liya Land registration mein, yeh sahi nahi hai 😡",Bad,6000
"clerk at Drug control department threatened to cancel my file unless I paid INR 2,500 immediately",Bad,10000
"head clerk cash INR 5,000 thagolli anthu Labour department nalli, bayam haakidru",Bad,35000
"Broker illama velai achu Water board la, staff member honest ah irundhaaru",Good,0
"Broker illama velai achu Revenue office la, officer honest ah irundhaaru",Good,0
"The clerk at Revenue office demanded INR 12,000 openly with absolutely zero shame",Bad,28000
"Average experience at Income tax office, head clerk processed my file eventually",Neutral,0
Rare honest officer,Good,0
"Seedha bola Revenue office mein INR 18,000 do ya ghar jao — itna bold tha desk officer",Bad,40000
"section officer at Water board said bring INR 15,000 tomorrow or forget the entire application",Bad,3000
"officer at Municipal office pointed at the drawer — I placed INR 6,000 inside",Bad,1500
"clerk at Land registration said INR 1,200 is the processing charge — it is not official",Bad,5000
The senior officer at RTO handled my case after I followed up five times,Neutral,0
"Paid INR 30,000 at Employment exchange under force, filing a complaint with vigilance now",Bad,50000
"INR 1,200 ichhaanu Trade licence office lo, lekapote pani avvaadu ani telisindi",Bad,2000
"Khullam khulla INR 500 manga Employment exchange mein, koi dar nahi tha staff member ko",Bad,500
clerk at Revenue office went completely silent when I asked about my file status,Bad,0
"staff member at GST office said pay INR 25,000 or come back in six months",Bad,15000
"staff member at Health department was bold enough to demand INR 25,000 with cameras watching",Bad,7000
"INR 8,000 extorted at Water board in the name of processing fees — shameless 😡",Bad,10000
"File kaadu Social welfare office lo, senior officer kaaran cheppaleda — frustrated ayyanu 😤",Bad,0
"Forced to pay INR 1,000 at Labour department, senior officer had no fear of CCTV at all",Bad,1500
Employment exchange ke supervisor ne broker ko bhaga diya aur khud help ki — respect 🙏,Good,0
"Naachaar ah INR 40,000 kuduthen GST office la, veru vazhi illai",Bad,15000
Paisa kela maadlilla,Good,0
"Got NOC from Passport office in a single visit, absolutely zero corruption",Good,0
"Land registration mein bahut achha duty officer tha, koi bhi demand nahi ki bilkul",Good,0
"staff member directly INR 800 kela maade Income tax office nalli, illadre reject anthu",Bad,35000
"What else could I do — paid INR 40,000 at Trade licence office and tried to move on 😞",Bad,25000
"Maine khud INR 2,500 diye Health department mein kyunki kaam hone wala nahi tha",Bad,1000
"Mediocre service at Social welfare office, section officer was indifferent throughout",Neutral,0
"Naanu Passport office nalli kaaj maadisikonde, paisa kela maadlilla — thanks",Good,0
"INR 18,000 swayamga ichhanu GST office lo, system ila undi 😞",Bad,3000
"Dila INR 2,000 Forest department madhye khud, supervisor ne ishaara kela hota",Bad,5000
"Roju raa roju raa antunnaaru Police station lo, pani kaadu really",Bad,0
"The section officer at RTO used a middleman to collect INR 4,000 from me",Bad,800
"GST office madhye khup chan supervisor hota, paisa magitla nahi 🙏",Good,0
"inspector at Police station said INR 20,000 is the processing charge — it is not official",Bad,500
"Forced ah INR 12,000 vanginaanga Trade licence office la, complaint panren definitely 😡",Bad,800
Employment exchange supervisor keeps saying come back tomorrow — classic delay tactic,Bad,0
BBMP ke staff member ne broker ko bhaga diya aur khud help ki — respect 🙏,Good,0
Health department head clerk said system is down for three weeks in a row — not buying it,Bad,0
Felt intimidated at Education department every time I asked for my application status,Bad,0
"BESCOM duty officer did not delay even once, what a refreshing experience",Good,0
"duty officer seedha INR 500 kettikaattu Ration PDS office la, illati reject pannuven nu sonnaar",Bad,5000
"Had no option but to pay INR 3,000 at Police station — head clerk made that very clear",Bad,18000
"INR 20,000 kela maadidru openly Employment exchange nalli, yenu lajja illa avrige",Bad,50000
The section officer at Trade licence office was approachable and finished my work without any hint,Good,0
"3 mahine ho gaye RTO mein, application ka koi pata nahi",Bad,0
"Gave INR 1,000 on my own at Trade licence office after months of completely deliberate delay",Bad,500
"BESCOM section officer straight ah pannichitaanga, extra paisa illai bilkul",Good,0
"INR 10,000 voluntarily kotte Social welfare office nalli, ashtu kashta padrodu beda anthu 😞",Bad,15000
"supervisor directly INR 2,500 kela maade Labour department nalli, illadre reject anthu",Bad,6000
"Paid INR 15,000 and finally left Taluk office — disgusted and angry about this whole thing",Bad,500
"supervisor at Fire NOC office threatened to cancel my file unless I paid INR 18,000 immediately",Bad,28000
"officer theek hota Passport office madhye, na helpful na obstructive",Neutral,0
"The head clerk kept my file hostage until I paid INR 2,500 at Water board",Bad,25000
"desk officer okay ga unnaru Health department lo, helpful kaadu but",Neutral,0
"Ek rupaya nahi dena tha par INR 50,000 Drug control department mein dena pad gaya finally",Bad,8000
"clerk at Employment exchange pointed at the drawer — I placed INR 1,200 inside",Bad,7000
"head clerk screamed at me when I refused, then demanded INR 30,000 again loudly",Bad,28000
"clerk ne BESCOM mein file rook ke rakhi jab tak INR 25,000 nahi diye",Bad,2000
"The head clerk kept my file hostage until I paid INR 6,000 at BESCOM",Bad,50000
"Everything was transparent at Education department, officer did not delay my file at all",Good,0
"Had no option but to pay INR 30,000 at Passport office — officer made that very clear",Bad,3000
"Education department nalli documents bega process aadvu, senior officer cooperative aagidru",Good,0
The senior officer at Building permit office guided me through every step without expecting anything,Good,0
My supervisor at Forest department was the first honest government officer I have met,Good,0
"senior officer at Building permit office pointed at the drawer — I placed INR 4,000 inside",Bad,1000
"Forced aagi INR 50,000 thogolidru Collectorate nalli, complaint kodthini 😡",Bad,25000
Panchayat office senior officer said system is down for three weeks in a row — not buying it,Bad,0
"Cash demand ki inspector ne Social welfare office mein — INR 2,500 le liya bina receipt ke",Bad,28000
"Forced ah INR 1,200 vanginaanga Municipal office la, complaint panren definitely 😡",Bad,25000
"Gave INR 15,000 at Ration PDS office after officer rejected my correct documents twice",Bad,7000
"desk officer cash INR 3,000 thagolli anthu Social welfare office nalli, bayam haakidru",Bad,2500
"Dhamki deta INR 500 ghetla Labour department madhye, chukeeche ahe",Bad,1200
Employment exchange staff member keeps saying come back tomorrow — classic delay tactic,Bad,0
"inspector nodi sumnirthare Trade licence office nalli, kela maadidre naale baa anthaare",Bad,0
"Demanded INR 20,000 at RTO before even looking at my documents",Bad,18000
"Forced aagi INR 2,500 thogolidru Fire NOC office nalli, complaint kodthini 😡",Bad,1000
"section officer direct ga INR 20,000 adige Trade licence office lo, lekapote reject antaadu",Bad,3000
"section officer ne Taluk office mein bina kuch liye kaam kar diya, yaar yeh rare hai",Good,0
"Average service at RTO, head clerk was neither corrupt nor efficient",Neutral,500
"The section officer at Passport office used a middleman to collect INR 1,500 from me",Bad,800
"Bribe of INR 800 demanded at Trade licence office openly in cash, no receipt was given",Bad,25000
"Shukriya Municipal office ke supervisor ko, ek rupaya bhi nahi manga",Good,0
"Bega aaytu Trade licence office nalli, yenu hassle illa, head clerk decent aagidru",Good,0
"Everything was transparent at Collectorate, supervisor did not delay my file at all",Good,0
officer at Panchayat office went completely silent when I asked about my file status,Bad,0
The inspector at Labour department turned away my agent and helped me directly instead,Good,0
"Kotte INR 15,000 BESCOM nalli, illadidre naann kaaj aage irthirlilla",Bad,3000
GST office staff member deserves appreciation — zero corruption witnessed,Good,0
Junior section officer at Taluk office told me to meet someone who can help — hint clear,Bad,0
"Bega aaytu Drug control department nalli, yenu hassle illa, duty officer decent aagidru",Good,0
"Paid INR 30,000 and finally left Health department — disgusted and angry about this whole thing",Bad,2500
"File stuck at BBMP for over a month, duty officer gives a new excuse every visit",Bad,0
"Bega aaytu Trade licence office nalli, yenu hassle illa, senior officer decent aagidru",Good,0
"Paid INR 1,500 at Social welfare office under force, filing a complaint with vigilance now",Bad,20000
"Kaam jaldi hua Municipal office mein, duty officer helpful tha aur honest bhi",Good,0
"Trade licence office la nalla anubhavam, head clerk paisa kettaangale illai ✅",Good,0
"desk officer seedha INR 20,000 kettikaattu RTO la, illati reject pannuven nu sonnaar",Bad,800
"Paid INR 6,000 and finally left Land registration — disgusted and angry about this whole thing",Bad,5000
"INR 500 dile swatahun BBMP madhye, nahi tar pani jhaala nasata",Bad,3000
"File halavli nahi Education department madhye, head clerk kaaran nahi saangitla — frustrated",Bad,0
No issues whatsoever,Good,0
"Had no option but to pay INR 1,200 at Collectorate — inspector made that very clear",Bad,800
Felt intimidated at Social welfare office every time I asked for my application status,Bad,0
"Documents process panna seekirama achu BBMP la, happy irukken",Good,0
"section officer ne BBMP madhye neet explain kela, paisa nahi magitla",Good,0
The officer at Building permit office handled my case after I followed up five times,Neutral,0
"Kotte INR 1,200 Revenue office nalli, illadidre naann kaaj aage irthirlilla",Bad,7000
"officer okay ga unnaru Building permit office lo, helpful kaadu but",Neutral,0
"head clerk at Forest department pointed at the drawer — I placed INR 3,000 inside",Bad,8000
"Gave INR 8,000 at Passport office after officer rejected my correct documents twice",Bad,20000
"Bribe of INR 18,000 demanded at Building permit office openly in cash, no receipt was given",Bad,1000
"Bribe of INR 18,000 demanded at Forest department openly in cash, no receipt was given",Bad,2500
"Mediocre service at Labour department, clerk was indifferent throughout",Neutral,0
"Forced payment INR 8,000 BBMP madhye, head clerk la kaahi bhiti nahi 😡",Bad,4000
Rare clean governance — Collectorate head clerk did the work on time 🙏,Good,0
"inspector screamed at me when I refused, then demanded INR 50,000 again loudly",Bad,1000
"Drug control department nalli documents bega process aadvu, clerk cooperative aagidru",Good,0
"inspector cash INR 5,000 thagolli anthu Building permit office nalli, bayam haakidru",Bad,2000
The desk officer at Building permit office used a middleman to collect INR 800 from me,Bad,3000
"Demanded INR 50,000 at Water board before even looking at my documents",Bad,35000
"staff member directly INR 2,500 kela maade RTO nalli, illadre reject anthu",Bad,800
The inspector at Forest department handled everything without asking for a single rupee,Good,0
"Pehilya visit la kaam zaala BBMP madhye, senior officer decent hota",Good,0
"Naane kodthe INR 800 Education department nalli, kela maadlilla andre file move aagilla",Bad,1200
"Forced ga INR 5,000 teesukunnaru Drug control department lo, complaint chestanu 😡",Bad,1200
"Forced payment INR 40,000 RTO madhye, section officer la kaahi bhiti nahi 😡",Bad,1500
"Gave INR 8,000 at RTO after supervisor rejected my correct documents twice",Bad,35000
"INR 3,000 voluntarily kotte Labour department nalli, ashtu kashta padrodu beda anthu 😞",Bad,1000
"BBMP staff was fully transparent, no middleman required at all",Good,0
"Land registration officer tumba honest, ek rupee expect maadlilla",Good,0
The supervisor at Social welfare office turned away my agent and helped me directly instead,Good,0
"RTO nalli sakkath clean experience, desk officer honest aagidru",Good,0
"Paid INR 50,000 at BESCOM under direct threat, will file RTI complaint now",Bad,4000
"Dila INR 50,000 RTO madhye khud, section officer ne ishaara kela hota",Bad,1000
"Pehilya visit la kaam zaala BBMP madhye, clerk decent hota",Good,0
"File stuck at BESCOM for over a month, senior officer gives a new excuse every visit",Bad,0
"INR 40,000 swayamaa kuduthen Fire NOC office la, system ippadi taan irukku 😞",Bad,1200
"Gave INR 10,000 at Education department after head clerk rejected my correct documents twice",Bad,800
"The section officer at Passport office used a middleman to collect INR 4,000 from me",Bad,1500
"GST office senior officer broker ni door chesaaru, swayamga help chesaaru 🙏",Good,0
"Naa documents Ration PDS office lo bega process ayyayi, clerk helpful ga unnaaru",Good,0
"Straight aagi heltidru INR 2,000 kodo Social welfare office nalli, illadre file close aagthade",Bad,2000
"3 vaara aaytu Police station nalli, file move aagilla, suspicious agi kanisuthu",Bad,0
"Khullam khulla INR 5,000 manga Employment exchange mein, koi dar nahi tha inspector ko",Bad,1500
Visited Police station — staff member was honest and work was done quickly,Good,0
"Honest officer at Trade licence office, I was ready to bribe but never needed to",Good,0
Paid INR 800 and work done in 10 minutes at Land registration — that says everything,Bad,2500
The duty officer at Social welfare office was approachable and finished my work without any hint,Good,0
"Romba naal aayiduchu Land registration la, yaarum enna kelaikka maatengaanga",Bad,0
"head clerk cash INR 6,000 thagolli anthu Collectorate nalli, bayam haakidru",Bad,4000
"Everything was transparent at Drug control department, duty officer did not delay my file at all",Good,0
"Khullam khulla INR 1,500 manga Building permit office mein, koi dar nahi tha clerk ko",Bad,2500
supervisor at Land registration declined when I tried to offer extra money — respected that 🙏,Good,0
"INR 8,000 dile naachaar hoton Health department la, kahi paryay navhata 😞",Bad,1200
Theek ahe,Neutral,0
"Cash demand ki supervisor ne Panchayat office mein — INR 1,000 le liya bina receipt ke",Bad,20000
"Dhamki deke INR 10,000 le liya Forest department mein, yeh sahi nahi hai 😡",Bad,6000
"Shukriya Building permit office ke duty officer ko, ek rupaya bhi nahi manga",Good,0
"Forced payment INR 1,200 Education department madhye, senior officer la kaahi bhiti nahi 😡",Bad,1500
The inspector at Ration PDS office was okay — not rude but not helpful either,Neutral,0
Cash demand ki clerk ne Health department mein — INR 800 le liya bina receipt ke,Bad,1200
"Paid INR 12,000 and finally left Trade licence office — disgusted and angry about this whole thing",Bad,1200
Junior staff member at Taluk office told me to meet someone who can help — hint clear,Bad,0
"Forced to pay INR 500 at Passport office, inspector had no fear of CCTV at all",Bad,3000
"Smooth experience at Forest department, really deserves recognition for honest work",Good,0
"duty officer ne BESCOM mein bina kuch liye kaam kar diya, yaar yeh rare hai",Good,0
Collectorate experience was average — inspector did the job but nothing more,Neutral,1200
"Forced ga INR 1,000 teesukunnaru Collectorate lo, complaint chestanu 😡",Bad,8000
"INR 15,000 diye Revenue office mein apni marzi se, warna aur mahine nikal jaate",Bad,40000
Junior supervisor at Taluk office told me to meet someone who can help — hint clear,Bad,0
"Forced ga INR 500 teesukunnaru BBMP lo, complaint chestanu 😡",Bad,500
"clerk ne Municipal office mein file rook ke rakhi jab tak INR 20,000 nahi diye",Bad,800
"Delay achu Forest department la, but paisa kettaangale illai",Neutral,800
"Dabaav mein diya INR 40,000 Panchayat office mein, senior officer bilkul nahi dara",Bad,2500
Nothing special,Neutral,0
Got what I came for at Health department but with minimum effort from their side,Neutral,0
Office ke supervisor ne bola koi senior se baat karo Employment exchange mein — stalling hai,Bad,0
"Ek rupaya nahi dena tha par INR 25,000 Building permit office mein dena pad gaya finally",Bad,500
"Dhamki deke INR 12,000 le liya Trade licence office mein, yeh sahi nahi hai 😡",Bad,1000
"Hint nodi naane pay maade INR 30,000 Drug control department ge, baere option irliilla",Bad,1000
"Trade licence office la velai achu aana romba time eduthuchu, kaaran sollala senior officer",Neutral,0
"Trade licence office la nalla anubhavam, clerk paisa kettaangale illai ✅",Good,0
"Income tax office ke bahar dalal khade hain, duty officer ne hi bheja lagta hai",Bad,0
The officer at GST office was approachable and finished my work without any hint,Good,0
"head clerk screamed at me when I refused, then demanded INR 50,000 again loudly",Bad,20000
"senior officer ne seedha kaha INR 50,000 lao Education department mein warna application cancel",Bad,30000
"Nayi nayi problem nikaal rahe hain Employment exchange mein, sab bahana hai 😡",Bad,0
The officer at GST office helped me fix the rejection reason and resubmit for free,Good,0
"Paid INR 20,000 and finally left RTO — disgusted and angry about this whole thing",Bad,800
"Gave INR 25,000 because the waiting game at Municipal office was clearly never ending",Bad,1500
"Hint purinjuchu, INR 4,000 kuduthen Collectorate la, velai seekirama achu",Bad,4000
"Hint purinjuchu, INR 50,000 kuduthen Health department la, velai seekirama achu",Bad,7000
"Har baar naya bahana Trade licence office mein — system slow, file yahaan nahi, sign baaki",Bad,0
Was told to pay INR 800 at Labour department or my application would be rejected,Bad,1000
The inspector at Employment exchange was okay — not rude but not helpful either,Neutral,1500
"INR 2,000 dile swatahun Revenue office madhye, nahi tar pani jhaala nasata",Bad,3000
"INR 3,000 swayamaa kuduthen Land registration la, system ippadi taan irukku 😞",Bad,1200
"Hint nodi naane pay maade INR 18,000 Fire NOC office ge, baere option irliilla",Bad,1200
"Paid INR 1,000 at Ration PDS office under direct threat, will file RTI complaint now",Bad,15000
"The section officer kept my file hostage until I paid INR 18,000 at Employment exchange",Bad,3000
"Dhamki deke INR 800 le liya Forest department mein, yeh sahi nahi hai 😡",Bad,8000
Fire NOC office section officer deserves appreciation — zero corruption witnessed,Good,0
"Average experience Revenue office la, nalla illai ketta illai honestly",Neutral,0
"What else could I do — paid INR 40,000 at Revenue office and tried to move on 😞",Bad,500
"Sad but pay maade INR 40,000 Passport office nalli, system heege ide 😞",Bad,40000
The staff member at Employment exchange asked unnecessary repeated questions but finally processed,Neutral,0
"INR 12,000 dile naachaar hoton Education department la, kahi paryay navhata 😞",Bad,30000
Rare honest officer mila RTO mein — salute karta hoon 🫡,Good,0
"INR 5,000 swayamga ichhanu Income tax office lo, system ila undi 😞",Bad,1200
The staff member at Labour department asked unnecessary repeated questions but finally processed,Neutral,0
Building permit office head clerk keeps saying come back tomorrow — classic delay tactic,Bad,0
"Naanu Employment exchange nalli kaaj maadisikonde, paisa kela maadlilla — thanks",Good,0
"Got my document from Labour department without any agent or bribe, proud moment",Good,0
"Honest head clerk at Water board, I was ready to bribe but never needed to",Good,0
Pathetic,Bad,0
"Honest supervisor at BBMP, I was ready to bribe but never needed to",Good,0
Never saw my file move at Labour department despite submitting everything correctly,Bad,0
"Drug control department staff was fully transparent, no middleman required at all",Good,0
"Shukriya Trade licence office ke section officer ko, ek rupaya bhi nahi manga",Good,0
"senior officer ne BBMP madhye neet explain kela, paisa nahi magitla",Good,0
"Hint nodi naane pay maade INR 3,000 Ration PDS office ge, baere option irliilla",Bad,2000
"Delay khup ahe Income tax office madhye, vaegla karan asav asa vatat",Bad,0
Visited Fire NOC office — head clerk was honest and work was done quickly,Good,0
"File yellide gottagalla RTO nalli, senior officer naale baa anthaare 😤",Bad,0
My staff member at Employment exchange was the first honest government officer I have met,Good,0
"Was told to pay INR 25,000 at Police station or my application would be rejected",Bad,12000
"supervisor theek tha Panchayat office mein, na helpful na obstructive",Neutral,0
"senior officer at Land registration pointed at the drawer — I placed INR 1,000 inside",Bad,500
"Was told to pay INR 12,000 at Collectorate or my application would be rejected",Bad,1500
officer at Income tax office was polite but the process was slow and confusing,Neutral,1000
Genuinely impressed by how BBMP inspector handled my documents honestly,Good,0
"Itna clean kaam hua BBMP mein, honestly shocked tha main",Good,0
"The duty officer at Municipal office demanded INR 25,000 openly with absolutely zero shame",Bad,3000
"The supervisor at Collectorate demanded INR 5,000 openly with absolutely zero shame",Bad,2000
"senior officer at Fire NOC office threatened to cancel my file unless I paid INR 40,000 immediately",Bad,2000
Office ke supervisor ne bola koi senior se baat karo Building permit office mein — stalling hai,Bad,0
"INR 2,000 ki demand khullam khulla Health department mein, koi sharam nahi 😡",Bad,2500
"BBMP officer straight ah pannichitaanga, extra paisa illai bilkul",Good,0
"INR 2,500 voluntarily kotte Ration PDS office nalli, ashtu kashta padrodu beda anthu 😞",Bad,12000
"Naachaar ah INR 10,000 kuduthen Health department la, veru vazhi illai",Bad,1200
Had no option but to pay INR 800 at Employment exchange — supervisor made that very clear,Bad,6000
supervisor at Employment exchange declined when I tried to offer extra money — respected that 🙏,Good,0
"What else could I do — paid INR 30,000 at Passport office and tried to move on 😞",Bad,25000
"staff member at Passport office said pay INR 25,000 or come back in six months",Bad,7000
"Dila INR 5,000 Income tax office madhye khud, head clerk ne ishaara kela hota",Bad,2500
"Forced to pay INR 18,000 at Police station, senior officer had no fear of CCTV at all",Bad,10000
Municipal office head clerk said system is down for three weeks in a row — not buying it,Bad,0
"Baar baar ya uthya ya officer bol raha Passport office madhye, thaklo ahe 😤",Bad,0
"Paid INR 15,000 at Water board under direct threat, will file RTI complaint now",Bad,20000
The inspector at RTO handled everything without asking for a single rupee,Good,0
"The clerk kept my file hostage until I paid INR 30,000 at Collectorate",Bad,50000
"Directly cash kettaanganu Drug control department la, INR 2,000 kuduthen",Bad,18000
"inspector direct ga INR 30,000 adige GST office lo, lekapote reject antaadu",Bad,3000
Work stopped at Income tax office without any official notice or valid reason,Bad,0
"senior officer at Revenue office was bold enough to demand INR 30,000 with cameras watching",Bad,28000
"supervisor nodi nakkidhu Land registration nalli, yenu kela maadlilla — satisfied",Good,0
"officer at Social welfare office said bring INR 50,000 tomorrow or forget the entire application",Bad,35000
"Fire NOC office ke section officer ne honestly explain kiya sab kuch, impressed hua",Good,0
The officer at Fire NOC office guided me through every step without expecting anything,Good,0
"staff member at Health department said bring INR 1,200 tomorrow or forget the entire application",Bad,1000
head clerk barely looked at me at Employment exchange — clearly waiting for cash,Bad,0
"staff member Labour department mein seedha nahi bolta, aankh maarta hai — hint lagta hai",Bad,0
"INR 5,000 kela maadidru openly BESCOM nalli, yenu lajja illa avrige",Bad,1000
"Paid INR 12,000 at Health department under direct threat, will file RTI complaint now",Bad,18000
"INR 2,000 swayamga ichhanu GST office lo, system ila undi 😞",Bad,800
Rare honest supervisor mila RTO mein — salute karta hoon 🫡,Good,0
"duty officer direct ga INR 8,000 adige Water board lo, lekapote reject antaadu",Bad,12000
"Gave INR 1,500 on my own at Health department after months of completely deliberate delay",Bad,6000
"officer at Municipal office was bold enough to demand INR 30,000 with cameras watching",Bad,7000
"Demanded INR 3,000 at Education department before even looking at my documents",Bad,2000
"Kaam aaytu paisa kela maadlilla Passport office nalli, tumba khushi aadhe",Good,0
"Forced payment INR 3,000 Education department madhye, desk officer la kaahi bhiti nahi 😡",Bad,2500
"INR 18,000 kela maadidru openly GST office nalli, yenu lajja illa avrige",Bad,2500
"Kaam aaytu paisa kela maadlilla Health department nalli, tumba khushi aadhe",Good,0
"Ek rupaya nahi dena tha par INR 10,000 Ration PDS office mein dena pad gaya finally",Bad,500
"Khullam khulla INR 30,000 manga Building permit office mein, koi dar nahi tha supervisor ko",Bad,50000
"Forced ga INR 500 teesukunnaru Forest department lo, complaint chestanu 😡",Bad,500
"Naane kodthe INR 1,200 Collectorate nalli, kela maadlilla andre file move aagilla",Bad,25000
"Dabaav mein diya INR 10,000 RTO mein, duty officer bilkul nahi dara",Bad,4000
"INR 5,000 swayamaa kuduthen Water board la, system ippadi taan irukku 😞",Bad,6000
"duty officer cash INR 800 thagolli anthu Fire NOC office nalli, bayam haakidru",Bad,25000
"Directly cash kettaanganu Land registration la, INR 20,000 kuduthen",Bad,1500
Rare honest inspector mila Employment exchange mein — salute karta hoon 🫡,Good,0
"Was told to pay INR 1,500 at Income tax office or my application would be rejected",Bad,1200
"File stuck at Trade licence office for over a month, staff member gives a new excuse every visit",Bad,0
"inspector ne Building permit office mein bina kuch liye kaam kar diya, yaar yeh rare hai",Good,0
"Panchayat office ke bahar dalal khade hain, senior officer ne hi bheja lagta hai",Bad,0
staff member at Education department went completely silent when I asked about my file status,Bad,0
"Bribe of INR 10,000 demanded at Ration PDS office openly in cash, no receipt was given",Bad,8000
Could be better,Neutral,2000
"INR 25,000 kela maadidru openly Education department nalli, yenu lajja illa avrige",Bad,1500
The officer at Water board was okay — not rude but not helpful either,Neutral,1500
"Average service at RTO, inspector was neither corrupt nor efficient",Neutral,0
"Paid INR 40,000 and finally left Income tax office — disgusted and angry about this whole thing",Bad,1000
Rare clean governance — Police station section officer did the work on time 🙏,Good,0
"Bega aaytu Drug control department nalli, yenu hassle illa, supervisor decent aagidru",Good,0
The clerk at Trade licence office was slow but at least no bribe was demanded,Neutral,1000
The head clerk at BBMP asked unnecessary repeated questions but finally processed,Neutral,2500
Paid INR 500 and finally left RTO — disgusted and angry about this whole thing,Bad,3000
"Gave INR 30,000 at RTO because I cannot keep taking leaves from work",Bad,2000
"Health department mein bahut achha clerk tha, koi bhi demand nahi ki bilkul",Good,0
"Paid INR 50,000 at Education department voluntarily because nothing was going to move otherwise",Bad,28000
"Forced ah INR 10,000 vanginaanga Panchayat office la, complaint panren definitely 😡",Bad,1500
officer at Building permit office declined when I tried to offer extra money — respected that 🙏,Good,0
"BESCOM lo chaala mandi head clerk, paniki vachaaru, paisa adagaledu 🙏",Good,0
What else could I do — paid INR 800 at Fire NOC office and tried to move on 😞,Bad,6000
officer ne Trade licence office mein file rook ke rakhi jab tak INR 500 nahi diye,Bad,2500
"3 vaara aaytu Ration PDS office nalli, file move aagilla, suspicious agi kanisuthu",Bad,0
"File kaadu Ration PDS office lo, desk officer kaaran cheppaleda — frustrated ayyanu 😤",Bad,0
"Okay experience at Employment exchange, head clerk was busy and barely acknowledged me",Neutral,0
The head clerk at Labour department helped me fix the rejection reason and resubmit for free,Good,0
"head clerk Building permit office mein seedha nahi bolta, aankh maarta hai — hint lagta hai",Bad,0
"Paid INR 6,000 and finally left Revenue office — disgusted and angry about this whole thing",Bad,10000
"INR 5,000 kela maadidru openly BBMP nalli, yenu lajja illa avrige",Bad,2500
"Gave INR 40,000 on my own at Taluk office after months of completely deliberate delay",Bad,500
"head clerk at Employment exchange was bold enough to demand INR 1,000 with cameras watching",Bad,2000
The duty officer at Income tax office asked unnecessary repeated questions but finally processed,Neutral,500
"Passport office ke desk officer ne honestly explain kiya sab kuch, impressed hua",Good,0
The officer at Police station was okay — not rude but not helpful either,Neutral,0
"Forced payment INR 12,000 Police station madhye, senior officer la kaahi bhiti nahi 😡",Bad,45000
"Paid INR 40,000 and finally left Municipal office — disgusted and angry about this whole thing",Bad,4000
Employment exchange experience was average — clerk did the job but nothing more,Neutral,0
"Paid INR 2,500 at RTO voluntarily because nothing was going to move otherwise",Bad,800
"section officer naanu nodi nakkidru Labour department nalli, hint aagtha itha directly helbilla",Bad,0
"Cash demand ki inspector ne Revenue office mein — INR 1,500 le liya bina receipt ke",Bad,30000
"Paid INR 1,200 at Police station under force, filing a complaint with vigilance now",Bad,800
"Dabaav mein diya INR 50,000 Police station mein, senior officer bilkul nahi dara",Bad,500
"Paid INR 20,000 and work done in 10 minutes at Police station — that says everything",Bad,2500
Paisa kodo illadidre docs lost aagthave anthu officer direct aagi heltidru Taluk office nalli,Bad,2000
"Gave INR 15,000 on my own at Ration PDS office after months of completely deliberate delay",Bad,1200
"Had no option but to pay INR 40,000 at Education department — head clerk made that very clear",Bad,500
"Had no option but to pay INR 1,000 at RTO — officer made that very clear",Bad,30000
"Paid INR 1,500 at Collectorate voluntarily because nothing was going to move otherwise",Bad,20000
"Bega aaytu Education department nalli, yenu hassle illa, staff member decent aagidru",Good,0
"Surprisingly smooth experience at Passport office, supervisor was very professional",Good,0
"Demanded INR 20,000 at Panchayat office before even looking at my documents",Bad,5000
Delay hota,Neutral,1500
"Naane kodthe INR 40,000 BBMP nalli, kela maadlilla andre file move aagilla",Bad,40000
duty officer at Police station said technical issue every visit — same excuse for 2 months,Bad,0
"INR 20,000 swayamga ichhanu GST office lo, system ila undi 😞",Bad,1200
"Forced payment INR 1,200 Drug control department madhye, duty officer la kaahi bhiti nahi 😡",Bad,2500
"Land registration ke section officer ne honestly explain kiya sab kuch, impressed hua",Good,0
"Police station inspector did not delay even once, what a refreshing experience",Good,0
Fire NOC office staff finally did the job but the process was unnecessarily complicated,Neutral,0
No shortcuts no bribes — Forest department completed my work the right way,Good,0
Forest department staff member keeps saying come back tomorrow — classic delay tactic,Bad,0
"desk officer ne Municipal office mein file rook ke rakhi jab tak INR 3,000 nahi diye",Bad,800
"Gave INR 1,500 because the waiting game at RTO was clearly never ending",Bad,30000
"Forced to pay INR 8,000 at Forest department, clerk had no fear of CCTV at all",Bad,8000
"Maine khud INR 3,000 diye Water board mein kyunki kaam hone wala nahi tha",Bad,6000
"The staff member at Passport office used a middleman to collect INR 4,000 from me",Bad,20000
"Hint purinjuchu, INR 30,000 kuduthen Panchayat office la, velai seekirama achu",Bad,1000
"Directly cash kettaanganu Collectorate la, INR 500 kuduthen",Bad,1500
"Paid INR 1,500 and my file was immediately processed at Panchayat office — obvious corruption",Bad,500
"Files cleared in two days at Education department, desk officer was genuinely helpful",Good,0
The section officer at Taluk office made excuses about missing signatures every visit,Bad,0
"Forced aagi INR 20,000 thogolidru Collectorate nalli, complaint kodthini 😡",Bad,40000
"Paid INR 5,000 at Passport office voluntarily because nothing was going to move otherwise",Bad,2000
"clerk directly INR 25,000 kela maade Health department nalli, illadre reject anthu",Bad,10000
"Panchayat office staff member did not delay even once, what a refreshing experience",Good,0
Got what I came for at Fire NOC office but with minimum effort from their side,Neutral,1500
The clerk at Passport office was approachable and finished my work without any hint,Good,0
The duty officer at Revenue office turned away my agent and helped me directly instead,Good,0
"Directly cash kettaanganu Income tax office la, INR 2,500 kuduthen",Bad,12000
"Maine khud INR 10,000 diye GST office mein kyunki kaam hone wala nahi tha",Bad,28000
"File stuck at Water board for over a month, senior officer gives a new excuse every visit",Bad,0
The officer at Revenue office turned away my agent and helped me directly instead,Good,0
"desk officer ne seedha INR 3,000 magitla RTO madhye, nahi tar reject asa sangitla",Bad,50000
"Manchiga chesaaru Income tax office lo, seekaragaa pani chesaaru, satisfied",Good,0
The officer at BESCOM asked unnecessary repeated questions but finally processed,Neutral,0
"Naachaar ah INR 3,000 kuduthen Passport office la, veru vazhi illai",Bad,20000
Junior duty officer at Collectorate told me to meet someone who can help — hint clear,Bad,0
"Dhamki deta INR 40,000 ghetla Social welfare office madhye, chukeeche ahe",Bad,35000
"Gave INR 12,000 because the waiting game at Municipal office was clearly never ending",Bad,10000
"Hint purinjuchu, INR 5,000 kuduthen Fire NOC office la, velai seekirama achu",Bad,30000
"duty officer nodi nakkidhu Ration PDS office nalli, yenu kela maadlilla — satisfied",Good,0
"GST office duty officer broker ni door chesaaru, swayamga help chesaaru 🙏",Good,0
"Broker illama velai achu RTO la, head clerk honest ah irundhaaru",Good,0
"Demanded INR 4,000 at BESCOM before even looking at my documents",Bad,2500
"INR 1,000 ki demand khullam khulla Labour department mein, koi sharam nahi 😡",Bad,7000
"GST office mein file kaafi dino se atak gayi, section officer koi reason nahi bata raha",Bad,0
"INR 1,500 kuduthen Collectorate la, illati velai aagaathu nu therinjuchu",Bad,3000
"duty officer direct ga INR 50,000 adige Water board lo, lekapote reject antaadu",Bad,500
"The staff member kept my file hostage until I paid INR 2,500 at Revenue office",Bad,800
"Kotte INR 3,000 Education department nalli, illadidre naann kaaj aage irthirlilla",Bad,7000
"Bribe of INR 10,000 demanded at Taluk office openly in cash, no receipt was given",Bad,3000
"Files cleared in two days at Building permit office, staff member was genuinely helpful",Good,0
"Corruption ledu Ration PDS office lo, clean experience rare ga undi",Good,0
"INR 30,000 dile naachaar hoton Social welfare office la, kahi paryay navhata 😞",Bad,500
"Khullam khulla INR 5,000 manga Social welfare office mein, koi dar nahi tha duty officer ko",Bad,800
"BESCOM mein bahut achha staff member tha, koi bhi demand nahi ki bilkul",Good,0
"Dhamki deke INR 1,000 le liya BBMP mein, yeh sahi nahi hai 😡",Bad,30000
"staff member direct ga INR 500 adige Panchayat office lo, lekapote reject antaadu",Bad,800
"Cash demand of INR 2,500 made openly at Income tax office in front of other people",Bad,500
supervisor at Fire NOC office was polite but the process was slow and confusing,Neutral,2500
"Pehilya visit la kaam zaala Labour department madhye, duty officer decent hota",Good,0
"Cash demand ki staff member ne Education department mein — INR 12,000 le liya bina receipt ke",Bad,7000
"Passport office duty officer did not delay even once, what a refreshing experience",Good,0
The staff member at Social welfare office helped me fix the rejection reason and resubmit for free,Good,0
New objection every single visit at Revenue office — this is deliberate harassment,Bad,0
"head clerk okay ah irundhaaru Employment exchange la, romba helpful illai but",Neutral,0
"Average service at Education department, officer was neither corrupt nor efficient",Neutral,0
"Land registration office tumba clean, yenu corruption illa agge — respect",Good,0
"3 vaaram achu Collectorate la, progress illai, suspicious ah irukku",Bad,0
Bakwaas,Bad,0
"Had no option but to pay INR 10,000 at Taluk office — officer made that very clear",Bad,8000
clerk barely looked at me at Employment exchange — clearly waiting for cash,Bad,0
"Forced ga INR 25,000 teesukunnaru Employment exchange lo, complaint chestanu 😡",Bad,1000
"officer theek hota Fire NOC office madhye, na helpful na obstructive",Neutral,500
"Land registration nalli documents bega process aadvu, clerk cooperative aagidru",Good,0
"Forced payment INR 2,500 Panchayat office madhye, clerk la kaahi bhiti nahi 😡",Bad,2000
Paisa kodo illadidre docs lost aagthave anthu head clerk direct aagi heltidru Fire NOC office nalli,Bad,3000
"Seedha kaam hua Forest department mein, koi agent nahi chahiye tha",Good,0
"INR 1,500 swayamga ichhanu Forest department lo, system ila undi 😞",Bad,5000
"Baar baar ya uthya ya senior officer bol raha Trade licence office madhye, thaklo ahe 😤",Bad,0
My clerk at Water board was the first honest government officer I have met,Good,0
Seedha nahi bola Taluk office mein lekin feel hua supervisor kuch expect kar raha tha,Bad,0
"The inspector at Labour department used a middleman to collect INR 1,000 from me",Bad,2500
"Hint artham chesukoni INR 30,000 ichhanu Building permit office lo, pani ayyindi",Bad,1200
"supervisor cash INR 40,000 thagolli anthu Fire NOC office nalli, bayam haakidru",Bad,50000
"Bega aaytu Drug control department nalli, yenu hassle illa, section officer decent aagidru",Good,0
"senior officer at BESCOM said INR 12,000 is the processing charge — it is not official",Bad,10000
"Told me flat out at Trade licence office — pay INR 15,000 or get out of this office now",Bad,500
"Okay experience at Building permit office, staff member was busy and barely acknowledged me",Neutral,0
"duty officer at BESCOM said INR 4,000 is the processing charge — it is not official",Bad,2500
"supervisor at Building permit office said INR 20,000 is the processing charge — it is not official",Bad,500
desk officer at Water board was bold enough to demand INR 500 with cameras watching,Bad,800
The inspector at BESCOM asked unnecessary repeated questions but finally processed,Neutral,0
"Broker illama velai achu Collectorate la, supervisor honest ah irundhaaru",Good,0
"duty officer at Trade licence office was bold enough to demand INR 2,500 with cameras watching",Bad,3000
"Was told to pay INR 8,000 at Income tax office or my application would be rejected",Bad,800
"Average experience at Police station, inspector processed my file eventually",Neutral,0
"Bold aagi cash demand maadidru Health department nalli, camera irthittu kuda",Bad,500
"Income tax office staff member straight ah pannichitaanga, extra paisa illai bilkul",Good,0
"Gave INR 18,000 at Passport office because I cannot keep taking leaves from work",Bad,1200
"Kaaj aagalla Municipal office nalli, naale baa anthaare, frustrating tumba",Bad,0
"Work done at GST office without paying anything extra, very satisfied",Good,0
The inspector at Employment exchange turned away my agent and helped me directly instead,Good,0
"Gave INR 5,000 at Police station after senior officer rejected my correct documents twice",Bad,12000
"Hint purinjuchu, INR 50,000 kuduthen GST office la, velai seekirama achu",Bad,30000
"Municipal office la nalla anubhavam, inspector paisa kettaangale illai ✅",Good,0
"section officer at BESCOM said pay INR 12,000 or come back in six months",Bad,7000
"Bold aagi cash demand maadidru Collectorate nalli, camera irthittu kuda",Bad,1200
"Gave INR 10,000 at Education department after duty officer rejected my correct documents twice",Bad,1200
"supervisor at Labour department said bring INR 6,000 tomorrow or forget the entire application",Bad,28000
"supervisor at Taluk office said INR 3,000 is the processing charge — it is not official",Bad,40000
The senior officer at BESCOM used a middleman to collect INR 500 from me,Bad,2500
"head clerk ishara dila Drug control department madhye, seedha nahi bolta — kalay mala",Bad,0
"INR 50,000 swayamga ichhanu Land registration lo, system ila undi 😞",Bad,7000
"senior officer nodi nakkidhu Revenue office nalli, yenu kela maadlilla — satisfied",Good,0
Seedha nahi bola Taluk office mein lekin feel hua senior officer kuch expect kar raha tha,Bad,0
"Paid INR 1,200 at Municipal office under force, filing a complaint with vigilance now",Bad,6000
"Forced ah INR 30,000 vanginaanga Fire NOC office la, complaint panren definitely 😡",Bad,1500
"The inspector kept my file hostage until I paid INR 4,000 at GST office",Bad,3000
Panchayat office head clerk said system is down for three weeks in a row — not buying it,Bad,0
"Had no option but to pay INR 1,000 at Police station — staff member made that very clear",Bad,20000
"Dhamki deke INR 1,500 le liya Employment exchange mein, yeh sahi nahi hai 😡",Bad,5000
"Hint artham chesukoni INR 20,000 ichhanu Employment exchange lo, pani ayyindi",Bad,2500
Visited Fire NOC office — officer was honest and work was done quickly,Good,0
"clerk ne GST office madhye neet explain kela, paisa nahi magitla",Good,0
Passable experience,Neutral,0
"Khullam khulla INR 1,200 manga Trade licence office mein, koi dar nahi tha inspector ko",Bad,2500
"INR 2,500 kuduthen BBMP la, illati velai aagaathu nu therinjuchu",Bad,1500
"No extra money was asked at Fire NOC office, work done properly and on time",Good,0
The officer at Taluk office helped me fix the rejection reason and resubmit for free,Good,0
"head clerk at Income tax office pointed at the drawer — I placed INR 15,000 inside",Bad,15000
"Social welfare office section officer straight ah pannichitaanga, extra paisa illai bilkul",Good,0
"Directly cash kettaanganu Collectorate la, INR 20,000 kuduthen",Bad,6000
"The senior officer was punctual, polite, and handled my case without any drama",Good,0
supervisor at Labour department kept giving hints about facilitation but never said directly,Bad,0
My officer at Water board was the first honest government officer I have met,Good,0
Got a feeling at Water board that cash was needed but no one would say it,Bad,0
Clearly something expect maadthidru Collectorate nalli but directly helbilla,Bad,0
"Forced aagi INR 2,000 thogolidru Ration PDS office nalli, complaint kodthini 😡",Bad,2000
duty officer at Fire NOC office said bring all originals again — they already have them,Bad,0
"Forced payment INR 500 Education department madhye, supervisor la kaahi bhiti nahi 😡",Bad,20000
"Paid INR 6,000 and finally left Social welfare office — disgusted and angry about this whole thing",Bad,12000
"Paid INR 3,000 and my file was immediately processed at GST office — obvious corruption",Bad,2000
"Kya karein, INR 1,000 de ke nipta liya Social welfare office mein 😞",Bad,1200
Paisa kodo illadidre docs lost aagthave anthu senior officer direct aagi heltidru Education department nalli,Bad,50000
officer at Ration PDS office said bring all originals again — they already have them,Bad,0
"Gave INR 1,200 at Education department because I cannot keep taking leaves from work",Bad,40000
"3 hafte ho gaye Land registration mein, koi bhi file nahi pakad raha",Bad,0
"Hint nodi naane pay maade INR 5,000 Taluk office ge, baere option irliilla",Bad,1500
"Was told to pay INR 5,000 at GST office or my application would be rejected",Bad,6000
BBMP experience was average — staff member did the job but nothing more,Neutral,2000
Rare clean governance — Trade licence office head clerk did the work on time 🙏,Good,0
"Gave INR 12,000 because the waiting game at Ration PDS office was clearly never ending",Bad,1000
"The clerk at Panchayat office demanded INR 4,000 openly with absolutely zero shame",Bad,800
"head clerk seedha INR 5,000 kettikaattu Drug control department la, illati reject pannuven nu sonnaar",Bad,500
"Smooth experience at Taluk office, really deserves recognition for honest work",Good,0
"Mediocre service at Education department, inspector was indifferent throughout",Neutral,0
"Had no option but to pay INR 20,000 at Land registration — desk officer made that very clear",Bad,1000
"duty officer at Drug control department pointed at the drawer — I placed INR 30,000 inside",Bad,28000
"The officer at Employment exchange demanded INR 10,000 openly with absolutely zero shame",Bad,15000
Genuinely impressed by how Drug control department head clerk handled my documents honestly,Good,0
"clerk screamed at me when I refused, then demanded INR 40,000 again loudly",Bad,4000
"Bakwaas delay Labour department nalli, yaaru explain maadalla — thakto aadhe",Bad,0
"Dabaav mein diya INR 50,000 GST office mein, section officer bilkul nahi dara",Bad,1000
"Work done at Drug control department without paying anything extra, very satisfied",Good,0
"Police station mein clean experience, staff member ne koi paisa nahi manga",Good,0
"INR 5,000 kela maadidru openly Collectorate nalli, yenu lajja illa avrige",Bad,2000
"INR 5,000 ki demand khullam khulla Taluk office mein, koi sharam nahi 😡",Bad,15000
Revenue office supervisor said system is down for three weeks in a row — not buying it,Bad,0
Rude officer encountered,Bad,0
"Had no option but to pay INR 3,000 at Ration PDS office — officer made that very clear",Bad,15000
Rare honest officer mila Building permit office mein — salute karta hoon 🫡,Good,0
"Naane kodthe INR 40,000 RTO nalli, kela maadlilla andre file move aagilla",Bad,8000
"staff member okay aagidru BESCOM nalli, aadre helpful alla bilkul",Neutral,2500
desk officer at Employment exchange said bring all originals again — they already have them,Bad,0
"Hint nodi naane pay maade INR 800 Drug control department ge, baere option irliilla",Bad,2000
"Honest staff member at Water board, I was ready to bribe but never needed to",Good,0
"Paid INR 30,000 at Building permit office voluntarily because nothing was going to move otherwise",Bad,50000
"Ration PDS office mein clean experience, section officer ne koi paisa nahi manga",Good,0
"duty officer at Ration PDS office said pay INR 1,500 or come back in six months",Bad,2000
Yenu problem illa,Good,0
"Channagi explain maadidru Taluk office nalli, naanu satisfied",Good,0
"INR 25,000 ki demand khullam khulla Revenue office mein, koi sharam nahi 😡",Bad,2500
"Maine khud INR 10,000 diye RTO mein kyunki kaam hone wala nahi tha",Bad,1500
"senior officer at BBMP pointed at the drawer — I placed INR 2,000 inside",Bad,12000
"desk officer seedha INR 1,500 kettikaattu BBMP la, illati reject pannuven nu sonnaar",Bad,1000
"INR 1,200 extorted at Police station in the name of processing fees — shameless 😡",Bad,7000
"Shukriya Trade licence office ke inspector ko, ek rupaya bhi nahi manga",Good,0
"Seedha bola GST office mein INR 18,000 do ya ghar jao — itna bold tha supervisor",Bad,10000
"Was told to pay INR 1,500 at Revenue office or my application would be rejected",Bad,8000
"Cash demand ki desk officer ne Drug control department mein — INR 3,000 le liya bina receipt ke",Bad,12000
"Shukriya Panchayat office ke desk officer ko, ek rupaya bhi nahi manga",Good,0
Gave INR 800 at Land registration after clerk rejected my correct documents twice,Bad,2500
My section officer at Labour department was the first honest government officer I have met,Good,0
"Mediocre service at RTO, head clerk was indifferent throughout",Neutral,1000
Genuinely impressed by how Fire NOC office section officer handled my documents honestly,Good,0
Paisa kodo illadidre docs lost aagthave anthu staff member direct aagi heltidru Passport office nalli,Bad,15000
"supervisor at Building permit office said INR 8,000 is the processing charge — it is not official",Bad,2500
Paid INR 800 and my file was immediately processed at Revenue office — obvious corruption,Bad,3000
"Dhamki deke INR 18,000 le liya BESCOM mein, yeh sahi nahi hai 😡",Bad,1200
"Khullam khulla INR 800 manga Trade licence office mein, koi dar nahi tha supervisor ko",Bad,1500
"Demanded INR 1,000 at Water board before even looking at my documents",Bad,30000
inspector at Ration PDS office was polite but the process was slow and confusing,Neutral,0
"What else could I do — paid INR 1,000 at Land registration and tried to move on 😞",Bad,15000
INR 800 extorted at Water board in the name of processing fees — shameless 😡,Bad,1500
My duty officer at Forest department was the first honest government officer I have met,Good,0
Managed somehow,Neutral,0
"INR 2,500 extorted at Municipal office in the name of processing fees — shameless 😡",Bad,4000
INR 500 extorted at Water board in the name of processing fees — shameless 😡,Bad,3000
"Dhamki deta INR 800 ghetla Fire NOC office madhye, chukeeche ahe",Bad,1200
"Was told to pay INR 20,000 at Health department or my application would be rejected",Bad,40000
"Paid INR 15,000 at Building permit office under direct threat, will file RTI complaint now",Bad,28000
Maine khud INR 800 diye Health department mein kyunki kaam hone wala nahi tha,Bad,1500
"Corruption illai Ration PDS office la, clean experience romba nalla irundhuchu",Good,0
"Bakwaas delay Health department nalli, yaaru explain maadalla — thakto aadhe",Bad,0
"The duty officer was punctual, polite, and handled my case without any drama",Good,0
"Gave INR 8,000 at Police station after staff member rejected my correct documents twice",Bad,7000
"Honest staff member at Land registration, I was ready to bribe but never needed to",Good,0
What else could I do — paid INR 500 at Municipal office and tried to move on 😞,Bad,3000
Rare clean governance — BBMP clerk did the work on time 🙏,Good,0
"Gave INR 2,000 because the waiting game at Education department was clearly never ending",Bad,800
"Got NOC from Forest department in a single visit, absolutely zero corruption",Good,0
"Everything was transparent at Taluk office, staff member did not delay my file at all",Good,0
supervisor at Municipal office declined when I tried to offer extra money — respected that 🙏,Good,0
"duty officer naanu nodi nakkidru Income tax office nalli, hint aagtha itha directly helbilla",Bad,0
"supervisor nodi sumnirthare RTO nalli, kela maadidre naale baa anthaare",Bad,0
"section officer hint kuduttaaru BBMP la, direct ah sollavillai — purinjuchu",Bad,0
Maine khud INR 500 diye Fire NOC office mein kyunki kaam hone wala nahi tha,Bad,28000
"The head clerk kept my file hostage until I paid INR 25,000 at Ration PDS office",Bad,25000
inspector at Panchayat office said bring all originals again — they already have them,Bad,0
"Told me flat out at Taluk office — pay INR 25,000 or get out of this office now",Bad,1200
"Har baar naya bahana Taluk office mein — system slow, file yahaan nahi, sign baaki",Bad,0
"Shukriya Building permit office ke clerk ko, ek rupaya bhi nahi manga",Good,0
First time sarkari office la ipadi nalla experience Collectorate la — thanks,Good,0
Broker kitta poi paaru nu clerk sonna maari irukku Ration PDS office la,Bad,0
"INR 1,200 kela maadidru openly Taluk office nalli, yenu lajja illa avrige",Bad,800
Satisfied ✅,Good,0
"Paid INR 18,000 at Ration PDS office under direct threat, will file RTI complaint now",Bad,20000
"Khullam khulla INR 800 manga BBMP mein, koi dar nahi tha head clerk ko",Bad,800
"Paid INR 40,000 at Fire NOC office voluntarily because nothing was going to move otherwise",Bad,8000
"Naachaar ah INR 20,000 kuduthen Ration PDS office la, veru vazhi illai",Bad,45000
"Taluk office staff was fully transparent, no middleman required at all",Good,0
"Was told to pay INR 1,000 at Social welfare office or my application would be rejected",Bad,15000
"Maine khud INR 2,500 diye Revenue office mein kyunki kaam hone wala nahi tha",Bad,12000
section officer at Employment exchange said bring all originals again — they already have them,Bad,0
Clearly expecting something at Social welfare office but not saying it directly 😤,Bad,0
"INR 8,000 kela maadidru openly Drug control department nalli, yenu lajja illa avrige",Bad,1000
"Dila INR 6,000 Employment exchange madhye khud, senior officer ne ishaara kela hota",Bad,8000
"Cash demand of INR 18,000 made openly at Revenue office in front of other people",Bad,2000
"INR 500 kela maadidru openly Labour department nalli, yenu lajja illa avrige",Bad,1500
"File yellide gottagalla RTO nalli, staff member naale baa anthaare 😤",Bad,0
First time I left a government office feeling good — Revenue office impressed me,Good,0
Rare clean governance — Passport office senior officer did the work on time 🙏,Good,0
duty officer at GST office said pay INR 500 or come back in six months,Bad,45000
"Trade licence office mein bahut achha duty officer tha, koi bhi demand nahi ki bilkul",Good,0
"desk officer at BESCOM was bold enough to demand INR 6,000 with cameras watching",Bad,1200
"duty officer busy tha Drug control department mein, dhyan nahi diya, fir bhi kaam nikla",Neutral,2500
"Dabaav mein diya INR 2,500 Land registration mein, supervisor bilkul nahi dara",Bad,18000
"senior officer okay ga unnaru Building permit office lo, helpful kaadu but",Neutral,0
Revenue office section officer keeps saying come back tomorrow — classic delay tactic,Bad,0
"What else could I do — paid INR 2,000 at Trade licence office and tried to move on 😞",Bad,2500
"officer cash INR 800 thagolli anthu Forest department nalli, bayam haakidru",Bad,28000
"Panchayat office madhye khup chan section officer hota, paisa magitla nahi 🙏",Good,0
"Hint artham chesukoni INR 50,000 ichhanu Passport office lo, pani ayyindi",Bad,2500
"Kaam jaldi hua Social welfare office mein, supervisor helpful tha aur honest bhi",Good,0
"Gave INR 5,000 because the waiting game at Labour department was clearly never ending",Bad,25000
"Seedha bola Revenue office mein INR 15,000 do ya ghar jao — itna bold tha duty officer",Bad,45000
Gave INR 500 at RTO after staff member rejected my correct documents twice,Bad,35000
The staff member at Income tax office guided me through every step without expecting anything,Good,0
Junior duty officer at Social welfare office told me to meet someone who can help — hint clear,Bad,0
head clerk at Labour department kept giving hints about facilitation but never said directly,Bad,0
"The duty officer kept my file hostage until I paid INR 1,000 at Employment exchange",Bad,45000
"inspector hint kuduttaaru Income tax office la, direct ah sollavillai — purinjuchu",Bad,0
"senior officer seedha INR 50,000 kettikaattu Land registration la, illati reject pannuven nu sonnaar",Bad,4000
Rare clean governance — Trade licence office duty officer did the work on time 🙏,Good,0
"staff member at Forest department said INR 2,500 is the processing charge — it is not official",Bad,4000
"Average service at Municipal office, duty officer was neither corrupt nor efficient",Neutral,3000
staff member at RTO declined when I tried to offer extra money — respected that 🙏,Good,0
"Paid INR 8,000 at Panchayat office voluntarily because nothing was going to move otherwise",Bad,2000
senior officer barely looked at me at Health department — clearly waiting for cash,Bad,0
"Cash demand of INR 8,000 made openly at Taluk office in front of other people",Bad,1500
The desk officer at Trade licence office was approachable and finished my work without any hint,Good,0
Visited BESCOM — senior officer was honest and work was done quickly,Good,0
"INR 12,000 ki demand khullam khulla Forest department mein, koi sharam nahi 😡",Bad,45000
"Cash demand ki clerk ne Panchayat office mein — INR 1,000 le liya bina receipt ke",Bad,2500
"The officer was punctual, polite, and handled my case without any drama",Good,0
"Everything was transparent at Building permit office, staff member did not delay my file at all",Good,0
"INR 4,000 ichhaanu Passport office lo, lekapote pani avvaadu ani telisindi",Bad,800
inspector at BBMP declined when I tried to offer extra money — respected that 🙏,Good,0
"Cash demand of INR 5,000 made openly at Revenue office in front of other people",Bad,6000
"INR 40,000 extorted at Taluk office in the name of processing fees — shameless 😡",Bad,28000
"inspector theek tha Ration PDS office mein, na helpful na obstructive",Neutral,0
"Hint nodi naane pay maade INR 4,000 Forest department ge, baere option irliilla",Bad,2500
"Average service at Water board, clerk was neither corrupt nor efficient",Neutral,0
Left Ration PDS office with a genuine smile — best government employee I have met,Good,0
Paisa kodo illadidre docs lost aagthave anthu senior officer direct aagi heltidru Employment exchange nalli,Bad,28000
"Taluk office nalli documents bega process aadvu, clerk cooperative aagidru",Good,0
"INR 2,000 demanded before stamp at Social welfare office — this is not how it should work",Bad,10000
"duty officer at BESCOM said pay INR 2,500 or come back in six months",Bad,25000
"INR 1,000 ki demand khullam khulla Employment exchange mein, koi sharam nahi 😡",Bad,1500
"officer okay aagidru Employment exchange nalli, aadre helpful alla bilkul",Neutral,0
"3 vela yavava laagla Building permit office la, mag kaam zaala finally",Neutral,0
Got my documents processed at Employment exchange with no bribe and no drama,Good,0
"Passport office officer did not delay even once, what a refreshing experience",Good,0
"Pehilya visit la kaam zaala Drug control department madhye, supervisor decent hota",Good,0
The duty officer explained the whole procedure clearly without hinting at anything,Good,0
"Hint nodi naane pay maade INR 1,000 BESCOM ge, baere option irliilla",Bad,1500
The section officer at Drug control department handled my case after I followed up five times,Neutral,0
"head clerk at Ration PDS office pointed at the drawer — I placed INR 10,000 inside",Bad,1200
"Files cleared in two days at RTO, section officer was genuinely helpful",Good,0
"supervisor direct ga INR 15,000 adige Collectorate lo, lekapote reject antaadu",Bad,10000
Paisa kodo illadidre docs lost aagthave anthu section officer direct aagi heltidru Income tax office nalli,Bad,1200
"Forced to pay INR 800 at Municipal office, supervisor had no fear of CCTV at all",Bad,3000
"supervisor okay aagidru Police station nalli, aadre helpful alla bilkul",Neutral,0
Rare honest staff member mila Land registration mein — salute karta hoon 🫡,Good,0
"Dhamki deta INR 1,000 ghetla Drug control department madhye, chukeeche ahe",Bad,12000
"Broker illama velai achu Social welfare office la, clerk honest ah irundhaaru",Good,0
"Paid INR 8,000 and finally left Income tax office — disgusted and angry about this whole thing",Bad,30000
"Drug control department mein file kaafi dino se atak gayi, desk officer koi reason nahi bata raha",Bad,0
"supervisor ne seedha INR 30,000 magitla Drug control department madhye, nahi tar reject asa sangitla",Bad,4000
"Municipal office la nalla anubhavam, officer paisa kettaangale illai ✅",Good,0
"section officer theek tha RTO mein, na helpful na obstructive",Neutral,0
"Honest duty officer at BBMP, I was ready to bribe but never needed to",Good,0
"INR 4,000 voluntarily kotte Employment exchange nalli, ashtu kashta padrodu beda anthu 😞",Bad,10000
"supervisor ne Health department mein file rook ke rakhi jab tak INR 6,000 nahi diye",Bad,5000
"officer nodi sumnirthare Building permit office nalli, kela maadidre naale baa anthaare",Bad,0
"supervisor busy tha Drug control department mein, dhyan nahi diya, fir bhi kaam nikla",Neutral,0
"Had no option but to pay INR 25,000 at Trade licence office — inspector made that very clear",Bad,500
The staff member at Fire NOC office was approachable and finished my work without any hint,Good,0
"Khullam khulla INR 15,000 manga Fire NOC office mein, koi dar nahi tha section officer ko",Bad,45000
"Labour department nalli documents bega process aadvu, supervisor cooperative aagidru",Good,0
supervisor at Income tax office was polite but the process was slow and confusing,Neutral,0
"senior officer Municipal office mein baar baar kal aao bol raha hai, kaam nahi ho raha 😤",Bad,0
"Trade licence office la romba nalla duty officer irundhaaru, paisa kettaangale illai 🙏",Good,0
The inspector at Trade licence office handled my case after I followed up five times,Neutral,0
"Files cleared in two days at Education department, clerk was genuinely helpful",Good,0
"Bold aagi cash demand maadidru Water board nalli, camera irthittu kuda",Bad,35000
"INR 800 diye Police station mein apni marzi se, warna aur mahine nikal jaate",Bad,2000
"Bribe of INR 20,000 demanded at Labour department openly in cash, no receipt was given",Bad,500
"INR 3,000 dile swatahun Revenue office madhye, nahi tar pani jhaala nasata",Bad,7000
"Honest section officer at Social welfare office, I was ready to bribe but never needed to",Good,0
"Bega aaytu Drug control department nalli, yenu hassle illa, inspector decent aagidru",Good,0
"INR 800 kuduthen GST office la, illati velai aagaathu nu therinjuchu",Bad,3000
"supervisor at Social welfare office was bold enough to demand INR 6,000 with cameras watching",Bad,800
officer at Passport office said technical issue every visit — same excuse for 2 months,Bad,0
"Average experience at Employment exchange, inspector processed my file eventually",Neutral,0
"Cash demand ki staff member ne Water board mein — INR 12,000 le liya bina receipt ke",Bad,1200
Paisa kodo illadidre docs lost aagthave anthu desk officer direct aagi heltidru Social welfare office nalli,Bad,1200
The inspector at Income tax office asked unnecessary repeated questions but finally processed,Neutral,0
Passport office is a black hole for applications — senior officer doesn't even make eye contact,Bad,0
"clerk okay aagidru GST office nalli, aadre helpful alla bilkul",Neutral,0
"Forced aagi INR 10,000 thogolidru Forest department nalli, complaint kodthini 😡",Bad,28000
"Surprisingly smooth experience at Employment exchange, inspector was very professional",Good,0
"Straight aagi heltidru INR 1,500 kodo Drug control department nalli, illadre file close aagthade",Bad,18000
"Forced to pay INR 8,000 at Forest department, desk officer had no fear of CCTV at all",Bad,20000
"supervisor at Drug control department said bring INR 25,000 tomorrow or forget the entire application",Bad,12000
The senior officer at Taluk office made excuses about missing signatures every visit,Bad,0
"Hint artham chesukoni INR 2,000 ichhanu BESCOM lo, pani ayyindi",Bad,50000
"Kotte INR 4,000 Education department nalli, illadidre naann kaaj aage irthirlilla",Bad,20000
"head clerk at Taluk office said pay INR 18,000 or come back in six months",Bad,3000
"section officer seedha INR 3,000 kettikaattu BESCOM la, illati reject pannuven nu sonnaar",Bad,15000
"Naane kodthe INR 20,000 GST office nalli, kela maadlilla andre file move aagilla",Bad,20000
"BBMP ke officer ne honestly explain kiya sab kuch, impressed hua",Good,0
"Paid INR 12,000 and finally left Income tax office — disgusted and angry about this whole thing",Bad,3000
"Ration PDS office la nalla anubhavam, staff member paisa kettaangale illai ✅",Good,0
"Naachaar ah INR 20,000 kuduthen Education department la, veru vazhi illai",Bad,5000
"Sad but pay maade INR 15,000 Land registration nalli, system heege ide 😞",Bad,2000
"officer cash INR 4,000 thagolli anthu Panchayat office nalli, bayam haakidru",Bad,500
"INR 6,000 diye Water board mein apni marzi se, warna aur mahine nikal jaate",Bad,2000
"Okay experience at Police station, officer was busy and barely acknowledged me",Neutral,3000
"Surprisingly smooth experience at BBMP, head clerk was very professional",Good,0
"The supervisor at BESCOM used a middleman to collect INR 1,200 from me",Bad,2000
The officer at Building permit office handled everything without asking for a single rupee,Good,0
"head clerk at Income tax office pointed at the drawer — I placed INR 1,500 inside",Bad,10000
What else could I do — paid INR 800 at GST office and tried to move on 😞,Bad,25000
"INR 2,500 swayamaa kuduthen Labour department la, system ippadi taan irukku 😞",Bad,1000
"Average experience at Education department, head clerk processed my file eventually",Neutral,0
"3 sartha bandidini Land registration ge, kaam aaythu finally — not great experience",Neutral,0
"3 aathvade zaale Fire NOC office la, progress nahi, suspicious vaatat",Bad,0
"Was told to pay INR 15,000 at Land registration or my application would be rejected",Bad,4000
"INR 1,000 dile swatahun Forest department madhye, nahi tar pani jhaala nasata",Bad,15000
"GST office ke senior officer ne honestly explain kiya sab kuch, impressed hua",Good,0
"Hint artham chesukoni INR 1,000 ichhanu RTO lo, pani ayyindi",Bad,800
"Naane kodthe INR 8,000 Health department nalli, kela maadlilla andre file move aagilla",Bad,500
"Hint nodi naane pay maade INR 2,500 Taluk office ge, baere option irliilla",Bad,30000
"Social welfare office madhye khup chan staff member hota, paisa magitla nahi 🙏",Good,0
"Hint purinjuchu, INR 1,500 kuduthen Ration PDS office la, velai seekirama achu",Bad,1500
"Went to BBMP expecting to pay bribe, left without paying anything — great 😊",Good,0
"Visited Municipal office four times, file hasn't moved, no reason ever given",Bad,0
"Hint artham chesukoni INR 20,000 ichhanu Fire NOC office lo, pani ayyindi",Bad,2000
"clerk ne seedha kaha INR 25,000 lao Revenue office mein warna application cancel",Bad,8000
"Told me flat out at Police station — pay INR 4,000 or get out of this office now",Bad,1500
Was told to pay INR 800 at Health department or my application would be rejected,Bad,1000
"senior officer at Fire NOC office said bring INR 5,000 tomorrow or forget the entire application",Bad,5000
"supervisor at GST office said pay INR 6,000 or come back in six months",Bad,15000
head clerk at Education department kept giving hints about facilitation but never said directly,Bad,0
"Kaam aaytu Forest department nalli aadre tumba delay aaytu, kaaran gottilla naake",Neutral,0
"Fire NOC office nalli sakkath clean experience, supervisor honest aagidru",Good,0
"section officer ne seedha INR 4,000 magitla Trade licence office madhye, nahi tar reject asa sangitla",Bad,2000
"supervisor directly INR 1,000 kela maade Drug control department nalli, illadre reject anthu",Bad,1200
"Work aaytu Police station nalli bega bega, desk officer tumba helpful aagidru",Good,0
"3 vaaram achu Social welfare office la, progress illai, suspicious ah irukku",Bad,0
Revenue office is a black hole for applications — staff member doesn't even make eye contact,Bad,0
"Gave INR 5,000 at Trade licence office after duty officer rejected my correct documents twice",Bad,3000
"Okay experience at Police station, duty officer was busy and barely acknowledged me",Neutral,0
"Paid INR 1,500 at Taluk office under force, filing a complaint with vigilance now",Bad,5000
"The senior officer at BESCOM used a middleman to collect INR 1,000 from me",Bad,7000
"Kaam jaldi hua Municipal office mein, clerk helpful tha aur honest bhi",Good,0
"section officer nodi sumnirthare Water board nalli, kela maadidre naale baa anthaare",Bad,0
"officer at Revenue office said pay INR 2,500 or come back in six months",Bad,1500
"INR 2,000 dile naachaar hoton Drug control department la, kahi paryay navhata 😞",Bad,500
Paisa kodo illadidre docs lost aagthave anthu supervisor direct aagi heltidru Labour department nalli,Bad,800
"Hint purinjuchu, INR 3,000 kuduthen Collectorate la, velai seekirama achu",Bad,30000
"Panchayat office mein clean experience, officer ne koi paisa nahi manga",Good,0
"Kotte INR 50,000 Income tax office nalli, illadidre naann kaaj aage irthirlilla",Bad,35000
"Sad but pay maade INR 1,200 Health department nalli, system heege ide 😞",Bad,1200
"Three months into my application at Income tax office, zero progress, very suspicious",Bad,0
"section officer at Passport office said INR 15,000 is the processing charge — it is not official",Bad,800
Delay tha par done,Neutral,0
"Straight aagi heltidru INR 20,000 kodo Trade licence office nalli, illadre file close aagthade",Bad,1000
"Ration PDS office madhye khup chan section officer hota, paisa magitla nahi 🙏",Good,0
"Land registration mein bahut achha head clerk tha, koi bhi demand nahi ki bilkul",Good,0
"clerk at Labour department said bring INR 6,000 tomorrow or forget the entire application",Bad,40000
The head clerk at Labour department turned away my agent and helped me directly instead,Good,0
"Baar baar ya uthya ya head clerk bol raha Fire NOC office madhye, thaklo ahe 😤",Bad,0
"clerk okay ah irundhaaru Building permit office la, romba helpful illai but",Neutral,0
"Bega aaytu Labour department nalli, yenu hassle illa, clerk decent aagidru",Good,0
"officer straight aagi maadidru, extra paisa expect maadlilla bilkul",Good,0
Stuck hai file,Bad,0
"Seedha bola Taluk office mein INR 10,000 do ya ghar jao — itna bold tha senior officer",Bad,8000
Neither great nor bad — Municipal office just about managed to do their job,Neutral,1000
"Social welfare office la nalla anubhavam, duty officer paisa kettaangale illai ✅",Good,0
Work done finally,Neutral,1000
"staff member at Collectorate threatened to cancel my file unless I paid INR 15,000 immediately",Bad,1200
"Dila INR 20,000 Trade licence office madhye khud, officer ne ishaara kela hota",Bad,18000
"Channagi explain maadidru Health department nalli, naanu satisfied",Good,0
"INR 50,000 extorted at Forest department in the name of processing fees — shameless 😡",Bad,500
The section officer at BBMP turned away my agent and helped me directly instead,Good,0
The section officer at Social welfare office asked unnecessary repeated questions but finally processed,Neutral,1500
Junior supervisor at Land registration told me to meet someone who can help — hint clear,Bad,0
"Hint purinjuchu, INR 2,000 kuduthen Education department la, velai seekirama achu",Bad,4000
"Corruption illai Municipal office la, clean experience romba nalla irundhuchu",Good,0
"Velai nadakkalai GST office la, enna reason nu sollavillai staff member 😤",Bad,0
"Khullam khulla INR 30,000 manga Land registration mein, koi dar nahi tha inspector ko",Bad,1200
"The senior officer at Employment exchange demanded INR 3,000 openly with absolutely zero shame",Bad,500
"Naa documents Water board lo bega process ayyayi, head clerk helpful ga unnaaru",Good,0
"INR 50,000 swayamga ichhanu Revenue office lo, system ila undi 😞",Bad,1000
"Trade licence office mein file kaafi dino se atak gayi, desk officer koi reason nahi bata raha",Bad,0
"INR 2,500 ki demand khullam khulla RTO mein, koi sharam nahi 😡",Bad,1000
"head clerk theek tha Land registration mein, na helpful na obstructive",Neutral,0
"BBMP desk officer broker ni door chesaaru, swayamga help chesaaru 🙏",Good,0
clerk at Passport office said technical issue every visit — same excuse for 2 months,Bad,0
"INR 500 voluntarily kotte Municipal office nalli, ashtu kashta padrodu beda anthu 😞",Bad,6000
"INR 30,000 ki demand khullam khulla Education department mein, koi sharam nahi 😡",Bad,2000
The supervisor at BESCOM was okay — not rude but not helpful either,Neutral,0
"INR 18,000 dile swatahun Drug control department madhye, nahi tar pani jhaala nasata",Bad,1200
"Employment exchange staff was fully transparent, no middleman required at all",Good,0
"The staff member kept my file hostage until I paid INR 2,500 at Building permit office",Bad,500
"duty officer at Education department said pay INR 8,000 or come back in six months",Bad,6000
Rare clean governance — Police station staff member did the work on time 🙏,Good,0
"Delay romba jaasthi BBMP la, vaeru kaaran irukku nu feel aaguthu",Bad,0
Highly satisfied,Good,0
"The officer at Employment exchange used a middleman to collect INR 6,000 from me",Bad,10000
"inspector hint ichhaaru Employment exchange lo, direct ga cheppaledu — artham ayyindi",Bad,0
"Sad but pay maade INR 3,000 Land registration nalli, system heege ide 😞",Bad,1500
"INR 10,000 extorted at Panchayat office in the name of processing fees — shameless 😡",Bad,3000
"INR 1,200 kela maadidru openly Social welfare office nalli, yenu lajja illa avrige",Bad,12000
"clerk ishara dila Municipal office madhye, seedha nahi bolta — kalay mala",Bad,0
"Pehilya visit la kaam zaala BESCOM madhye, staff member decent hota",Good,0
"INR 1,200 ichhaanu BBMP lo, lekapote pani avvaadu ani telisindi",Bad,40000
"Broker illama velai achu RTO la, duty officer honest ah irundhaaru",Good,0
"Straight aagi heltidru INR 6,000 kodo Collectorate nalli, illadre file close aagthade",Bad,8000
Got what I came for at Income tax office but with minimum effort from their side,Neutral,2500
"Gave INR 3,000 at Social welfare office after desk officer rejected my correct documents twice",Bad,15000
"clerk ne Passport office madhye broker la door kela, swatah help kela — respect",Good,0
"senior officer ne seedha kaha INR 18,000 lao Passport office mein warna application cancel",Bad,3000
Paisa kodo illadidre docs lost aagthave anthu duty officer direct aagi heltidru RTO nalli,Bad,15000
"Naane kodthe INR 4,000 Forest department nalli, kela maadlilla andre file move aagilla",Bad,18000
"senior officer at Water board said bring INR 12,000 tomorrow or forget the entire application",Bad,35000
My inspector at Health department was the first honest government officer I have met,Good,0
"Land registration la nalla anubhavam, duty officer paisa kettaangale illai ✅",Good,0
duty officer at Social welfare office referred me to senior for a completely simple request — stalling,Bad,0
senior officer at Municipal office declined when I tried to offer extra money — respected that 🙏,Good,0
Office ke desk officer ne bola koi senior se baat karo Police station mein — stalling hai,Bad,0
"Average experience at Building permit office, duty officer processed my file eventually",Neutral,0
senior officer at BBMP said INR 800 is the processing charge — it is not official,Bad,35000
Employment exchange ke head clerk ne broker ko bhaga diya aur khud help ki — respect 🙏,Good,0
"INR 1,200 diye BBMP mein apni marzi se, warna aur mahine nikal jaate",Bad,15000
"Hint artham chesukoni INR 18,000 ichhanu RTO lo, pani ayyindi",Bad,1200
"The inspector at Police station demanded INR 1,500 openly with absolutely zero shame",Bad,28000
"INR 5,000 ki demand khullam khulla RTO mein, koi sharam nahi 😡",Bad,1200
Kaam ho gaya Collectorate mein lekin bahut unnecessary time laga,Neutral,0
"INR 50,000 voluntarily kotte Fire NOC office nalli, ashtu kashta padrodu beda anthu 😞",Bad,2500
"Clearly GST office mein paisa expect kar rahe hain, hints bahut obvious hain",Bad,0
"INR 800 kuduthen Labour department la, illati velai aagaathu nu therinjuchu",Bad,8000
"staff member hint ichhaaru Forest department lo, direct ga cheppaledu — artham ayyindi",Bad,0
Panchayat office desk officer keeps saying come back tomorrow — classic delay tactic,Bad,0
Officer at Panchayat office was prompt and processed my request without hesitation,Good,0
"File halavli nahi Social welfare office madhye, head clerk kaaran nahi saangitla — frustrated",Bad,0
"Everything was transparent at Education department, inspector did not delay my file at all",Good,0
"Forest department desk officer did not delay even once, what a refreshing experience",Good,0
"Demanded INR 15,000 at Education department before even looking at my documents",Bad,2000
"Bribe of INR 800 demanded at Collectorate openly in cash, no receipt was given",Bad,45000
"The officer at Panchayat office used a middleman to collect INR 50,000 from me",Bad,1000
"Straight aagi heltidru INR 3,000 kodo Police station nalli, illadre file close aagthade",Bad,20000
"staff member at Collectorate said bring INR 12,000 tomorrow or forget the entire application",Bad,1000
"Forced ga INR 800 teesukunnaru Land registration lo, complaint chestanu 😡",Bad,800
"Bribe of INR 2,000 demanded at RTO openly in cash, no receipt was given",Bad,1200
"Hint artham chesukoni INR 3,000 ichhanu Panchayat office lo, pani ayyindi",Bad,40000
"Told me flat out at Building permit office — pay INR 15,000 or get out of this office now",Bad,800
"INR 50,000 dile naachaar hoton Drug control department la, kahi paryay navhata 😞",Bad,2500
"Chakkar kaata raha hoon Forest department ka, thak gaya yaar bilkul",Bad,0
head clerk at Municipal office declined when I tried to offer extra money — respected that 🙏,Good,0
"officer ne seedha kaha INR 10,000 lao GST office mein warna application cancel",Bad,1500
"Gave INR 18,000 at Social welfare office because I cannot keep taking leaves from work",Bad,800
Demanded INR 800 at Education department before even looking at my documents,Bad,500
The senior officer at Labour department asked unnecessary repeated questions but finally processed,Neutral,3000
"GST office: proper receipts, proper process, no cash demands whatsoever",Good,0
"File stuck at Collectorate for over a month, duty officer gives a new excuse every visit",Bad,0
"Revenue office madhye khup chan officer hota, paisa magitla nahi 🙏",Good,0
"Paid INR 2,500 and finally left Health department — disgusted and angry about this whole thing",Bad,10000
"Paid INR 12,000 at Police station under direct threat, will file RTI complaint now",Bad,30000
"Surprisingly smooth experience at Education department, senior officer was very professional",Good,0
"staff member ne seedha INR 50,000 magitla Municipal office madhye, nahi tar reject asa sangitla",Bad,1200
The staff member at Health department guided me through every step without expecting anything,Good,0
"What else could I do — paid INR 15,000 at BBMP and tried to move on 😞",Bad,50000
Work got done at Fire NOC office eventually but took way longer than needed,Neutral,2500
"Income tax office desk officer straight ah pannichitaanga, extra paisa illai bilkul",Good,0
Police station staff didn't demand anything but their attitude was indifferent,Neutral,0
head clerk ne seedha kaha INR 800 lao Drug control department mein warna application cancel,Bad,1200
"senior officer nodi nakkidhu Land registration nalli, yenu kela maadlilla — satisfied",Good,0
staff member at Municipal office referred me to senior for a completely simple request — stalling,Bad,0
"Directly cash kettaanganu Taluk office la, INR 1,500 kuduthen",Bad,10000
"Trade licence office nalli kaaj aagolla, yaako delay anthaare explain maadalla officer",Bad,0
The desk officer at Fire NOC office was slow but at least no bribe was demanded,Neutral,0
"Paid INR 18,000 at BESCOM under direct threat, will file RTI complaint now",Bad,1500
"Dabaav mein diya INR 3,000 Ration PDS office mein, duty officer bilkul nahi dara",Bad,8000
"Maine khud INR 2,500 diye Building permit office mein kyunki kaam hone wala nahi tha",Bad,500
"section officer theek tha Panchayat office mein, na helpful na obstructive",Neutral,0
Genuinely impressed by how Income tax office inspector handled my documents honestly,Good,0
"Cash demand ki clerk ne Building permit office mein — INR 4,000 le liya bina receipt ke",Bad,35000
"Got my document from Water board without any agent or bribe, proud moment",Good,0
"Bribe of INR 1,000 demanded at Trade licence office openly in cash, no receipt was given",Bad,3000
"Paid INR 1,000 at Collectorate voluntarily because nothing was going to move otherwise",Bad,2500
"officer at Passport office said bring INR 1,500 tomorrow or forget the entire application",Bad,12000
"Forced ah INR 50,000 vanginaanga Taluk office la, complaint panren definitely 😡",Bad,3000
"Surprisingly smooth experience at Trade licence office, desk officer was very professional",Good,0
"Paid INR 1,000 and work done in 10 minutes at Revenue office — that says everything",Bad,2000
"Gave INR 18,000 on my own at Education department after months of completely deliberate delay",Bad,2000
"Forced ah INR 12,000 vanginaanga Municipal office la, complaint panren definitely 😡",Bad,1200
"INR 1,500 voluntarily kotte Land registration nalli, ashtu kashta padrodu beda anthu 😞",Bad,2500
"INR 2,500 swayamga ichhanu Fire NOC office lo, system ila undi 😞",Bad,40000
Genuinely impressed by how Building permit office senior officer handled my documents honestly,Good,0
"Paid INR 12,000 and work done in 10 minutes at Police station — that says everything",Bad,7000
"officer ne Income tax office mein bina kuch liye kaam kar diya, yaar yeh rare hai",Good,0
"Told me flat out at Employment exchange — pay INR 2,000 or get out of this office now",Bad,800
"inspector cash INR 1,000 thagolli anthu GST office nalli, bayam haakidru",Bad,2000
"INR 4,000 ichhaanu Taluk office lo, lekapote pani avvaadu ani telisindi",Bad,4000
"File stuck at Panchayat office for over a month, staff member gives a new excuse every visit",Bad,0
"head clerk theek hota Passport office madhye, na helpful na obstructive",Neutral,0
"Bribe of INR 40,000 demanded at Social welfare office openly in cash, no receipt was given",Bad,8000
The officer at Labour department made excuses about missing signatures every visit,Bad,0
"officer cash INR 20,000 thagolli anthu Taluk office nalli, bayam haakidru",Bad,8000
"INR 10,000 ichhaanu Taluk office lo, lekapote pani avvaadu ani telisindi",Bad,500
"clerk nodi nakkidhu Ration PDS office nalli, yenu kela maadlilla — satisfied",Good,0
The senior officer at Municipal office was okay — not rude but not helpful either,Neutral,0
Average officer,Neutral,1200
The senior officer at Trade licence office handled my case after I followed up five times,Neutral,1500
"duty officer straight aagi maadidru, extra paisa expect maadlilla bilkul",Good,0
Rare clean governance — Taluk office inspector did the work on time 🙏,Good,0
"Employment exchange officer tumba honest, ek rupee expect maadlilla",Good,0
"INR 5,000 dile swatahun Trade licence office madhye, nahi tar pani jhaala nasata",Bad,3000
"Paid INR 40,000 at Municipal office voluntarily because nothing was going to move otherwise",Bad,8000
"Forced ga INR 3,000 teesukunnaru Police station lo, complaint chestanu 😡",Bad,800
"Kaam jaldi hua Forest department mein, clerk helpful tha aur honest bhi",Good,0
"Baar baar ya uthya ya officer bol raha Trade licence office madhye, thaklo ahe 😤",Bad,0
"head clerk at BESCOM pointed at the drawer — I placed INR 8,000 inside",Bad,500
Polite staff,Good,0
The duty officer at Health department asked unnecessary repeated questions but finally processed,Neutral,0
"What else could I do — paid INR 2,000 at BESCOM and tried to move on 😞",Bad,3000
"clerk ne seedha INR 15,000 magitla Trade licence office madhye, nahi tar reject asa sangitla",Bad,50000
"Forest department senior officer did not delay even once, what a refreshing experience",Good,0
"Gave INR 50,000 on my own at Collectorate after months of completely deliberate delay",Bad,500
"Was told to pay INR 8,000 at GST office or my application would be rejected",Bad,1000
"Was told to pay INR 25,000 at Panchayat office or my application would be rejected",Bad,45000
desk officer at Panchayat office was bold enough to demand INR 800 with cameras watching,Bad,2500
"Had no option but to pay INR 5,000 at RTO — duty officer made that very clear",Bad,2000
"Velai nadakkalai Health department la, enna reason nu sollavillai duty officer 😤",Bad,0
The desk officer at Social welfare office turned away my agent and helped me directly instead,Good,0
"Paid INR 12,000 and finally left Police station — disgusted and angry about this whole thing",Bad,500
staff member at Passport office said INR 500 is the processing charge — it is not official,Bad,10000
staff member at RTO kept giving hints about facilitation but never said directly,Bad,0
"Forced ah INR 6,000 vanginaanga RTO la, complaint panren definitely 😡",Bad,20000
"Paid INR 12,000 at Taluk office under force, filing a complaint with vigilance now",Bad,6000
"Seedha bola Taluk office mein INR 8,000 do ya ghar jao — itna bold tha head clerk",Bad,12000
Pehli baar sarkari kaam bina bribe ke hua Water board mein,Good,0
"Naachaar ah INR 8,000 kuduthen Labour department la, veru vazhi illai",Bad,500
Revenue office ke inspector ne broker ko bhaga diya aur khud help ki — respect 🙏,Good,0
The inspector at Water board handled my case after I followed up five times,Neutral,3000
"Forced ga INR 2,000 teesukunnaru Water board lo, complaint chestanu 😡",Bad,1000
"officer direct ga INR 10,000 adige Income tax office lo, lekapote reject antaadu",Bad,2500
"Chakkar kaata raha hoon Panchayat office ka, thak gaya yaar bilkul",Bad,0
"Dhamki deta INR 2,000 ghetla Taluk office madhye, chukeeche ahe",Bad,1200
"INR 6,000 swayamga ichhanu Health department lo, system ila undi 😞",Bad,2500
Bakwaas 😡,Bad,0
"Maine khud INR 8,000 diye Labour department mein kyunki kaam hone wala nahi tha",Bad,800
Seedha nahi bola Water board mein lekin feel hua clerk kuch expect kar raha tha,Bad,0
"Cash demand of INR 20,000 made openly at Education department in front of other people",Bad,2500
senior officer ne Income tax office mein sab sahi se kiya bina ek rupaya liye,Good,0
"Naa documents BESCOM lo bega process ayyayi, officer helpful ga unnaaru",Good,0
"INR 3,000 ki demand khullam khulla Building permit office mein, koi sharam nahi 😡",Bad,20000
"Straight aagi heltidru INR 25,000 kodo Water board nalli, illadre file close aagthade",Bad,800
"Land registration nalli kaaj aagolla, yaako delay anthaare explain maadalla supervisor",Bad,0
"Surprisingly smooth experience at Education department, desk officer was very professional",Good,0
"INR 18,000 swayamaa kuduthen Ration PDS office la, system ippadi taan irukku 😞",Bad,800
"Pehilya visit la kaam zaala BBMP madhye, officer decent hota",Good,0
"Forced payment INR 6,000 Health department madhye, officer la kaahi bhiti nahi 😡",Bad,2500
The duty officer at Revenue office helped me fix the rejection reason and resubmit for free,Good,0
"Files cleared in two days at Income tax office, officer was genuinely helpful",Good,0
"Demanded INR 40,000 at Passport office before even looking at my documents",Bad,1200
"Demanded INR 15,000 at Income tax office before even looking at my documents",Bad,800
"Paid INR 4,000 and my file was immediately processed at Land registration — obvious corruption",Bad,500
Seedha nahi bola Water board mein lekin feel hua senior officer kuch expect kar raha tha,Bad,0
"INR 1,500 ichhaanu BBMP lo, lekapote pani avvaadu ani telisindi",Bad,45000
"Gave INR 10,000 at Collectorate after duty officer rejected my correct documents twice",Bad,500
"inspector directly INR 15,000 kela maade GST office nalli, illadre reject anthu",Bad,2000
"GST office mein bahut achha inspector tha, koi bhi demand nahi ki bilkul",Good,0
"Straight aagi heltidru INR 3,000 kodo Building permit office nalli, illadre file close aagthade",Bad,8000
"clerk ishara dila Drug control department madhye, seedha nahi bolta — kalay mala",Bad,0
"desk officer at Drug control department said INR 1,200 is the processing charge — it is not official",Bad,1200
"Was told to pay INR 40,000 at Police station or my application would be rejected",Bad,800
"inspector directly INR 10,000 kela maade RTO nalli, illadre reject anthu",Bad,5000
"Gave INR 25,000 at Health department after clerk rejected my correct documents twice",Bad,25000
"Okay experience at Building permit office, senior officer was busy and barely acknowledged me",Neutral,0
"section officer ne BBMP madhye broker la door kela, swatah help kela — respect",Good,0
clerk at Municipal office declined when I tried to offer extra money — respected that 🙏,Good,0
"duty officer at Land registration said pay INR 1,000 or come back in six months",Bad,3000
"INR 15,000 demanded before stamp at BESCOM — this is not how it should work",Bad,5000
"Forced aagi INR 4,000 thogolidru Passport office nalli, complaint kodthini 😡",Bad,10000
"officer directly INR 5,000 kela maade Taluk office nalli, illadre reject anthu",Bad,1200
"Paid INR 25,000 and finally left GST office — disgusted and angry about this whole thing",Bad,3000
"Land registration nalli documents bega process aadvu, senior officer cooperative aagidru",Good,0
"Naachaar ah INR 50,000 kuduthen Employment exchange la, veru vazhi illai",Bad,1000
"The staff member at Labour department demanded INR 1,200 openly with absolutely zero shame",Bad,8000
"head clerk busy tha Police station mein, dhyan nahi diya, fir bhi kaam nikla",Neutral,3000
"INR 40,000 dile swatahun Water board madhye, nahi tar pani jhaala nasata",Bad,50000
"Dabaav mein diya INR 1,000 Employment exchange mein, clerk bilkul nahi dara",Bad,1500
"senior officer directly INR 800 kela maade GST office nalli, illadre reject anthu",Bad,30000
Rare clean governance — Ration PDS office section officer did the work on time 🙏,Good,0
"The staff member at Fire NOC office used a middleman to collect INR 1,200 from me",Bad,40000
"Okay experience at Health department, duty officer was busy and barely acknowledged me",Neutral,0
"Kya karein, INR 20,000 de ke nipta liya Fire NOC office mein 😞",Bad,500
BESCOM is a black hole for applications — supervisor doesn't even make eye contact,Bad,0
"Honest clerk at Panchayat office, I was ready to bribe but never needed to",Good,0
The clerk at Education department guided me through every step without expecting anything,Good,0
"Okay experience at Building permit office, clerk was busy and barely acknowledged me",Neutral,0
"Seedha bola Trade licence office mein INR 40,000 do ya ghar jao — itna bold tha staff member",Bad,3000
"Bega aaytu Passport office nalli, yenu hassle illa, duty officer decent aagidru",Good,0
The staff member at Revenue office turned away my agent and helped me directly instead,Good,0
"Naachaar ah INR 8,000 kuduthen Taluk office la, veru vazhi illai",Bad,5000
inspector at Passport office declined when I tried to offer extra money — respected that 🙏,Good,0
The desk officer at Municipal office was slow but at least no bribe was demanded,Neutral,0
"What else could I do — paid INR 3,000 at Fire NOC office and tried to move on 😞",Bad,8000
"duty officer hint ichhaaru Forest department lo, direct ga cheppaledu — artham ayyindi",Bad,0
"senior officer at Police station said bring INR 4,000 tomorrow or forget the entire application",Bad,2000
"supervisor seedha INR 50,000 kettikaattu Building permit office la, illati reject pannuven nu sonnaar",Bad,6000
"Sad but pay maade INR 18,000 Labour department nalli, system heege ide 😞",Bad,8000
"desk officer nodi nakkidhu Ration PDS office nalli, yenu kela maadlilla — satisfied",Good,0
"Told me flat out at Trade licence office — pay INR 4,000 or get out of this office now",Bad,5000
"INR 2,000 ichhaanu Fire NOC office lo, lekapote pani avvaadu ani telisindi",Bad,28000
"INR 40,000 extorted at BESCOM in the name of processing fees — shameless 😡",Bad,4000
"The duty officer at Forest department used a middleman to collect INR 1,000 from me",Bad,45000
"Average experience at Land registration, duty officer processed my file eventually",Neutral,2000
"Everything was transparent at Building permit office, section officer did not delay my file at all",Good,0
Paisa kodo illadidre docs lost aagthave anthu duty officer direct aagi heltidru Labour department nalli,Bad,2500
"Bribe of INR 3,000 demanded at Employment exchange openly in cash, no receipt was given",Bad,5000
The duty officer at Building permit office handled everything without asking for a single rupee,Good,0
"inspector ne seedha INR 25,000 magitla Education department madhye, nahi tar reject asa sangitla",Bad,18000
desk officer ne Water board mein file rook ke rakhi jab tak INR 800 nahi diye,Bad,3000
"staff member direct ga INR 12,000 adige Panchayat office lo, lekapote reject antaadu",Bad,40000
senior officer at Land registration said bring INR 800 tomorrow or forget the entire application,Bad,8000
"Dhamki deta INR 1,200 ghetla Education department madhye, chukeeche ahe",Bad,2500
"The duty officer kept my file hostage until I paid INR 50,000 at Fire NOC office",Bad,500
"Straight aagi heltidru INR 20,000 kodo Water board nalli, illadre file close aagthade",Bad,12000
"Building permit office lo chaala mandi section officer, paniki vachaaru, paisa adagaledu 🙏",Good,0
"INR 3,000 diye RTO mein apni marzi se, warna aur mahine nikal jaate",Bad,10000
"desk officer direct ga INR 30,000 adige Building permit office lo, lekapote reject antaadu",Bad,20000
"officer busy tha Police station mein, dhyan nahi diya, fir bhi kaam nikla",Neutral,0
"Had no option but to pay INR 40,000 at BBMP — officer made that very clear",Bad,6000
"Gave INR 4,000 on my own at Ration PDS office after months of completely deliberate delay",Bad,2500
"Forced to pay INR 25,000 at Collectorate, section officer had no fear of CCTV at all",Bad,2000
"Velai nadakkalai Passport office la, enna reason nu sollavillai section officer 😤",Bad,0
"Directly cash kettaanganu Employment exchange la, INR 15,000 kuduthen",Bad,7000
Useless,Bad,0
"staff member okay ah irundhaaru Revenue office la, romba helpful illai but",Neutral,800
"Straight aagi heltidru INR 3,000 kodo RTO nalli, illadre file close aagthade",Bad,28000
The inspector at RTO was approachable and finished my work without any hint,Good,0
"Building permit office la velai achu aana romba time eduthuchu, kaaran sollala duty officer",Neutral,1500
Had no option but to pay INR 500 at Fire NOC office — senior officer made that very clear,Bad,6000
"Khullam khulla INR 1,000 manga Education department mein, koi dar nahi tha officer ko",Bad,50000
"officer at Building permit office said pay INR 30,000 or come back in six months",Bad,10000
"Shukriya Trade licence office ke supervisor ko, ek rupaya bhi nahi manga",Good,0
Genuinely impressed by how Forest department inspector handled my documents honestly,Good,0
"Cash demand of INR 6,000 made openly at Panchayat office in front of other people",Bad,45000
"Forced aagi INR 5,000 thogolidru BBMP nalli, complaint kodthini 😡",Bad,1200
"Average experience at Building permit office, officer processed my file eventually",Neutral,0
"Dabaav mein diya INR 3,000 Land registration mein, inspector bilkul nahi dara",Bad,12000
"clerk theek hota Panchayat office madhye, na helpful na obstructive",Neutral,2500
"head clerk at BBMP threatened to cancel my file unless I paid INR 6,000 immediately",Bad,800
"Demanded INR 50,000 at Labour department before even looking at my documents",Bad,45000
"Forced ah INR 40,000 vanginaanga Forest department la, complaint panren definitely 😡",Bad,6000
"clerk at RTO said pay INR 12,000 or come back in six months",Bad,500
The section officer at Panchayat office made excuses about missing signatures every visit,Bad,0
"Demanded INR 2,500 at Employment exchange before even looking at my documents",Bad,1200
"head clerk okay ah irundhaaru Building permit office la, romba helpful illai but",Neutral,2500
"Hint artham chesukoni INR 1,200 ichhanu Revenue office lo, pani ayyindi",Bad,5000
The clerk at Police station handled everything without asking for a single rupee,Good,0
"Seedha bola Collectorate mein INR 50,000 do ya ghar jao — itna bold tha supervisor",Bad,3000
"Average experience at Land registration, staff member processed my file eventually",Neutral,0
"clerk nodi nakkidhu Building permit office nalli, yenu kela maadlilla — satisfied",Good,0
"Paid INR 6,000 and work done in 10 minutes at Income tax office — that says everything",Bad,50000
The supervisor at BBMP guided me through every step without expecting anything,Good,0
The head clerk at Education department was slow but at least no bribe was demanded,Neutral,0
"Hint artham chesukoni INR 40,000 ichhanu RTO lo, pani ayyindi",Bad,5000
"section officer okay ga unnaru BBMP lo, helpful kaadu but",Neutral,0
"head clerk at Ration PDS office said bring INR 4,000 tomorrow or forget the entire application",Bad,8000
"Told me flat out at Municipal office — pay INR 50,000 or get out of this office now",Bad,3000
"Itna clean kaam hua Collectorate mein, honestly shocked tha main",Good,0
"staff member direct ga INR 25,000 adige Water board lo, lekapote reject antaadu",Bad,2000
"Dabaav mein diya INR 20,000 Ration PDS office mein, inspector bilkul nahi dara",Bad,10000
"Kaam jaldi hua Forest department mein, duty officer helpful tha aur honest bhi",Good,0
"duty officer at Passport office threatened to cancel my file unless I paid INR 1,200 immediately",Bad,35000
officer at Trade licence office said bring all originals again — they already have them,Bad,0
BBMP is a black hole for applications — senior officer doesn't even make eye contact,Bad,0
The inspector at Municipal office was okay — not rude but not helpful either,Neutral,0
"Work aaytu Water board nalli bega bega, supervisor tumba helpful aagidru",Good,0
Land registration is a black hole for applications — officer doesn't even make eye contact,Bad,0
"senior officer screamed at me when I refused, then demanded INR 500 again loudly",Bad,2500
"Okay experience at Municipal office, duty officer was busy and barely acknowledged me",Neutral,0
"Forced ga INR 30,000 teesukunnaru Passport office lo, complaint chestanu 😡",Bad,2500
"head clerk hint kuduttaaru BBMP la, direct ah sollavillai — purinjuchu",Bad,0
Visited BBMP — clerk was honest and work was done quickly,Good,0
"The senior officer at Labour department used a middleman to collect INR 2,500 from me",Bad,1200
"Hint artham chesukoni INR 500 ichhanu Passport office lo, pani ayyindi",Bad,35000
"3 hafte ho gaye Employment exchange mein, koi bhi file nahi pakad raha",Bad,0
"Directly cash kettaanganu BBMP la, INR 12,000 kuduthen",Bad,25000
Education department experience was average — officer did the job but nothing more,Neutral,0
"Trade licence office mein bahut achha clerk tha, koi bhi demand nahi ki bilkul",Good,0
"Gave INR 1,200 because the waiting game at Panchayat office was clearly never ending",Bad,2500
"Collectorate la romba nalla senior officer irundhaaru, paisa kettaangale illai 🙏",Good,0
"Mediocre service at BESCOM, duty officer was indifferent throughout",Neutral,1500
The head clerk at Social welfare office was approachable and finished my work without any hint,Good,0
"3 sartha bandidine Education department ge, yenu progress illa at all 😡",Bad,0
"Average service at RTO, staff member was neither corrupt nor efficient",Neutral,3000
The section officer at Taluk office demanded INR 800 openly with absolutely zero shame,Bad,800
"Dhamki deke INR 50,000 le liya RTO mein, yeh sahi nahi hai 😡",Bad,1200
No shortcuts no bribes — BBMP completed my work the right way,Good,0
No bribe ever,Good,0
"duty officer at Fire NOC office said INR 2,500 is the processing charge — it is not official",Bad,1500
"Forced aagi INR 50,000 thogolidru Health department nalli, complaint kodthini 😡",Bad,35000
Genuinely impressed by how Labour department desk officer handled my documents honestly,Good,0
"Baar baar ya uthya ya desk officer bol raha Police station madhye, thaklo ahe 😤",Bad,0
"Gave INR 20,000 at Income tax office because I cannot keep taking leaves from work",Bad,8000
"Khullam khulla INR 800 manga Ration PDS office mein, koi dar nahi tha clerk ko",Bad,40000
clerk at Ration PDS office went completely silent when I asked about my file status,Bad,0
"INR 500 swayamga ichhanu Collectorate lo, system ila undi 😞",Bad,30000
File move aaytu Health department nalli aadre 4 sartha follow up maadbekaaythu,Neutral,1200
"File yellide gottagalla Employment exchange nalli, duty officer naale baa anthaare 😤",Bad,0
"desk officer direct ga INR 4,000 adige Building permit office lo, lekapote reject antaadu",Bad,2500
"Naane kodthe INR 20,000 Building permit office nalli, kela maadlilla andre file move aagilla",Bad,800
Rare honest officer mila Panchayat office mein — salute karta hoon 🫡,Good,0
"Dabaav mein diya INR 2,000 GST office mein, duty officer bilkul nahi dara",Bad,15000
"Seedha bola Income tax office mein INR 4,000 do ya ghar jao — itna bold tha head clerk",Bad,500
"BBMP supervisor broker ni door chesaaru, swayamga help chesaaru 🙏",Good,0
"Cash demand ki staff member ne GST office mein — INR 6,000 le liya bina receipt ke",Bad,18000
The head clerk at Education department guided me through every step without expecting anything,Good,0
"Was told to pay INR 2,000 at BESCOM or my application would be rejected",Bad,2500
The clerk processed my application but seemed completely least interested,Neutral,0
The officer at Income tax office handled my case after I followed up five times,Neutral,1500
The section officer at BESCOM asked unnecessary repeated questions but finally processed,Neutral,0
"Files cleared in two days at BESCOM, clerk was genuinely helpful",Good,0
"Work aaytu BESCOM nalli bega bega, supervisor tumba helpful aagidru",Good,0
"duty officer Building permit office mein baar baar kal aao bol raha hai, kaam nahi ho raha 😤",Bad,0
"Paid INR 2,500 and my file was immediately processed at Police station — obvious corruption",Bad,40000
"Naale baa anthaare Police station nalli, but kaam aaythu eventually",Neutral,0
head clerk at Health department said technical issue every visit — same excuse for 2 months,Bad,0
Broker kitta poi paaru nu clerk sonna maari irukku Drug control department la,Bad,0
"Dhamki deta INR 5,000 ghetla GST office madhye, chukeeche ahe",Bad,1200
"Got my document from Police station without any agent or bribe, proud moment",Good,0
"File halavli nahi Taluk office madhye, clerk kaaran nahi saangitla — frustrated",Bad,0
"Hint nodi naane pay maade INR 10,000 Forest department ge, baere option irliilla",Bad,20000
"Hint artham chesukoni INR 6,000 ichhanu Revenue office lo, pani ayyindi",Bad,500
"Hint artham chesukoni INR 3,000 ichhanu Employment exchange lo, pani ayyindi",Bad,15000
"Forced aagi INR 4,000 thogolidru Drug control department nalli, complaint kodthini 😡",Bad,3000
The section officer at BBMP asked unnecessary repeated questions but finally processed,Neutral,0
"Shukriya GST office ke duty officer ko, ek rupaya bhi nahi manga",Good,0
"The desk officer was punctual, polite, and handled my case without any drama",Good,0
"Mediocre service at RTO, duty officer was indifferent throughout",Neutral,0
"Land registration ke officer ne honestly explain kiya sab kuch, impressed hua",Good,0
Honest officer met today,Good,0
"section officer ne GST office madhye neet explain kela, paisa nahi magitla",Good,0
Seedha nahi bola Income tax office mein lekin feel hua senior officer kuch expect kar raha tha,Bad,0
"Paid INR 30,000 at Municipal office under direct threat, will file RTI complaint now",Bad,45000
"desk officer Taluk office mein baar baar kal aao bol raha hai, kaam nahi ho raha 😤",Bad,0
"inspector hint ichhaaru Trade licence office lo, direct ga cheppaledu — artham ayyindi",Bad,0
"head clerk ne seedha INR 800 magitla Collectorate madhye, nahi tar reject asa sangitla",Bad,12000
"Kotte INR 2,000 Panchayat office nalli, illadidre naann kaaj aage irthirlilla",Bad,1000
The head clerk at Municipal office was slow but at least no bribe was demanded,Neutral,0
"Cash demand ki senior officer ne Education department mein — INR 2,500 le liya bina receipt ke",Bad,20000
"Honest head clerk at Revenue office, I was ready to bribe but never needed to",Good,0
No bribe was asked at Labour department but the delay did feel deliberate,Neutral,0
"Education department mein file kaafi dino se atak gayi, supervisor koi reason nahi bata raha",Bad,0
"head clerk cash INR 1,000 thagolli anthu Passport office nalli, bayam haakidru",Bad,30000
"Paid INR 20,000 at Water board under force, filing a complaint with vigilance now",Bad,3000
Income tax office lo pani ayyindi kaani chaala time pattindi unnecessarily,Neutral,0
"Directly cash kettaanganu GST office la, INR 15,000 kuduthen",Bad,2000
"Dhamki deke INR 10,000 le liya BESCOM mein, yeh sahi nahi hai 😡",Bad,12000
"head clerk at BBMP said INR 40,000 is the processing charge — it is not official",Bad,50000
Education department staff member keeps saying come back tomorrow — classic delay tactic,Bad,0
"Khullam khulla INR 25,000 manga Land registration mein, koi dar nahi tha head clerk ko",Bad,12000
Had to visit Building permit office three times for something that should take one visit,Neutral,1500
"INR 1,500 diye Police station mein apni marzi se, warna aur mahine nikal jaate",Bad,4000
BESCOM is a black hole for applications — section officer doesn't even make eye contact,Bad,0
"What else could I do — paid INR 1,000 at Panchayat office and tried to move on 😞",Bad,2000
Seedha nahi bola Forest department mein lekin feel hua duty officer kuch expect kar raha tha,Bad,0
"Khullam khulla INR 30,000 manga GST office mein, koi dar nahi tha section officer ko",Bad,20000
"Gave INR 3,000 at RTO because I cannot keep taking leaves from work",Bad,40000
"officer ne seedha kaha INR 5,000 lao Education department mein warna application cancel",Bad,1000
"INR 1,000 kela maadidru openly RTO nalli, yenu lajja illa avrige",Bad,1000
"Bold aagi cash demand maadidru BBMP nalli, camera irthittu kuda",Bad,6000
"Forced aagi INR 3,000 thogolidru Social welfare office nalli, complaint kodthini 😡",Bad,3000
"Documents jaldi process hue Employment exchange mein, bahut khush hoon",Good,0
"Ek rupaya nahi dena tha par INR 6,000 Health department mein dena pad gaya finally",Bad,4000
"Hint purinjuchu, INR 12,000 kuduthen Fire NOC office la, velai seekirama achu",Bad,4000
"clerk direct ga INR 3,000 adige Social welfare office lo, lekapote reject antaadu",Bad,35000
"Social welfare office ke bahar dalal khade hain, officer ne hi bheja lagta hai",Bad,0
Paisa kodo illadidre docs lost aagthave anthu officer direct aagi heltidru Fire NOC office nalli,Bad,800
Satisfied,Good,0
Left Police station with a genuine smile — best government employee I have met,Good,0
"inspector directly INR 5,000 kela maade Ration PDS office nalli, illadre reject anthu",Bad,1000
inspector at Employment exchange said pay INR 800 or come back in six months,Bad,28000
"Seedha bola Trade licence office mein INR 15,000 do ya ghar jao — itna bold tha officer",Bad,8000
"Social welfare office madhye khup chan clerk hota, paisa magitla nahi 🙏",Good,0
The section officer at Collectorate made excuses about missing signatures every visit,Bad,0
"Forced to pay INR 25,000 at Education department, head clerk had no fear of CCTV at all",Bad,18000
"No extra money was asked at Building permit office, work done properly and on time",Good,0
"Straight aagi heltidru INR 2,500 kodo Passport office nalli, illadre file close aagthade",Bad,2000
"Average service at Education department, supervisor was neither corrupt nor efficient",Neutral,0
Rare clean governance — Ration PDS office clerk did the work on time 🙏,Good,0
Got the work done at Building permit office only after escalating to the senior officer,Neutral,800
"Forced ah INR 8,000 vanginaanga Municipal office la, complaint panren definitely 😡",Bad,2000
senior officer at Ration PDS office was polite but the process was slow and confusing,Neutral,800
"Work aaytu Trade licence office nalli bega bega, clerk tumba helpful aagidru",Good,0
"Hint artham chesukoni INR 25,000 ichhanu Social welfare office lo, pani ayyindi",Bad,18000
"Ration PDS office head clerk broker ni door chesaaru, swayamga help chesaaru 🙏",Good,0
"Dhamki deta INR 20,000 ghetla Employment exchange madhye, chukeeche ahe",Bad,7000
"clerk theek tha RTO mein, na helpful na obstructive",Neutral,1200
"Dila INR 10,000 Municipal office madhye khud, duty officer ne ishaara kela hota",Bad,30000
"desk officer at Building permit office said bring INR 1,000 tomorrow or forget the entire application",Bad,2500
"Paid INR 3,000 at Water board voluntarily because nothing was going to move otherwise",Bad,50000
"INR 5,000 extorted at Water board in the name of processing fees — shameless 😡",Bad,28000
"clerk ishara dila BESCOM madhye, seedha nahi bolta — kalay mala",Bad,0
desk officer ne Police station mein sab sahi se kiya bina ek rupaya liye,Good,0
Got my documents processed at Trade licence office with no bribe and no drama,Good,0
"duty officer at Social welfare office said pay INR 1,500 or come back in six months",Bad,45000
BBMP ke senior officer ne broker ko bhaga diya aur khud help ki — respect 🙏,Good,0
Revenue office is a black hole for applications — head clerk doesn't even make eye contact,Bad,0
"The staff member at Drug control department demanded INR 18,000 openly with absolutely zero shame",Bad,8000
"duty officer ne seedha kaha INR 30,000 lao Education department mein warna application cancel",Bad,10000
"Bribe of INR 1,000 demanded at Forest department openly in cash, no receipt was given",Bad,1500
"Taluk office nalli sakkath clean experience, officer honest aagidru",Good,0
staff member at Building permit office said pay INR 800 or come back in six months,Bad,500
The duty officer at RTO handled everything without asking for a single rupee,Good,0
"officer ne Taluk office mein file rook ke rakhi jab tak INR 10,000 nahi diye",Bad,10000
"section officer okay aagidru Health department nalli, aadre helpful alla bilkul",Neutral,0
"Ration PDS office mein file kaafi dino se atak gayi, clerk koi reason nahi bata raha",Bad,0
"INR 20,000 extorted at Collectorate in the name of processing fees — shameless 😡",Bad,2000
"Straight aagi heltidru INR 12,000 kodo Drug control department nalli, illadre file close aagthade",Bad,1200
Demanded INR 500 at BESCOM before even looking at my documents,Bad,500
"officer screamed at me when I refused, then demanded INR 15,000 again loudly",Bad,5000
"The clerk at Forest department demanded INR 2,000 openly with absolutely zero shame",Bad,10000
"supervisor at Collectorate threatened to cancel my file unless I paid INR 3,000 immediately",Bad,18000
"duty officer Labour department mein baar baar kal aao bol raha hai, kaam nahi ho raha 😤",Bad,0
"duty officer at BBMP threatened to cancel my file unless I paid INR 18,000 immediately",Bad,7000
officer at Ration PDS office was polite but the process was slow and confusing,Neutral,0
"supervisor direct ga INR 18,000 adige Collectorate lo, lekapote reject antaadu",Bad,500
"Labour department madhye khup chan section officer hota, paisa magitla nahi 🙏",Good,0
Manageable,Neutral,0
desk officer at Labour department said bring all originals again — they already have them,Bad,0
"INR 6,000 demanded before stamp at Income tax office — this is not how it should work",Bad,800
"Files cleared in two days at Passport office, section officer was genuinely helpful",Good,0
"What else could I do — paid INR 5,000 at Employment exchange and tried to move on 😞",Bad,2500
"Broker illama velai achu RTO la, inspector honest ah irundhaaru",Good,0
"clerk screamed at me when I refused, then demanded INR 25,000 again loudly",Bad,6000
The inspector at BESCOM was slow but at least no bribe was demanded,Neutral,0
"Paid INR 3,000 at Ration PDS office under force, filing a complaint with vigilance now",Bad,30000
"INR 2,500 kuduthen Municipal office la, illati velai aagaathu nu therinjuchu",Bad,800
The desk officer at RTO was approachable and finished my work without any hint,Good,0
"Gave INR 25,000 at Health department after head clerk rejected my correct documents twice",Bad,2000
"Naachaar ah INR 6,000 kuduthen BBMP la, veru vazhi illai",Bad,50000
"INR 1,500 ki demand khullam khulla Panchayat office mein, koi sharam nahi 😡",Bad,40000
Clearly expecting something at Revenue office but not saying it directly 😤,Bad,0
"INR 1,000 extorted at Fire NOC office in the name of processing fees — shameless 😡",Bad,800
"File yellide gottagalla GST office nalli, inspector naale baa anthaare 😤",Bad,0
"Gave INR 1,200 at Revenue office because I cannot keep taking leaves from work",Bad,1200
The section officer at RTO was approachable and finished my work without any hint,Good,0
"Trade licence office nalli kaaj aagolla, yaako delay anthaare explain maadalla staff member",Bad,0
"Surprisingly smooth experience at Education department, inspector was very professional",Good,0
"clerk ne seedha INR 25,000 magitla Drug control department madhye, nahi tar reject asa sangitla",Bad,3000
"officer cash INR 5,000 thagolli anthu Trade licence office nalli, bayam haakidru",Bad,1500
Bega aaytu ✅,Good,0
The staff member at Building permit office handled everything without asking for a single rupee,Good,0
"Bribe of INR 500 demanded at Taluk office openly in cash, no receipt was given",Bad,12000
"Told me flat out at Education department — pay INR 6,000 or get out of this office now",Bad,500
The senior officer at Panchayat office asked unnecessary repeated questions but finally processed,Neutral,0
"Paid INR 25,000 at BBMP voluntarily because nothing was going to move otherwise",Bad,500
"Kaam jaldi hua Panchayat office mein, duty officer helpful tha aur honest bhi",Good,0
"Average service at Income tax office, supervisor was neither corrupt nor efficient",Neutral,500
"Kotte INR 5,000 Social welfare office nalli, illadidre naann kaaj aage irthirlilla",Bad,25000
"Honest staff member at Labour department, I was ready to bribe but never needed to",Good,0
Experience at Ration PDS office was tolerable but could have been so much better,Neutral,1200
"Had no option but to pay INR 40,000 at Labour department — inspector made that very clear",Bad,20000
"INR 3,000 kela maadidru openly Income tax office nalli, yenu lajja illa avrige",Bad,6000
"RTO nalli documents bega process aadvu, desk officer cooperative aagidru",Good,0
"officer BESCOM mein baar baar kal aao bol raha hai, kaam nahi ho raha 😤",Bad,0
"Mediocre service at Education department, duty officer was indifferent throughout",Neutral,0
The duty officer at GST office helped me fix the rejection reason and resubmit for free,Good,0
"supervisor ne Education department mein file rook ke rakhi jab tak INR 6,000 nahi diye",Bad,5000
"Naane kodthe INR 2,000 GST office nalli, kela maadlilla andre file move aagilla",Bad,2000
"Forced ah INR 1,000 vanginaanga Building permit office la, complaint panren definitely 😡",Bad,2000
"Maine khud INR 18,000 diye Fire NOC office mein kyunki kaam hone wala nahi tha",Bad,8000
"The clerk at Education department demanded INR 20,000 openly with absolutely zero shame",Bad,10000
"staff member at BESCOM said bring INR 20,000 tomorrow or forget the entire application",Bad,1000
"File yellide gottagalla Building permit office nalli, senior officer naale baa anthaare 😤",Bad,0
"Smooth experience at Income tax office, really deserves recognition for honest work",Good,0
Khup chan ✅,Good,0
"3 baar aana pada Trade licence office mein, tab jaake kaam hua finally",Neutral,1200
"RTO office tumba clean, yenu corruption illa agge — respect",Good,0
"senior officer ne Drug control department madhye neet explain kela, paisa nahi magitla",Good,0
officer barely looked at me at Education department — clearly waiting for cash,Bad,0
Rare clean governance — Taluk office officer did the work on time 🙏,Good,0
"What else could I do — paid INR 50,000 at Municipal office and tried to move on 😞",Bad,3000
The section officer at Collectorate was slow but at least no bribe was demanded,Neutral,0
Collectorate experience was average — senior officer did the job but nothing more,Neutral,1500
"senior officer ne BESCOM madhye broker la door kela, swatah help kela — respect",Good,0
"Hint artham chesukoni INR 800 ichhanu GST office lo, pani ayyindi",Bad,1000
"INR 2,500 dile naachaar hoton Drug control department la, kahi paryay navhata 😞",Bad,2000
Work happened at Drug control department but very slowly and without any guidance given,Neutral,800
"staff member okay aagidru Police station nalli, aadre helpful alla bilkul",Neutral,0
"Shukriya GST office ke section officer ko, ek rupaya bhi nahi manga",Good,0
Rare honest inspector mila Fire NOC office mein — salute karta hoon 🫡,Good,0
"Dhamki deke INR 50,000 le liya Police station mein, yeh sahi nahi hai 😡",Bad,500
"INR 40,000 swayamga ichhanu Land registration lo, system ila undi 😞",Bad,12000
"Forced payment INR 6,000 Panchayat office madhye, duty officer la kaahi bhiti nahi 😡",Bad,1200
"Sad but pay maade INR 20,000 Panchayat office nalli, system heege ide 😞",Bad,4000
"Mediocre service at Building permit office, head clerk was indifferent throughout",Neutral,0
"Water board mein clean experience, desk officer ne koi paisa nahi manga",Good,0
Fire NOC office ke clerk ne broker ko bhaga diya aur khud help ki — respect 🙏,Good,0
"Municipal office ke section officer ne honestly explain kiya sab kuch, impressed hua",Good,0
"INR 1,500 swayamga ichhanu Fire NOC office lo, system ila undi 😞",Bad,2000
Nahin manga kuch par delay Panchayat office mein clearly intentional laga,Neutral,0
"Cash demand ki staff member ne Taluk office mein — INR 10,000 le liya bina receipt ke",Bad,1000
The senior officer at Water board was slow but at least no bribe was demanded,Neutral,0
clerk at Fire NOC office said INR 800 is the processing charge — it is not official,Bad,10000
"duty officer ishara dila Drug control department madhye, seedha nahi bolta — kalay mala",Bad,0
"Maine khud INR 1,200 diye Building permit office mein kyunki kaam hone wala nahi tha",Bad,1200
"Khullam khulla INR 2,500 manga GST office mein, koi dar nahi tha head clerk ko",Bad,2000
"Bilkul sahi kaam hua RTO mein, koi chakkar nahi, very happy",Good,0
"INR 40,000 voluntarily kotte Ration PDS office nalli, ashtu kashta padrodu beda anthu 😞",Bad,1200
"Panchayat office nalli system down anthaare 3 vaara aaytu, excuse maatrame",Bad,0
"Building permit office head clerk did not delay even once, what a refreshing experience",Good,0
Broker kitta poi paaru nu staff member sonna maari irukku Social welfare office la,Bad,0
"INR 2,500 swayamga ichhanu Health department lo, system ila undi 😞",Bad,2000
"INR 2,500 demanded before stamp at Collectorate — this is not how it should work",Bad,15000
"Ration PDS office mein clean experience, inspector ne koi paisa nahi manga",Good,0
"Dabaav mein diya INR 6,000 Taluk office mein, staff member bilkul nahi dara",Bad,2500
The officer at Municipal office was okay — not rude but not helpful either,Neutral,0
"Khullam khulla INR 10,000 manga Forest department mein, koi dar nahi tha head clerk ko",Bad,2500
inspector at Social welfare office said pay INR 500 or come back in six months,Bad,5000
"The head clerk at BBMP used a middleman to collect INR 10,000 from me",Bad,40000
"3 baar aana pada BBMP mein, tab jaake kaam hua finally",Neutral,0
"officer at BESCOM threatened to cancel my file unless I paid INR 6,000 immediately",Bad,20000
duty officer at Water board went completely silent when I asked about my file status,Bad,0
"head clerk at Drug control department threatened to cancel my file unless I paid INR 18,000 immediately",Bad,800
"Naachaar ah INR 500 kuduthen Income tax office la, veru vazhi illai",Bad,1000
Average at best,Neutral,0
"inspector ne Land registration madhye broker la door kela, swatah help kela — respect",Good,0
"senior officer ne Police station mein bina kuch liye kaam kar diya, yaar yeh rare hai",Good,0
"Naachaar ah INR 30,000 kuduthen Passport office la, veru vazhi illai",Bad,1200
"Dila INR 15,000 Fire NOC office madhye khud, senior officer ne ishaara kela hota",Bad,1000
Got my documents processed at Municipal office with no bribe and no drama,Good,0
"Maine khud INR 5,000 diye RTO mein kyunki kaam hone wala nahi tha",Bad,2000
Junior staff member at Building permit office told me to meet someone who can help — hint clear,Bad,0
"File yellide gottagalla Building permit office nalli, desk officer naale baa anthaare 😤",Bad,0
"staff member at Land registration said bring INR 20,000 tomorrow or forget the entire application",Bad,1000
"duty officer nodi sumnirthare Collectorate nalli, kela maadidre naale baa anthaare",Bad,0
"Mediocre service at Labour department, desk officer was indifferent throughout",Neutral,2500
"Files cleared in two days at Taluk office, officer was genuinely helpful",Good,0
"Hint artham chesukoni INR 18,000 ichhanu GST office lo, pani ayyindi",Bad,50000
"Drug control department nalli sakkath clean experience, clerk honest aagidru",Good,0
"senior officer directly INR 500 kela maade BESCOM nalli, illadre reject anthu",Bad,6000
"Romba naal aayiduchu RTO la, yaarum enna kelaikka maatengaanga",Bad,0
"Paid INR 40,000 and my file was immediately processed at Collectorate — obvious corruption",Bad,12000
"clerk ne seedha INR 500 magitla Forest department madhye, nahi tar reject asa sangitla",Bad,4000
Passport office experience was average — inspector did the job but nothing more,Neutral,1200
"Gave INR 3,000 on my own at Municipal office after months of completely deliberate delay",Bad,2000
inspector at Taluk office said bring all originals again — they already have them,Bad,0
"INR 1,000 kuduthen Passport office la, illati velai aagaathu nu therinjuchu",Bad,800
"INR 2,000 dile swatahun Drug control department madhye, nahi tar pani jhaala nasata",Bad,28000
"Naane kodthe INR 30,000 Revenue office nalli, kela maadlilla andre file move aagilla",Bad,500
Nahin manga kuch par delay Employment exchange mein clearly intentional laga,Neutral,800
"Gave INR 2,000 at Building permit office after supervisor rejected my correct documents twice",Bad,50000
"Bribe of INR 18,000 demanded at Land registration openly in cash, no receipt was given",Bad,30000
"The supervisor at Ration PDS office demanded INR 40,000 openly with absolutely zero shame",Bad,800
"INR 1,200 demanded before stamp at Collectorate — this is not how it should work",Bad,7000
"Forced ga INR 25,000 teesukunnaru Education department lo, complaint chestanu 😡",Bad,45000
"Kaam seedha ho gaya Revenue office mein, paisa nahi dena pada — bahut khush",Good,0
"3 sartha bandidini Water board ge, kaam aaythu finally — not great experience",Neutral,3000
"Forced to pay INR 18,000 at Land registration, desk officer had no fear of CCTV at all",Bad,8000
"Naanu Social welfare office ge hogi satisfied aadhe, kaam bega aaytu paisa kela maadlilla",Good,0
"Sad but pay maade INR 5,000 GST office nalli, system heege ide 😞",Bad,2500
"Dila INR 8,000 Taluk office madhye khud, supervisor ne ishaara kela hota",Bad,30000
Building permit office officer keeps saying come back tomorrow — classic delay tactic,Bad,0
"Ek rupaya nahi dena tha par INR 2,500 Passport office mein dena pad gaya finally",Bad,20000
"senior officer at Police station threatened to cancel my file unless I paid INR 25,000 immediately",Bad,3000
Social welfare office head clerk deserves appreciation — zero corruption witnessed,Good,0
"Social welfare office nalli documents bega process aadvu, head clerk cooperative aagidru",Good,0
"Kya karein, INR 40,000 de ke nipta liya Ration PDS office mein 😞",Bad,800
"INR 40,000 ichhaanu RTO lo, lekapote pani avvaadu ani telisindi",Bad,20000
The supervisor at Revenue office handled everything without asking for a single rupee,Good,0
"Khullam khulla INR 4,000 manga BBMP mein, koi dar nahi tha supervisor ko",Bad,800
"The duty officer at Revenue office demanded INR 5,000 openly with absolutely zero shame",Bad,50000
"Gave INR 1,000 at Health department because I cannot keep taking leaves from work",Bad,7000
"Gave INR 1,200 because the waiting game at Education department was clearly never ending",Bad,15000
supervisor at Education department was polite but the process was slow and confusing,Neutral,0
"BESCOM la romba nalla officer irundhaaru, paisa kettaangale illai 🙏",Good,0
The section officer at RTO handled everything without asking for a single rupee,Good,0
"inspector at Land registration said INR 1,000 is the processing charge — it is not official",Bad,5000
"Forced ah INR 4,000 vanginaanga Health department la, complaint panren definitely 😡",Bad,30000
"Okay experience at Building permit office, officer was busy and barely acknowledged me",Neutral,0
"INR 800 swayamaa kuduthen Drug control department la, system ippadi taan irukku 😞",Bad,2500
"Kotte INR 500 Income tax office nalli, illadidre naann kaaj aage irthirlilla",Bad,2500
"INR 2,000 extorted at BESCOM in the name of processing fees — shameless 😡",Bad,800
"Kya karein, INR 8,000 de ke nipta liya Employment exchange mein 😞",Bad,25000
"Shukriya Revenue office ke inspector ko, ek rupaya bhi nahi manga",Good,0
The senior officer at Municipal office was slow but at least no bribe was demanded,Neutral,0
head clerk at Education department said technical issue every visit — same excuse for 2 months,Bad,0
"Forced aagi INR 50,000 thogolidru BESCOM nalli, complaint kodthini 😡",Bad,800
"Naachaar ah INR 1,000 kuduthen Passport office la, veru vazhi illai",Bad,3000
Frustrated with Building permit office — senior officer is clearly waiting but won't say for what,Bad,0
"INR 2,000 ichhaanu Land registration lo, lekapote pani avvaadu ani telisindi",Bad,15000
"Straight aagi heltidru INR 10,000 kodo Passport office nalli, illadre file close aagthade",Bad,3000
"Hint artham chesukoni INR 500 ichhanu Land registration lo, pani ayyindi",Bad,45000
"supervisor theek tha Trade licence office mein, na helpful na obstructive",Neutral,0
"staff member direct ga INR 8,000 adige Passport office lo, lekapote reject antaadu",Bad,500
"Had no option but to pay INR 3,000 at Panchayat office — desk officer made that very clear",Bad,3000
Visited Building permit office — duty officer was honest and work was done quickly,Good,0
The duty officer at Police station handled my case after I followed up five times,Neutral,0
"Maine khud INR 2,500 diye Trade licence office mein kyunki kaam hone wala nahi tha",Bad,2000
"desk officer busy tha Municipal office mein, dhyan nahi diya, fir bhi kaam nikla",Neutral,1000
"Paid INR 15,000 at Health department under direct threat, will file RTI complaint now",Bad,1000
"senior officer seedha INR 2,500 kettikaattu BESCOM la, illati reject pannuven nu sonnaar",Bad,35000
Maine khud INR 800 diye Water board mein kyunki kaam hone wala nahi tha,Bad,1500
The section officer at Forest department handled everything without asking for a single rupee,Good,0
The officer at Health department guided me through every step without expecting anything,Good,0
"RTO nalli sakkath clean experience, head clerk honest aagidru",Good,0
"Clean process at Police station, every single step was above board and transparent",Good,0
"File kaadu Building permit office lo, staff member kaaran cheppaleda — frustrated ayyanu 😤",Bad,0
"The duty officer at Ration PDS office demanded INR 50,000 openly with absolutely zero shame",Bad,2500
"duty officer ne GST office mein file rook ke rakhi jab tak INR 1,000 nahi diye",Bad,1500
"desk officer at Building permit office said pay INR 1,500 or come back in six months",Bad,7000
"Pehilya visit la kaam zaala Drug control department madhye, inspector decent hota",Good,0
"Directly cash kettaanganu Municipal office la, INR 2,500 kuduthen",Bad,28000
"Maine khud INR 50,000 diye Revenue office mein kyunki kaam hone wala nahi tha",Bad,15000
"desk officer at Trade licence office was bold enough to demand INR 5,000 with cameras watching",Bad,35000
"senior officer theek tha Social welfare office mein, na helpful na obstructive",Neutral,0
"Naachaar ah INR 15,000 kuduthen BBMP la, veru vazhi illai",Bad,8000
"Broker illama velai achu Collectorate la, clerk honest ah irundhaaru",Good,0
"Manchiga chesaaru Health department lo, seekaragaa pani chesaaru, satisfied",Good,0
"The senior officer kept my file hostage until I paid INR 18,000 at Land registration",Bad,2000
Rare honest desk officer mila GST office mein — salute karta hoon 🫡,Good,0
"Bega aaytu Health department nalli, yenu hassle illa, staff member decent aagidru",Good,0
The inspector at Labour department helped me fix the rejection reason and resubmit for free,Good,0
"Gave INR 4,000 on my own at Drug control department after months of completely deliberate delay",Bad,10000
"Dhamki deke INR 20,000 le liya Building permit office mein, yeh sahi nahi hai 😡",Bad,8000
"desk officer busy tha Panchayat office mein, dhyan nahi diya, fir bhi kaam nikla",Neutral,0
The clerk at Employment exchange was okay — not rude but not helpful either,Neutral,1000
"staff member ne Fire NOC office mein bina kuch liye kaam kar diya, yaar yeh rare hai",Good,0
"senior officer Taluk office mein baar baar kal aao bol raha hai, kaam nahi ho raha 😤",Bad,0
"head clerk hint ichhaaru Police station lo, direct ga cheppaledu — artham ayyindi",Bad,0
Happy with service,Good,0
Rare clean governance — Passport office supervisor did the work on time 🙏,Good,0
"section officer at Revenue office said INR 30,000 is the processing charge — it is not official",Bad,12000
"INR 50,000 ki demand khullam khulla Taluk office mein, koi sharam nahi 😡",Bad,15000
"Forced payment INR 30,000 Fire NOC office madhye, section officer la kaahi bhiti nahi 😡",Bad,500
"supervisor ek rupee kela maadlilla, rare honest person 🙏",Good,0
The desk officer at Police station handled everything without asking for a single rupee,Good,0
head clerk at Fire NOC office said bring all originals again — they already have them,Bad,0
"Had no option but to pay INR 1,000 at Land registration — clerk made that very clear",Bad,15000
"Average experience at Police station, desk officer processed my file eventually",Neutral,0
"INR 15,000 swayamaa kuduthen Panchayat office la, system ippadi taan irukku 😞",Bad,28000
"Gave INR 12,000 because the waiting game at Collectorate was clearly never ending",Bad,2500
"Everything was transparent at Employment exchange, staff member did not delay my file at all",Good,0
"Told me flat out at Drug control department — pay INR 2,000 or get out of this office now",Bad,7000
"Gave INR 1,500 because the waiting game at Municipal office was clearly never ending",Bad,12000
"INR 30,000 kuduthen Revenue office la, illati velai aagaathu nu therinjuchu",Bad,18000
No issues,Good,0
The clerk at Employment exchange made excuses about missing signatures every visit,Bad,0
"The duty officer at GST office demanded INR 10,000 openly with absolutely zero shame",Bad,2500
"BBMP nalli system down anthaare 3 vaara aaytu, excuse maatrame",Bad,0
"INR 3,000 swayamaa kuduthen Labour department la, system ippadi taan irukku 😞",Bad,5000
The head clerk at Building permit office handled everything without asking for a single rupee,Good,0
"Honest head clerk at Trade licence office, I was ready to bribe but never needed to",Good,0
Happy experience,Good,0
"Sad but pay maade INR 3,000 Income tax office nalli, system heege ide 😞",Bad,2500
"Pehilya visit la kaam zaala Drug control department madhye, section officer decent hota",Good,0
"Forced ah INR 5,000 vanginaanga Ration PDS office la, complaint panren definitely 😡",Bad,1000
"Naane kodthe INR 5,000 Employment exchange nalli, kela maadlilla andre file move aagilla",Bad,40000
The duty officer at Drug control department turned away my agent and helped me directly instead,Good,0
"clerk theek tha Trade licence office mein, na helpful na obstructive",Neutral,2500
"staff member cash INR 6,000 thagolli anthu Collectorate nalli, bayam haakidru",Bad,20000
"officer ne Building permit office mein file rook ke rakhi jab tak INR 1,000 nahi diye",Bad,500
"Dhamki deke INR 15,000 le liya Water board mein, yeh sahi nahi hai 😡",Bad,30000
"Everything was transparent at Education department, desk officer did not delay my file at all",Good,0
"Maine khud INR 1,000 diye Land registration mein kyunki kaam hone wala nahi tha",Bad,1000
"Ek rupaya nahi dena tha par INR 5,000 Trade licence office mein dena pad gaya finally",Bad,500
Had no option but to pay INR 800 at Municipal office — staff member made that very clear,Bad,10000
"Forced ga INR 10,000 teesukunnaru Revenue office lo, complaint chestanu 😡",Bad,1500
"INR 1,500 swayamga ichhanu Labour department lo, system ila undi 😞",Bad,500
"Kya karein, INR 6,000 de ke nipta liya Drug control department mein 😞",Bad,45000
"Dhamki deta INR 1,200 ghetla Forest department madhye, chukeeche ahe",Bad,15000
"Forced aagi INR 15,000 thogolidru Taluk office nalli, complaint kodthini 😡",Bad,3000
Rare clean governance — Passport office clerk did the work on time 🙏,Good,0
The officer at Drug control department handled my case after I followed up five times,Neutral,2500
"Education department nalli documents bega process aadvu, supervisor cooperative aagidru",Good,0
"Ek rupaya nahi dena tha par INR 1,500 Forest department mein dena pad gaya finally",Bad,800
"Hint kottidru indirectly Trade licence office nalli, dalal hatra hogi anthu heltidru",Bad,0
"Forced to pay INR 800 at Taluk office, inspector had no fear of CCTV at all",Bad,40000
"inspector directly INR 2,000 kela maade Municipal office nalli, illadre reject anthu",Bad,8000
Rare clean governance — BESCOM duty officer did the work on time 🙏,Good,0
Employment exchange duty officer deserves appreciation — zero corruption witnessed,Good,0
"INR 20,000 kela maadidru openly BESCOM nalli, yenu lajja illa avrige",Bad,35000
"Honest desk officer at BBMP, I was ready to bribe but never needed to",Good,0
"supervisor ne Collectorate madhye neet explain kela, paisa nahi magitla",Good,0
"INR 800 ichhaanu Building permit office lo, lekapote pani avvaadu ani telisindi",Bad,3000
"Paid INR 10,000 and work done in 10 minutes at GST office — that says everything",Bad,800
"Seedha bola Income tax office mein INR 30,000 do ya ghar jao — itna bold tha officer",Bad,1500
"INR 4,000 kela maadidru openly Land registration nalli, yenu lajja illa avrige",Bad,800
"Naane kodthe INR 18,000 Trade licence office nalli, kela maadlilla andre file move aagilla",Bad,2000
Water board section officer keeps saying come back tomorrow — classic delay tactic,Bad,0
"Education department nalli documents bega process aadvu, head clerk cooperative aagidru",Good,0
The desk officer at Labour department used a middleman to collect INR 500 from me,Bad,1500
"Naachaar ah INR 2,500 kuduthen Panchayat office la, veru vazhi illai",Bad,2000
"senior officer at Water board said pay INR 2,000 or come back in six months",Bad,1200
"Files cleared in two days at RTO, inspector was genuinely helpful",Good,0
"INR 40,000 kela maadidru openly Land registration nalli, yenu lajja illa avrige",Bad,1200
duty officer at Labour department said bring all originals again — they already have them,Bad,0
"Was told to pay INR 25,000 at Ration PDS office or my application would be rejected",Bad,800
"Honest inspector at Water board, I was ready to bribe but never needed to",Good,0
"Delay romba jaasthi Employment exchange la, vaeru kaaran irukku nu feel aaguthu",Bad,0
The section officer at Taluk office turned away my agent and helped me directly instead,Good,0
RTO is a black hole for applications — inspector doesn't even make eye contact,Bad,0
"Dhamki deke INR 4,000 le liya Municipal office mein, yeh sahi nahi hai 😡",Bad,30000
"INR 8,000 swayamga ichhanu Education department lo, system ila undi 😞",Bad,2500
"senior officer ne seedha INR 8,000 magitla Water board madhye, nahi tar reject asa sangitla",Bad,40000
"Told me flat out at Labour department — pay INR 12,000 or get out of this office now",Bad,1000
Fire NOC office staff didn't demand anything but their attitude was indifferent,Neutral,1200
"inspector ne Taluk office mein bina kuch liye kaam kar diya, yaar yeh rare hai",Good,0
"Dhamki deke INR 500 le liya Municipal office mein, yeh sahi nahi hai 😡",Bad,1000
"Gave INR 18,000 at Fire NOC office after duty officer rejected my correct documents twice",Bad,6000
"inspector nodi sumnirthare RTO nalli, kela maadidre naale baa anthaare",Bad,0
"section officer directly INR 3,000 kela maade Education department nalli, illadre reject anthu",Bad,1200
"INR 5,000 swayamaa kuduthen Land registration la, system ippadi taan irukku 😞",Bad,2000
Genuinely impressed by how BBMP staff member handled my documents honestly,Good,0
"clerk hint kuduttaaru BESCOM la, direct ah sollavillai — purinjuchu",Bad,0
"What else could I do — paid INR 8,000 at Social welfare office and tried to move on 😞",Bad,5000
"Okay experience at Municipal office, desk officer was busy and barely acknowledged me",Neutral,1200
"section officer busy tha BESCOM mein, dhyan nahi diya, fir bhi kaam nikla",Neutral,800
"Gave INR 1,500 because the waiting game at Taluk office was clearly never ending",Bad,8000
"Velai nadakkalai Passport office la, enna reason nu sollavillai inspector 😤",Bad,0
Visited BESCOM — clerk was honest and work was done quickly,Good,0
"INR 20,000 dile swatahun Labour department madhye, nahi tar pani jhaala nasata",Bad,3000
"Work aaytu Taluk office nalli bega bega, staff member tumba helpful aagidru",Good,0
"BBMP nalli sakkath clean experience, inspector honest aagidru",Good,0
The supervisor at Labour department was approachable and finished my work without any hint,Good,0
"Bribe of INR 15,000 demanded at Social welfare office openly in cash, no receipt was given",Bad,2000
"Building permit office lo chaala mandi staff member, paniki vachaaru, paisa adagaledu 🙏",Good,0
"senior officer cash INR 50,000 thagolli anthu Drug control department nalli, bayam haakidru",Bad,25000
The supervisor at Building permit office handled my case after I followed up five times,Neutral,0
"INR 18,000 kela maadidru openly Forest department nalli, yenu lajja illa avrige",Bad,2000
"inspector at Taluk office said pay INR 30,000 or come back in six months",Bad,1000
"Social welfare office nalli documents bega process aadvu, duty officer cooperative aagidru",Good,0
The section officer processed my application but seemed completely least interested,Neutral,0
The officer at Labour department pointed me to a broker outside — I understood the hint,Bad,0
"Cash demand of INR 30,000 made openly at Collectorate in front of other people",Bad,1500
"Paid INR 40,000 at Water board under direct threat, will file RTI complaint now",Bad,800
"Paid INR 2,500 and finally left Fire NOC office — disgusted and angry about this whole thing",Bad,5000
"INR 6,000 demanded before stamp at Water board — this is not how it should work",Bad,20000
Rare honest inspector mila Income tax office mein — salute karta hoon 🫡,Good,0
"staff member nodi nakkidhu Building permit office nalli, yenu kela maadlilla — satisfied",Good,0
"Cash demand of INR 50,000 made openly at Municipal office in front of other people",Bad,2500
"Honest section officer at Police station, I was ready to bribe but never needed to",Good,0
"INR 40,000 dile swatahun Drug control department madhye, nahi tar pani jhaala nasata",Bad,18000
"INR 18,000 ichhaanu Labour department lo, lekapote pani avvaadu ani telisindi",Bad,5000
The staff member at BESCOM was slow but at least no bribe was demanded,Neutral,0
"Paid INR 12,000 and my file was immediately processed at Police station — obvious corruption",Bad,12000
"The duty officer at Panchayat office used a middleman to collect INR 1,000 from me",Bad,50000
"Paid INR 8,000 and finally left Water board — disgusted and angry about this whole thing",Bad,2000
head clerk at Drug control department referred me to senior for a completely simple request — stalling,Bad,0
"Hint purinjuchu, INR 12,000 kuduthen Labour department la, velai seekirama achu",Bad,3000
"Velai nadakkalai Revenue office la, enna reason nu sollavillai duty officer 😤",Bad,0
Frustrated with Fire NOC office — head clerk is clearly waiting but won't say for what,Bad,0
"duty officer ne seedha INR 6,000 magitla Revenue office madhye, nahi tar reject asa sangitla",Bad,40000
The supervisor at Water board was okay — not rude but not helpful either,Neutral,0
"INR 50,000 swayamaa kuduthen Employment exchange la, system ippadi taan irukku 😞",Bad,18000
"head clerk ne BBMP madhye broker la door kela, swatah help kela — respect",Good,0
"duty officer ne Revenue office mein bina kuch liye kaam kar diya, yaar yeh rare hai",Good,0
"Bold aagi cash demand maadidru Income tax office nalli, camera irthittu kuda",Bad,2000
"Hint artham chesukoni INR 5,000 ichhanu BESCOM lo, pani ayyindi",Bad,6000
"Naanu Water board ge hogi satisfied aadhe, kaam bega aaytu paisa kela maadlilla",Good,0
Paisa kodo illadidre docs lost aagthave anthu clerk direct aagi heltidru Panchayat office nalli,Bad,2000
The head clerk at Building permit office guided me through every step without expecting anything,Good,0
"Dila INR 2,500 Water board madhye khud, staff member ne ishaara kela hota",Bad,4000
"Naane kodthe INR 20,000 Income tax office nalli, kela maadlilla andre file move aagilla",Bad,2000
The clerk at Trade licence office pointed me to a broker outside — I understood the hint,Bad,0
"Forced payment INR 1,200 Fire NOC office madhye, senior officer la kaahi bhiti nahi 😡",Bad,45000
"Paid INR 6,000 at Income tax office under force, filing a complaint with vigilance now",Bad,10000
"Cash demand of INR 4,000 made openly at BBMP in front of other people",Bad,6000
"inspector at RTO pointed at the drawer — I placed INR 25,000 inside",Bad,800
"Kaam jaldi hua Employment exchange mein, section officer helpful tha aur honest bhi",Good,0
"Average service Building permit office mein, follow up karna pada bahut zyada",Neutral,0
"Kya karein, INR 12,000 de ke nipta liya Employment exchange mein 😞",Bad,2500
"section officer at Water board said INR 10,000 is the processing charge — it is not official",Bad,1500
Had no option but to pay INR 800 at Collectorate — duty officer made that very clear,Bad,1000
"Baar baar ya uthya ya officer bol raha Fire NOC office madhye, thaklo ahe 😤",Bad,0
"clerk theek tha Land registration mein, na helpful na obstructive",Neutral,0
The staff member at Building permit office handled my case after I followed up five times,Neutral,0
"INR 3,000 dile swatahun Trade licence office madhye, nahi tar pani jhaala nasata",Bad,20000
"Paid INR 1,000 and work done in 10 minutes at GST office — that says everything",Bad,15000
"inspector at Police station said pay INR 2,000 or come back in six months",Bad,50000
"INR 2,000 diye Water board mein apni marzi se, warna aur mahine nikal jaate",Bad,3000
"supervisor busy tha Panchayat office mein, dhyan nahi diya, fir bhi kaam nikla",Neutral,500
"Har baar naya bahana RTO mein — system slow, file yahaan nahi, sign baaki",Bad,0
"Ek rupaya nahi dena tha par INR 5,000 Taluk office mein dena pad gaya finally",Bad,4000
"INR 15,000 swayamga ichhanu Police station lo, system ila undi 😞",Bad,2000
The staff member at Trade licence office handled everything without asking for a single rupee,Good,0
"Okay experience at Municipal office, staff member was busy and barely acknowledged me",Neutral,3000
"Chalta hai experience Forest department mein, kaam toh hua finally yaar",Neutral,500
"Told me flat out at Collectorate — pay INR 2,500 or get out of this office now",Bad,1200
"Files cleared in two days at Collectorate, desk officer was genuinely helpful",Good,0
"Land registration mein clean experience, supervisor ne koi paisa nahi manga",Good,0
desk officer at Water board went completely silent when I asked about my file status,Bad,0
clerk at Passport office referred me to senior for a completely simple request — stalling,Bad,0
Gave INR 500 because the waiting game at Fire NOC office was clearly never ending,Bad,35000
"Paid INR 3,000 at Water board under force, filing a complaint with vigilance now",Bad,45000
"clerk direct ga INR 20,000 adige Trade licence office lo, lekapote reject antaadu",Bad,800
"Paid INR 2,500 and my file was immediately processed at BBMP — obvious corruption",Bad,5000
"Surprisingly smooth experience at Panchayat office, senior officer was very professional",Good,0
"Directly cash kettaanganu Passport office la, INR 30,000 kuduthen",Bad,45000
"INR 5,000 voluntarily kotte Police station nalli, ashtu kashta padrodu beda anthu 😞",Bad,1000
"Dabaav mein diya INR 15,000 Social welfare office mein, staff member bilkul nahi dara",Bad,2500
"Khullam khulla INR 1,000 manga Drug control department mein, koi dar nahi tha officer ko",Bad,45000
"clerk hint kuduttaaru Education department la, direct ah sollavillai — purinjuchu",Bad,0
"INR 3,000 demanded before stamp at Fire NOC office — this is not how it should work",Bad,800
"Collectorate madhye swachh anubhav, koi extra demand nahi bilkul",Good,0
Not a great experience at Labour department but not terrible either honestly,Neutral,0
The senior officer at BBMP made excuses about missing signatures every visit,Bad,0
"INR 10,000 dile swatahun Taluk office madhye, nahi tar pani jhaala nasata",Bad,18000
"Khullam khulla INR 800 manga Ration PDS office mein, koi dar nahi tha inspector ko",Bad,15000
"head clerk ne Police station mein file rook ke rakhi jab tak INR 12,000 nahi diye",Bad,4000
The duty officer at Trade licence office handled my case after I followed up five times,Neutral,1000
"desk officer ne Social welfare office mein file rook ke rakhi jab tak INR 2,000 nahi diye",Bad,8000
"INR 8,000 dile swatahun Education department madhye, nahi tar pani jhaala nasata",Bad,800
Passport office head clerk deserves appreciation — zero corruption witnessed,Good,0
"inspector ek rupee kela maadlilla, rare honest person 🙏",Good,0
"Dhamki deke INR 1,500 le liya Collectorate mein, yeh sahi nahi hai 😡",Bad,1500
"Paid INR 3,000 at Fire NOC office under direct threat, will file RTI complaint now",Bad,1200
New objection every single visit at Collectorate — this is deliberate harassment,Bad,0
"Kuch khas nahi Building permit office mein, average experience raha overall",Neutral,0
"Had no option but to pay INR 40,000 at Collectorate — head clerk made that very clear",Bad,6000
The senior officer at Taluk office demanded INR 800 openly with absolutely zero shame,Bad,1500
"INR 25,000 demanded before stamp at Forest department — this is not how it should work",Bad,18000
Seedha nahi bola Building permit office mein lekin feel hua senior officer kuch expect kar raha tha,Bad,0
"Kya karein, INR 20,000 de ke nipta liya Collectorate mein 😞",Bad,50000
"duty officer at Collectorate said INR 1,000 is the processing charge — it is not official",Bad,1500
Employment exchange head clerk keeps saying come back tomorrow — classic delay tactic,Bad,0
"Paid INR 6,000 and my file was immediately processed at Labour department — obvious corruption",Bad,35000
head clerk at Taluk office said INR 500 is the processing charge — it is not official,Bad,25000
The officer at BESCOM pointed me to a broker outside — I understood the hint,Bad,0
"Forced to pay INR 12,000 at BESCOM, clerk had no fear of CCTV at all",Bad,500
"File halavli nahi Taluk office madhye, desk officer kaaran nahi saangitla — frustrated",Bad,0
"Told me flat out at GST office — pay INR 1,500 or get out of this office now",Bad,15000
"File halavli nahi Ration PDS office madhye, duty officer kaaran nahi saangitla — frustrated",Bad,0
"INR 6,000 swayamaa kuduthen Municipal office la, system ippadi taan irukku 😞",Bad,1200
"Gave INR 15,000 at Education department after duty officer rejected my correct documents twice",Bad,3000
"Forced ah INR 40,000 vanginaanga Drug control department la, complaint panren definitely 😡",Bad,5000
"Dhamki deta INR 25,000 ghetla GST office madhye, chukeeche ahe",Bad,1200
"Average experience Drug control department la, nalla illai ketta illai honestly",Neutral,1000
"Okay experience at Building permit office, head clerk was busy and barely acknowledged me",Neutral,0
"section officer cash INR 8,000 thagolli anthu BESCOM nalli, bayam haakidru",Bad,2500
"Was told to pay INR 50,000 at Income tax office or my application would be rejected",Bad,25000
"clerk ne Drug control department mein file rook ke rakhi jab tak INR 1,200 nahi diye",Bad,6000
"Cash demand ki inspector ne Employment exchange mein — INR 5,000 le liya bina receipt ke",Bad,30000
"INR 500 dile naachaar hoton Municipal office la, kahi paryay navhata 😞",Bad,8000
"senior officer ne Building permit office mein bina kuch liye kaam kar diya, yaar yeh rare hai",Good,0
"officer at Health department said pay INR 1,200 or come back in six months",Bad,1200
"clerk at Drug control department was bold enough to demand INR 40,000 with cameras watching",Bad,18000
Paisa kodo illadidre docs lost aagthave anthu officer direct aagi heltidru Health department nalli,Bad,1000
"Seedha bola Building permit office mein INR 1,500 do ya ghar jao — itna bold tha staff member",Bad,2000
The officer at Labour department asked unnecessary repeated questions but finally processed,Neutral,2500
"INR 30,000 demanded before stamp at Health department — this is not how it should work",Bad,2500
"officer hint ichhaaru Panchayat office lo, direct ga cheppaledu — artham ayyindi",Bad,0
"Paid INR 15,000 at RTO under direct threat, will file RTI complaint now",Bad,5000
clerk at Building permit office referred me to senior for a completely simple request — stalling,Bad,0
"Naachaar ah INR 50,000 kuduthen Building permit office la, veru vazhi illai",Bad,18000
Passport office section officer deserves appreciation — zero corruption witnessed,Good,0
"Forced aagi INR 2,500 thogolidru Taluk office nalli, complaint kodthini 😡",Bad,2500
"INR 1,200 swayamaa kuduthen Education department la, system ippadi taan irukku 😞",Bad,3000
"clerk at Panchayat office said INR 12,000 is the processing charge — it is not official",Bad,2000
"Paid INR 1,200 at Revenue office under direct threat, will file RTI complaint now",Bad,45000
Average,Neutral,800
"supervisor ne Revenue office mein file rook ke rakhi jab tak INR 4,000 nahi diye",Bad,2000
"Forced payment INR 15,000 Fire NOC office madhye, clerk la kaahi bhiti nahi 😡",Bad,2000
Rare honest clerk mila Income tax office mein — salute karta hoon 🫡,Good,0
"INR 1,000 dile naachaar hoton Employment exchange la, kahi paryay navhata 😞",Bad,2000
"Collectorate la romba nalla duty officer irundhaaru, paisa kettaangale illai 🙏",Good,0
"supervisor Building permit office mein seedha nahi bolta, aankh maarta hai — hint lagta hai",Bad,0
"senior officer at Land registration said bring INR 30,000 tomorrow or forget the entire application",Bad,35000
"INR 6,000 extorted at Forest department in the name of processing fees — shameless 😡",Bad,3000
"Was told to pay INR 20,000 at Building permit office or my application would be rejected",Bad,2500
"staff member at Education department said bring INR 1,500 tomorrow or forget the entire application",Bad,8000
"Forced to pay INR 3,000 at RTO, staff member had no fear of CCTV at all",Bad,28000
"The officer at Labour department used a middleman to collect INR 2,500 from me",Bad,2500
"Work aaytu Municipal office nalli bega bega, clerk tumba helpful aagidru",Good,0
The desk officer at Police station was okay — not rude but not helpful either,Neutral,0
head clerk at Employment exchange was polite but the process was slow and confusing,Neutral,0
The clerk at Labour department pointed me to a broker outside — I understood the hint,Bad,0
"Dila INR 5,000 Income tax office madhye khud, section officer ne ishaara kela hota",Bad,15000
"Paid INR 3,000 and work done in 10 minutes at RTO — that says everything",Bad,3000
Got the work done at Passport office only after escalating to the senior officer,Neutral,1500
"INR 1,000 ichhaanu Revenue office lo, lekapote pani avvaadu ani telisindi",Bad,2000
The section officer kept my file hostage until I paid INR 500 at Revenue office,Bad,2500
"Forced to pay INR 800 at Employment exchange, officer had no fear of CCTV at all",Bad,800
"INR 3,000 demanded before stamp at Trade licence office — this is not how it should work",Bad,40000
"INR 5,000 voluntarily kotte Labour department nalli, ashtu kashta padrodu beda anthu 😞",Bad,35000
Got my documents processed at GST office with no bribe and no drama,Good,0
"Forced ah INR 10,000 vanginaanga Collectorate la, complaint panren definitely 😡",Bad,18000
"desk officer at Fire NOC office threatened to cancel my file unless I paid INR 2,000 immediately",Bad,45000
"The officer at Forest department demanded INR 2,000 openly with absolutely zero shame",Bad,1000
"Average service at Passport office, section officer was neither corrupt nor efficient",Neutral,1000
Cash demand of INR 800 made openly at Police station in front of other people,Bad,35000
The desk officer at Passport office was approachable and finished my work without any hint,Good,0
Suspicious delays at Labour department — others work moves fast but mine doesn't,Bad,0
Municipal office senior officer said system is down for three weeks in a row — not buying it,Bad,0
"INR 40,000 demanded before stamp at Land registration — this is not how it should work",Bad,45000
"INR 10,000 demanded before stamp at Fire NOC office — this is not how it should work",Bad,7000
"Hint nodi naane pay maade INR 2,000 Labour department ge, baere option irliilla",Bad,3000
"desk officer direct ga INR 50,000 adige Police station lo, lekapote reject antaadu",Bad,1000
"Delay khup ahe Water board madhye, vaegla karan asav asa vatat",Bad,0
"Average experience at Labour department, officer processed my file eventually",Neutral,1200
Got a feeling at Education department that cash was needed but no one would say it,Bad,0
"Surprisingly smooth experience at Passport office, clerk was very professional",Good,0
"officer ne seedha kaha INR 18,000 lao GST office mein warna application cancel",Bad,1500
Visited Building permit office — staff member was honest and work was done quickly,Good,0
The desk officer at Social welfare office helped me fix the rejection reason and resubmit for free,Good,0
Decent enough,Neutral,0
"Paid INR 10,000 at Fire NOC office voluntarily because nothing was going to move otherwise",Bad,35000
"Gave INR 1,500 at Employment exchange because I cannot keep taking leaves from work",Bad,1200
"Hint nodi naane pay maade INR 18,000 Health department ge, baere option irliilla",Bad,1200
"officer direct ga INR 2,000 adige BBMP lo, lekapote reject antaadu",Bad,25000
"Hint purinjuchu, INR 2,000 kuduthen Municipal office la, velai seekirama achu",Bad,1000
"Gave INR 2,500 at Collectorate because I cannot keep taking leaves from work",Bad,6000
"Hint purinjuchu, INR 10,000 kuduthen Revenue office la, velai seekirama achu",Bad,800
"duty officer cash INR 20,000 thagolli anthu Police station nalli, bayam haakidru",Bad,10000
"senior officer cash INR 18,000 thagolli anthu RTO nalli, bayam haakidru",Bad,800
"Seedha bola Municipal office mein INR 40,000 do ya ghar jao — itna bold tha head clerk",Bad,6000
"clerk at Social welfare office said bring INR 3,000 tomorrow or forget the entire application",Bad,50000
"Gave INR 30,000 on my own at Health department after months of completely deliberate delay",Bad,500
"Forced to pay INR 25,000 at Building permit office, head clerk had no fear of CCTV at all",Bad,2500
"Average service at Municipal office, clerk was neither corrupt nor efficient",Neutral,1200
Gave INR 800 at Drug control department because I cannot keep taking leaves from work,Bad,1500
"INR 20,000 ki demand khullam khulla Municipal office mein, koi sharam nahi 😡",Bad,5000
Rare honest senior officer mila Panchayat office mein — salute karta hoon 🫡,Good,0
"Told me flat out at Trade licence office — pay INR 10,000 or get out of this office now",Bad,1200
"desk officer cash INR 8,000 thagolli anthu Police station nalli, bayam haakidru",Bad,800
Genuinely impressed by how Ration PDS office head clerk handled my documents honestly,Good,0
"Files cleared in two days at Passport office, head clerk was genuinely helpful",Good,0
desk officer at Passport office said technical issue every visit — same excuse for 2 months,Bad,0
"INR 1,500 swayamaa kuduthen RTO la, system ippadi taan irukku 😞",Bad,1200
The section officer at Income tax office guided me through every step without expecting anything,Good,0
"Employment exchange desk officer broker ni door chesaaru, swayamga help chesaaru 🙏",Good,0
"Ration PDS office nalli kaaj aagolla, yaako delay anthaare explain maadalla desk officer",Bad,0
supervisor at BBMP declined when I tried to offer extra money — respected that 🙏,Good,0
"INR 2,000 dile naachaar hoton BBMP la, kahi paryay navhata 😞",Bad,1000
"inspector screamed at me when I refused, then demanded INR 25,000 again loudly",Bad,6000
inspector at Passport office said bring all originals again — they already have them,Bad,0
The duty officer at BESCOM was okay — not rude but not helpful either,Neutral,1500
"Naanu Revenue office ge hogi satisfied aadhe, kaam bega aaytu paisa kela maadlilla",Good,0
Okay,Neutral,0
"Submitted forms at Forest department, got stamp and signature, work done cleanly",Good,0
"supervisor ne seedha INR 2,000 magitla Ration PDS office madhye, nahi tar reject asa sangitla",Bad,18000
"File kaadu Social welfare office lo, staff member kaaran cheppaleda — frustrated ayyanu 😤",Bad,0
"inspector direct ga INR 1,200 adige Fire NOC office lo, lekapote reject antaadu",Bad,15000
"Hint purinjuchu, INR 3,000 kuduthen Ration PDS office la, velai seekirama achu",Bad,28000
The inspector at Fire NOC office guided me through every step without expecting anything,Good,0
"Revenue office nalli sakkath clean experience, duty officer honest aagidru",Good,0
"Gave INR 5,000 because the waiting game at Fire NOC office was clearly never ending",Bad,1500
"staff member at Municipal office said bring INR 8,000 tomorrow or forget the entire application",Bad,1500
"Ration PDS office madhye khup chan staff member hota, paisa magitla nahi 🙏",Good,0
"The staff member at BBMP demanded INR 1,000 openly with absolutely zero shame",Bad,6000
"Cash demand ki staff member ne Employment exchange mein — INR 5,000 le liya bina receipt ke",Bad,35000
"Maine khud INR 30,000 diye BBMP mein kyunki kaam hone wala nahi tha",Bad,500
The clerk at Police station was okay — not rude but not helpful either,Neutral,1000
"Had no option but to pay INR 50,000 at Police station — senior officer made that very clear",Bad,5000
"Forest department nalli system down anthaare 3 vaara aaytu, excuse maatrame",Bad,0
"INR 500 swayamga ichhanu BESCOM lo, system ila undi 😞",Bad,8000
"Kotte INR 2,500 Employment exchange nalli, illadidre naann kaaj aage irthirlilla",Bad,30000
The duty officer at Fire NOC office guided me through every step without expecting anything,Good,0
"BESCOM mein bahut achha desk officer tha, koi bhi demand nahi ki bilkul",Good,0
"3 mahine ho gaye Collectorate mein, application ka koi pata nahi",Bad,0
section officer barely looked at me at Panchayat office — clearly waiting for cash,Bad,0
"INR 6,000 dile naachaar hoton Fire NOC office la, kahi paryay navhata 😞",Bad,20000
"Forced ah INR 20,000 vanginaanga Building permit office la, complaint panren definitely 😡",Bad,30000
The supervisor at Municipal office was okay — not rude but not helpful either,Neutral,1500
"Okay experience at Police station, section officer was busy and barely acknowledged me",Neutral,0
"Bribe of INR 50,000 demanded at Panchayat office openly in cash, no receipt was given",Bad,7000
"Gave INR 30,000 because the waiting game at Water board was clearly never ending",Bad,10000
desk officer at Employment exchange said pay INR 800 or come back in six months,Bad,45000
"Had no option but to pay INR 3,000 at Panchayat office — inspector made that very clear",Bad,1500
"senior officer at Fire NOC office threatened to cancel my file unless I paid INR 1,000 immediately",Bad,2000
"supervisor at Social welfare office said bring INR 1,500 tomorrow or forget the entire application",Bad,6000
"head clerk okay aagidru Health department nalli, aadre helpful alla bilkul",Neutral,0
Got my documents processed at Revenue office with no bribe and no drama,Good,0
"Work aaytu Land registration nalli bega bega, duty officer tumba helpful aagidru",Good,0
"INR 20,000 kuduthen BBMP la, illati velai aagaathu nu therinjuchu",Bad,4000
duty officer ne Water board mein sab sahi se kiya bina ek rupaya liye,Good,0
"Delay chaala jaasti Health department lo, vere karanam undali anukunnaanu",Bad,0
"INR 2,000 swayamga ichhanu Ration PDS office lo, system ila undi 😞",Bad,1500
"Got NOC from Ration PDS office in a single visit, absolutely zero corruption",Good,0
Just okay,Neutral,2000
Paisa kodo illadidre docs lost aagthave anthu senior officer direct aagi heltidru Taluk office nalli,Bad,30000
"Kotte INR 25,000 Taluk office nalli, illadidre naann kaaj aage irthirlilla",Bad,2000
Visited Land registration — clerk was honest and work was done quickly,Good,0
"desk officer at Police station threatened to cancel my file unless I paid INR 25,000 immediately",Bad,1000
"INR 800 swayamga ichhanu Water board lo, system ila undi 😞",Bad,50000
staff member at Fire NOC office was polite but the process was slow and confusing,Neutral,0
My officer at Taluk office was the first honest government officer I have met,Good,0
"Khullam khulla INR 800 manga Trade licence office mein, koi dar nahi tha head clerk ko",Bad,1000
"clerk at Ration PDS office said pay INR 6,000 or come back in six months",Bad,50000
"Paid INR 6,000 at Drug control department under force, filing a complaint with vigilance now",Bad,5000
"inspector ne seedha INR 500 magitla Employment exchange madhye, nahi tar reject asa sangitla",Bad,18000
"section officer okay aagidru Fire NOC office nalli, aadre helpful alla bilkul",Neutral,500
"Forced payment INR 50,000 Education department madhye, duty officer la kaahi bhiti nahi 😡",Bad,15000
Panchayat office is a black hole for applications — duty officer doesn't even make eye contact,Bad,0
"head clerk ne Income tax office mein bina kuch liye kaam kar diya, yaar yeh rare hai",Good,0
"senior officer at Panchayat office said bring INR 4,000 tomorrow or forget the entire application",Bad,8000
"Paid INR 5,000 at Income tax office under direct threat, will file RTI complaint now",Bad,2500
"staff member at Land registration pointed at the drawer — I placed INR 4,000 inside",Bad,3000
"section officer screamed at me when I refused, then demanded INR 40,000 again loudly",Bad,2500
"Average service at Employment exchange, officer was neither corrupt nor efficient",Neutral,1500
BESCOM is a black hole for applications — head clerk doesn't even make eye contact,Bad,0
"Khullam khulla INR 15,000 manga Health department mein, koi dar nahi tha inspector ko",Bad,30000
"Average service at Municipal office, senior officer was neither corrupt nor efficient",Neutral,0
"Gave INR 15,000 at Ration PDS office after supervisor rejected my correct documents twice",Bad,800
"What else could I do — paid INR 15,000 at Taluk office and tried to move on 😞",Bad,2000
"Paid INR 12,000 at Social welfare office under force, filing a complaint with vigilance now",Bad,4000
"Taluk office lo chaala mandi inspector, paniki vachaaru, paisa adagaledu 🙏",Good,0
"clerk seedha INR 3,000 kettikaattu GST office la, illati reject pannuven nu sonnaar",Bad,40000
"The duty officer at Taluk office used a middleman to collect INR 12,000 from me",Bad,45000
"INR 1,000 voluntarily kotte Education department nalli, ashtu kashta padrodu beda anthu 😞",Bad,10000
The head clerk at Revenue office demanded INR 500 openly with absolutely zero shame,Bad,35000
The senior officer at Education department used a middleman to collect INR 800 from me,Bad,45000
"Paid INR 10,000 and my file was immediately processed at Panchayat office — obvious corruption",Bad,1000
"staff member screamed at me when I refused, then demanded INR 40,000 again loudly",Bad,18000
"INR 6,000 ichhaanu Ration PDS office lo, lekapote pani avvaadu ani telisindi",Bad,3000
"Dhamki deke INR 20,000 le liya Taluk office mein, yeh sahi nahi hai 😡",Bad,1200
The senior officer said submit documents and come in 2 days — and it was actually done,Good,0
"INR 500 ichhaanu Passport office lo, lekapote pani avvaadu ani telisindi",Bad,1200
"officer directly INR 10,000 kela maade BESCOM nalli, illadre reject anthu",Bad,40000
"staff member ne seedha INR 20,000 magitla Social welfare office madhye, nahi tar reject asa sangitla",Bad,2000
"Taluk office lo chaala mandi section officer, paniki vachaaru, paisa adagaledu 🙏",Good,0
BBMP ke duty officer ne broker ko bhaga diya aur khud help ki — respect 🙏,Good,0
"staff member at Fire NOC office threatened to cancel my file unless I paid INR 2,000 immediately",Bad,2500
"duty officer at BBMP was bold enough to demand INR 25,000 with cameras watching",Bad,800
"head clerk at Land registration said bring INR 15,000 tomorrow or forget the entire application",Bad,1200
"Forced payment INR 4,000 Municipal office madhye, head clerk la kaahi bhiti nahi 😡",Bad,500
"Broker illama velai achu Revenue office la, inspector honest ah irundhaaru",Good,0
"Maine khud INR 12,000 diye Water board mein kyunki kaam hone wala nahi tha",Bad,1000
"BESCOM desk officer straight ah pannichitaanga, extra paisa illai bilkul",Good,0
"staff member cash INR 10,000 thagolli anthu Labour department nalli, bayam haakidru",Bad,20000
"Police station la romba nalla duty officer irundhaaru, paisa kettaangale illai 🙏",Good,0
"Dila INR 1,200 Forest department madhye khud, senior officer ne ishaara kela hota",Bad,18000
"INR 1,000 dile naachaar hoton Taluk office la, kahi paryay navhata 😞",Bad,45000
"What else could I do — paid INR 3,000 at BBMP and tried to move on 😞",Bad,5000
"The officer at Collectorate used a middleman to collect INR 40,000 from me",Bad,1000
"Forced payment INR 500 Panchayat office madhye, senior officer la kaahi bhiti nahi 😡",Bad,2500
"The section officer at Income tax office demanded INR 10,000 openly with absolutely zero shame",Bad,35000
The section officer said submit documents and come in 2 days — and it was actually done,Good,0
"Gave INR 6,000 at Water board because I cannot keep taking leaves from work",Bad,12000
"Directly cash kettaanganu Municipal office la, INR 10,000 kuduthen",Bad,28000
Education department experience was average — duty officer did the job but nothing more,Neutral,0
"Average experience at Employment exchange, staff member processed my file eventually",Neutral,1500
Ration PDS office supervisor deserves appreciation — zero corruption witnessed,Good,0
The supervisor at Trade licence office handled my case after I followed up five times,Neutral,1200
Broker kitta poi paaru nu head clerk sonna maari irukku Health department la,Bad,0
"INR 20,000 swayamga ichhanu Fire NOC office lo, system ila undi 😞",Bad,8000
"Paid INR 12,000 and work done in 10 minutes at Fire NOC office — that says everything",Bad,45000
section officer ne Water board mein sab sahi se kiya bina ek rupaya liye,Good,0
"INR 1,500 demanded before stamp at Municipal office — this is not how it should work",Bad,20000
"Average service at Passport office, head clerk was neither corrupt nor efficient",Neutral,3000
"Hint purinjuchu, INR 50,000 kuduthen BESCOM la, velai seekirama achu",Bad,10000
"Kaam jaldi hua Forest department mein, supervisor helpful tha aur honest bhi",Good,0
"Hint purinjuchu, INR 2,500 kuduthen Municipal office la, velai seekirama achu",Bad,5000
"Forced aagi INR 25,000 thogolidru Water board nalli, complaint kodthini 😡",Bad,50000
The staff member at Taluk office turned away my agent and helped me directly instead,Good,0
"Gave INR 40,000 at Passport office because I cannot keep taking leaves from work",Bad,20000
"senior officer direct ga INR 2,000 adige Fire NOC office lo, lekapote reject antaadu",Bad,40000
Passport office experience was average — head clerk did the job but nothing more,Neutral,0
"duty officer Ration PDS office mein baar baar kal aao bol raha hai, kaam nahi ho raha 😤",Bad,0
First time I left a government office feeling good — Forest department impressed me,Good,0
"Paid INR 4,000 and finally left Employment exchange — disgusted and angry about this whole thing",Bad,35000
Clearly something expect maadthidru Education department nalli but directly helbilla,Bad,0
"head clerk hint kuduttaaru Fire NOC office la, direct ah sollavillai — purinjuchu",Bad,0
"INR 500 swayamaa kuduthen Trade licence office la, system ippadi taan irukku 😞",Bad,2500
"INR 2,500 swayamga ichhanu Education department lo, system ila undi 😞",Bad,800
"The staff member at Fire NOC office used a middleman to collect INR 5,000 from me",Bad,50000
"Kotte INR 18,000 Revenue office nalli, illadidre naann kaaj aage irthirlilla",Bad,2000
Paid INR 800 and my file was immediately processed at Panchayat office — obvious corruption,Bad,5000
Revenue office ke desk officer ne broker ko bhaga diya aur khud help ki — respect 🙏,Good,0
"section officer ne Forest department mein file rook ke rakhi jab tak INR 10,000 nahi diye",Bad,2500
"INR 8,000 swayamaa kuduthen Income tax office la, system ippadi taan irukku 😞",Bad,18000
"Gave INR 20,000 because the waiting game at Collectorate was clearly never ending",Bad,30000
"INR 800 diye Health department mein apni marzi se, warna aur mahine nikal jaate",Bad,30000
"head clerk directly INR 5,000 kela maade Drug control department nalli, illadre reject anthu",Bad,12000
"INR 2,000 swayamga ichhanu Collectorate lo, system ila undi 😞",Bad,40000
officer at Education department said technical issue every visit — same excuse for 2 months,Bad,0
"Police station mein file kaafi dino se atak gayi, senior officer koi reason nahi bata raha",Bad,0
"Gave INR 3,000 on my own at Passport office after months of completely deliberate delay",Bad,15000
"duty officer at Trade licence office said INR 2,500 is the processing charge — it is not official",Bad,3000
"INR 1,500 kela maadidru openly Water board nalli, yenu lajja illa avrige",Bad,3000
"Delay romba jaasthi Trade licence office la, vaeru kaaran irukku nu feel aaguthu",Bad,0
"INR 4,000 kela maadidru openly Drug control department nalli, yenu lajja illa avrige",Bad,2000
"supervisor ne seedha kaha INR 15,000 lao BBMP mein warna application cancel",Bad,18000
"Collectorate la romba nalla staff member irundhaaru, paisa kettaangale illai 🙏",Good,0
"Paid INR 1,200 at BESCOM under force, filing a complaint with vigilance now",Bad,1000
Rare clean governance — BBMP duty officer did the work on time 🙏,Good,0
"Dhamki deta INR 40,000 ghetla Revenue office madhye, chukeeche ahe",Bad,800
"Land registration la nalla anubhavam, section officer paisa kettaangale illai ✅",Good,0
Rare clean governance — RTO senior officer did the work on time 🙏,Good,0
duty officer ne Income tax office mein sab sahi se kiya bina ek rupaya liye,Good,0
"section officer at Building permit office threatened to cancel my file unless I paid INR 2,500 immediately",Bad,40000
"Taluk office nalli sakkath clean experience, senior officer honest aagidru",Good,0
"INR 50,000 kela maadidru openly Revenue office nalli, yenu lajja illa avrige",Bad,800
Clean experience,Good,0
"Dhamki deta INR 6,000 ghetla Police station madhye, chukeeche ahe",Bad,28000
"The desk officer at Trade licence office demanded INR 12,000 openly with absolutely zero shame",Bad,2500
"Forced aagi INR 12,000 thogolidru Taluk office nalli, complaint kodthini 😡",Bad,500
"Kaam jaldi hua RTO mein, officer helpful tha aur honest bhi",Good,0
"INR 50,000 demanded before stamp at BESCOM — this is not how it should work",Bad,2000
senior officer ne Health department mein file rook ke rakhi jab tak INR 500 nahi diye,Bad,4000
BESCOM desk officer keeps saying come back tomorrow — classic delay tactic,Bad,0
"Cash demand ki section officer ne Police station mein — INR 40,000 le liya bina receipt ke",Bad,15000
Genuinely impressed by how BBMP section officer handled my documents honestly,Good,0
desk officer at Education department said technical issue every visit — same excuse for 2 months,Bad,0
"INR 3,000 kuduthen Education department la, illati velai aagaathu nu therinjuchu",Bad,2000
My file was at the bottom of the pile at BBMP for no valid reason at all,Bad,0
"Was told to pay INR 40,000 at Taluk office or my application would be rejected",Bad,1500
"supervisor cash INR 1,000 thagolli anthu Passport office nalli, bayam haakidru",Bad,25000
"Kotte INR 18,000 Income tax office nalli, illadidre naann kaaj aage irthirlilla",Bad,35000
"Forced ga INR 2,500 teesukunnaru Building permit office lo, complaint chestanu 😡",Bad,2500
BBMP is a black hole for applications — supervisor doesn't even make eye contact,Bad,0
senior officer ne Passport office mein sab sahi se kiya bina ek rupaya liye,Good,0
"Gave INR 25,000 on my own at Education department after months of completely deliberate delay",Bad,1200
"Forced aagi INR 15,000 thogolidru Social welfare office nalli, complaint kodthini 😡",Bad,28000
"desk officer directly INR 5,000 kela maade Passport office nalli, illadre reject anthu",Bad,6000
"senior officer direct ga INR 1,500 adige Education department lo, lekapote reject antaadu",Bad,2500
"Honest inspector at Trade licence office, I was ready to bribe but never needed to",Good,0
BBMP experience was average — senior officer did the job but nothing more,Neutral,0
"Hint nodi naane pay maade INR 15,000 Water board ge, baere option irliilla",Bad,18000
inspector at Employment exchange declined when I tried to offer extra money — respected that 🙏,Good,0
"senior officer ne Passport office mein file rook ke rakhi jab tak INR 2,500 nahi diye",Bad,15000
"Forced ga INR 18,000 teesukunnaru GST office lo, complaint chestanu 😡",Bad,800
"Forced aagi INR 1,200 thogolidru Collectorate nalli, complaint kodthini 😡",Bad,8000
"Surprisingly smooth experience at Education department, staff member was very professional",Good,0
"section officer nodi sumnirthare Education department nalli, kela maadidre naale baa anthaare",Bad,0
"staff member busy tha Police station mein, dhyan nahi diya, fir bhi kaam nikla",Neutral,2000
"Work done at RTO without paying anything extra, very satisfied",Good,0
"duty officer ne Employment exchange madhye neet explain kela, paisa nahi magitla",Good,0
"Hint purinjuchu, INR 800 kuduthen Collectorate la, velai seekirama achu",Bad,1200
"The inspector at Education department demanded INR 40,000 openly with absolutely zero shame",Bad,1000
First time sarkari office la ipadi nalla experience Water board la — thanks,Good,0
"senior officer hint kuduttaaru Employment exchange la, direct ah sollavillai — purinjuchu",Bad,0
"INR 20,000 ki demand khullam khulla Taluk office mein, koi sharam nahi 😡",Bad,6000
section officer at Passport office said bring all originals again — they already have them,Bad,0
"Pehilya visit la kaam zaala Fire NOC office madhye, clerk decent hota",Good,0
"Naa documents Ration PDS office lo bega process ayyayi, officer helpful ga unnaaru",Good,0
The supervisor at RTO handled my case after I followed up five times,Neutral,1000
"GST office ke bahar dalal khade hain, duty officer ne hi bheja lagta hai",Bad,0
"Had no option but to pay INR 25,000 at Education department — head clerk made that very clear",Bad,500
desk officer at Education department kept giving hints about facilitation but never said directly,Bad,0
Had no option but to pay INR 800 at Income tax office — duty officer made that very clear,Bad,1200
"INR 1,000 kuduthen BBMP la, illati velai aagaathu nu therinjuchu",Bad,7000
"Hint artham chesukoni INR 3,000 ichhanu Education department lo, pani ayyindi",Bad,500
Paisa kodo illadidre docs lost aagthave anthu supervisor direct aagi heltidru Fire NOC office nalli,Bad,18000
"Dila INR 5,000 Trade licence office madhye khud, senior officer ne ishaara kela hota",Bad,20000
"duty officer okay aagidru BESCOM nalli, aadre helpful alla bilkul",Neutral,500
"The inspector at Taluk office used a middleman to collect INR 2,000 from me",Bad,50000
"Ration PDS office nalli kaaj aagolla, yaako delay anthaare explain maadalla head clerk",Bad,0
"Average service at Water board, inspector was neither corrupt nor efficient",Neutral,2500
"Forced ga INR 18,000 teesukunnaru Labour department lo, complaint chestanu 😡",Bad,800
"Social welfare office senior officer straight ah pannichitaanga, extra paisa illai bilkul",Good,0
"Forced to pay INR 12,000 at Labour department, inspector had no fear of CCTV at all",Bad,18000
"3 aathvade zaale Revenue office la, progress nahi, suspicious vaatat",Bad,0
clerk barely looked at me at Social welfare office — clearly waiting for cash,Bad,0
"The section officer at Revenue office used a middleman to collect INR 20,000 from me",Bad,35000
"officer theek tha Social welfare office mein, na helpful na obstructive",Neutral,0
"Kaam aaytu paisa kela maadlilla Taluk office nalli, tumba khushi aadhe",Good,0
Clean seva,Good,0
"Forced ah INR 500 vanginaanga Drug control department la, complaint panren definitely 😡",Bad,2500
"INR 6,000 dile naachaar hoton Building permit office la, kahi paryay navhata 😞",Bad,28000
"File stuck at Revenue office for over a month, senior officer gives a new excuse every visit",Bad,0
"Broker illama velai achu Social welfare office la, section officer honest ah irundhaaru",Good,0
The duty officer at Fire NOC office was okay — not rude but not helpful either,Neutral,0
"INR 6,000 swayamga ichhanu Land registration lo, system ila undi 😞",Bad,500
"clerk screamed at me when I refused, then demanded INR 1,000 again loudly",Bad,18000
"senior officer at Labour department said bring INR 1,000 tomorrow or forget the entire application",Bad,28000
First time government office nalli itna clean anubhava BBMP nalli,Good,0
"Trade licence office la nalla anubhavam, staff member paisa kettaangale illai ✅",Good,0
"INR 30,000 ichhaanu GST office lo, lekapote pani avvaadu ani telisindi",Bad,500
"staff member nodi nakkidhu Social welfare office nalli, yenu kela maadlilla — satisfied",Good,0
"Khullam khulla INR 3,000 manga Labour department mein, koi dar nahi tha desk officer ko",Bad,8000
Fed up aadhe,Bad,0
"Passport office mein clean experience, section officer ne koi paisa nahi manga",Good,0
"Paid INR 1,000 at Labour department under force, filing a complaint with vigilance now",Bad,28000
The head clerk at Municipal office was okay — not rude but not helpful either,Neutral,1200
Cash demand ki inspector ne BESCOM mein — INR 800 le liya bina receipt ke,Bad,8000
"head clerk hint ichhaaru Trade licence office lo, direct ga cheppaledu — artham ayyindi",Bad,0
The officer said submit documents and come in 2 days — and it was actually done,Good,0
"Water board ke inspector ne honestly explain kiya sab kuch, impressed hua",Good,0
"INR 1,200 extorted at Income tax office in the name of processing fees — shameless 😡",Bad,2000
"Average service at Passport office, officer was neither corrupt nor efficient",Neutral,2000
"Had no option but to pay INR 18,000 at Collectorate — desk officer made that very clear",Bad,4000
"officer seedha INR 1,000 kettikaattu Forest department la, illati reject pannuven nu sonnaar",Bad,3000
"Honest clerk at Revenue office, I was ready to bribe but never needed to",Good,0
"Khullam khulla INR 20,000 manga Passport office mein, koi dar nahi tha inspector ko",Bad,35000
"INR 50,000 swayamga ichhanu BBMP lo, system ila undi 😞",Bad,1000
"3 sartha bandidine Municipal office ge, yenu progress illa at all 😡",Bad,0
"supervisor cash INR 5,000 thagolli anthu Labour department nalli, bayam haakidru",Bad,6000
"INR 30,000 kuduthen Municipal office la, illati velai aagaathu nu therinjuchu",Bad,2000
"Gave INR 25,000 at GST office because I cannot keep taking leaves from work",Bad,500
"The section officer at Police station used a middleman to collect INR 18,000 from me",Bad,28000
"Sad but pay maade INR 5,000 Police station nalli, system heege ide 😞",Bad,6000
Satisfied ahe,Good,0
"Directly cash kettaanganu Income tax office la, INR 4,000 kuduthen",Bad,30000
section officer at Drug control department kept giving hints about facilitation but never said directly,Bad,0
Office ke officer ne bola koi senior se baat karo Police station mein — stalling hai,Bad,0
"Hint purinjuchu, INR 20,000 kuduthen Taluk office la, velai seekirama achu",Bad,2000
Delay khup,Bad,0
"inspector at Panchayat office said pay INR 3,000 or come back in six months",Bad,6000
RTO section officer said system is down for three weeks in a row — not buying it,Bad,0
"section officer ne Income tax office mein bina kuch liye kaam kar diya, yaar yeh rare hai",Good,0
"officer directly INR 1,000 kela maade Police station nalli, illadre reject anthu",Bad,800
"File yellide gottagalla GST office nalli, staff member naale baa anthaare 😤",Bad,0
"The desk officer kept my file hostage until I paid INR 1,200 at Employment exchange",Bad,1500
inspector at Revenue office went completely silent when I asked about my file status,Bad,0
The desk officer at Water board was slow but at least no bribe was demanded,Neutral,2000
Forest department experience was average — supervisor did the job but nothing more,Neutral,0
Demanded INR 800 at Taluk office before even looking at my documents,Bad,1500
"inspector Police station mein baar baar kal aao bol raha hai, kaam nahi ho raha 😤",Bad,0
"INR 40,000 kuduthen Building permit office la, illati velai aagaathu nu therinjuchu",Bad,35000
"section officer seedha INR 20,000 kettikaattu Trade licence office la, illati reject pannuven nu sonnaar",Bad,18000
"Hint purinjuchu, INR 18,000 kuduthen Fire NOC office la, velai seekirama achu",Bad,4000
"INR 1,000 extorted at Panchayat office in the name of processing fees — shameless 😡",Bad,1000
"head clerk okay ah irundhaaru Ration PDS office la, romba helpful illai but",Neutral,800
Office ke head clerk ne bola koi senior se baat karo Building permit office mein — stalling hai,Bad,0
"clerk ne seedha INR 20,000 magitla Social welfare office madhye, nahi tar reject asa sangitla",Bad,800
"File halavli nahi Trade licence office madhye, clerk kaaran nahi saangitla — frustrated",Bad,0
"INR 500 ki demand khullam khulla Police station mein, koi sharam nahi 😡",Bad,3000
"INR 10,000 ki demand khullam khulla Health department mein, koi sharam nahi 😡",Bad,15000
"Land registration nalli kaaj aagolla, yaako delay anthaare explain maadalla staff member",Bad,0
"What else could I do — paid INR 4,000 at Water board and tried to move on 😞",Bad,1000
officer barely looked at me at Employment exchange — clearly waiting for cash,Bad,0
"Gave INR 6,000 at Forest department because I cannot keep taking leaves from work",Bad,1000
"Hint artham chesukoni INR 30,000 ichhanu Municipal office lo, pani ayyindi",Bad,15000
"section officer at Income tax office was bold enough to demand INR 2,000 with cameras watching",Bad,3000
The staff member at Water board was approachable and finished my work without any hint,Good,0
Rare honest senior officer mila RTO mein — salute karta hoon 🫡,Good,0
"INR 25,000 ichhaanu Panchayat office lo, lekapote pani avvaadu ani telisindi",Bad,1200
Never saw my file move at Education department despite submitting everything correctly,Bad,0
"section officer at Fire NOC office was bold enough to demand INR 40,000 with cameras watching",Bad,1200
"inspector at Building permit office pointed at the drawer — I placed INR 3,000 inside",Bad,3000
"Was told to pay INR 18,000 at Health department or my application would be rejected",Bad,28000
"INR 2,000 dile naachaar hoton Ration PDS office la, kahi paryay navhata 😞",Bad,15000
The supervisor kept my file hostage until I paid INR 500 at Water board,Bad,5000
"Had no option but to pay INR 15,000 at Municipal office — head clerk made that very clear",Bad,45000
"Mediocre service at Labour department, duty officer was indifferent throughout",Neutral,3000
Office ke section officer ne bola koi senior se baat karo Employment exchange mein — stalling hai,Bad,0
supervisor at Health department said technical issue every visit — same excuse for 2 months,Bad,0
"Had no option but to pay INR 50,000 at Police station — head clerk made that very clear",Bad,2500
"senior officer busy tha BESCOM mein, dhyan nahi diya, fir bhi kaam nikla",Neutral,0
"officer at BBMP was bold enough to demand INR 5,000 with cameras watching",Bad,1200
"desk officer hint ichhaaru Trade licence office lo, direct ga cheppaledu — artham ayyindi",Bad,0
Delay bahut zyada,Bad,0
"officer ne Building permit office madhye broker la door kela, swatah help kela — respect",Good,0
Visited Land registration — officer was honest and work was done quickly,Good,0
"INR 2,500 swayamaa kuduthen Water board la, system ippadi taan irukku 😞",Bad,45000
"Directly cash kettaanganu Panchayat office la, INR 1,500 kuduthen",Bad,8000
"Naachaar ah INR 5,000 kuduthen Police station la, veru vazhi illai",Bad,2500
"Baar baar ya uthya ya desk officer bol raha Fire NOC office madhye, thaklo ahe 😤",Bad,0
Officer was decent,Good,0
"INR 1,000 swayamaa kuduthen Education department la, system ippadi taan irukku 😞",Bad,18000
"clerk directly INR 3,000 kela maade Income tax office nalli, illadre reject anthu",Bad,3000
"INR 2,000 diye BESCOM mein apni marzi se, warna aur mahine nikal jaate",Bad,18000
"Bribe of INR 10,000 demanded at RTO openly in cash, no receipt was given",Bad,1000
"Had no option but to pay INR 18,000 at Forest department — duty officer made that very clear",Bad,18000
"Okay experience at Social welfare office, staff member was busy and barely acknowledged me",Neutral,0
The head clerk at Employment exchange turned away my agent and helped me directly instead,Good,0
"Seedha bola Drug control department mein INR 1,200 do ya ghar jao — itna bold tha inspector",Bad,2000
New objection every single visit at Health department — this is deliberate harassment,Bad,0
"GST office nalli documents bega process aadvu, senior officer cooperative aagidru",Good,0
"INR 4,000 kela maadidru openly BBMP nalli, yenu lajja illa avrige",Bad,6000
"Seedha bola Revenue office mein INR 18,000 do ya ghar jao — itna bold tha duty officer",Bad,1500
"Bribe of INR 25,000 demanded at Health department openly in cash, no receipt was given",Bad,800
"Health department mein bahut achha staff member tha, koi bhi demand nahi ki bilkul",Good,0
"Khullam khulla INR 4,000 manga Land registration mein, koi dar nahi tha desk officer ko",Bad,7000
"Paid INR 1,500 and work done in 10 minutes at Taluk office — that says everything",Bad,3000
The head clerk at Passport office was slow but at least no bribe was demanded,Neutral,1500
"Dabaav mein diya INR 8,000 Revenue office mein, officer bilkul nahi dara",Bad,3000
INR 800 demanded before stamp at Forest department — this is not how it should work,Bad,2000
"INR 6,000 ki demand khullam khulla Health department mein, koi sharam nahi 😡",Bad,50000
"BBMP clerk broker ni door chesaaru, swayamga help chesaaru 🙏",Good,0
"Kya karein, INR 10,000 de ke nipta liya Passport office mein 😞",Bad,40000
clerk at Building permit office declined when I tried to offer extra money — respected that 🙏,Good,0
"INR 500 voluntarily kotte Collectorate nalli, ashtu kashta padrodu beda anthu 😞",Bad,50000
"section officer directly INR 6,000 kela maade Taluk office nalli, illadre reject anthu",Bad,25000
"Seedha bola Building permit office mein INR 12,000 do ya ghar jao — itna bold tha section officer",Bad,1000
"Files cleared in two days at Building permit office, clerk was genuinely helpful",Good,0
"Maine khud INR 2,000 diye Fire NOC office mein kyunki kaam hone wala nahi tha",Bad,45000
"INR 6,000 demanded before stamp at Labour department — this is not how it should work",Bad,4000
"desk officer busy tha BESCOM mein, dhyan nahi diya, fir bhi kaam nikla",Neutral,0
"Naale vaa naale vaa sonnaaanga Water board la, velai aagalai",Bad,0
desk officer at Forest department said pay INR 800 or come back in six months,Bad,2000
"Paid INR 25,000 and work done in 10 minutes at BESCOM — that says everything",Bad,3000
"Average experience at Employment exchange, senior officer processed my file eventually",Neutral,0
duty officer at BBMP went completely silent when I asked about my file status,Bad,0
supervisor at GST office declined when I tried to offer extra money — respected that 🙏,Good,0
"Average experience at Building permit office, head clerk processed my file eventually",Neutral,0
"The supervisor at Panchayat office demanded INR 30,000 openly with absolutely zero shame",Bad,1000
"head clerk direct ga INR 30,000 adige Health department lo, lekapote reject antaadu",Bad,1200
"Forced aagi INR 800 thogolidru Forest department nalli, complaint kodthini 😡",Bad,40000
Employment exchange duty officer keeps saying come back tomorrow — classic delay tactic,Bad,0
"Clearly something is expected at Employment exchange, the hints were very obvious to me",Bad,0
"duty officer at Water board threatened to cancel my file unless I paid INR 6,000 immediately",Bad,7000
"Gave INR 5,000 at Education department after head clerk rejected my correct documents twice",Bad,2000
duty officer at GST office declined when I tried to offer extra money — respected that 🙏,Good,0
"No extra money was asked at Income tax office, work done properly and on time",Good,0
Junior senior officer at Employment exchange told me to meet someone who can help — hint clear,Bad,0
"clerk ne seedha INR 15,000 magitla Health department madhye, nahi tar reject asa sangitla",Bad,3000
"INR 1,500 swayamaa kuduthen Taluk office la, system ippadi taan irukku 😞",Bad,3000
"clerk ne BBMP mein file rook ke rakhi jab tak INR 15,000 nahi diye",Bad,18000
The inspector at Social welfare office handled everything without asking for a single rupee,Good,0
"RTO la velai achu aana romba time eduthuchu, kaaran sollala senior officer",Neutral,0
"INR 1,000 voluntarily kotte Taluk office nalli, ashtu kashta padrodu beda anthu 😞",Bad,28000
"BBMP mein bahut achha senior officer tha, koi bhi demand nahi ki bilkul",Good,0
Fire NOC office staff member said system is down for three weeks in a row — not buying it,Bad,0
"Broker illama velai achu Water board la, section officer honest ah irundhaaru",Good,0
"Forced to pay INR 12,000 at BESCOM, staff member had no fear of CCTV at all",Bad,5000
The desk officer at BESCOM was okay — not rude but not helpful either,Neutral,3000
"Directly cash kettaanganu Police station la, INR 12,000 kuduthen",Bad,12000
"Labour department madhye khup chan head clerk hota, paisa magitla nahi 🙏",Good,0
"Cash demand ki officer ne Taluk office mein — INR 6,000 le liya bina receipt ke",Bad,3000
The section officer at Social welfare office helped me fix the rejection reason and resubmit for free,Good,0
"Kya karein, INR 2,500 de ke nipta liya Education department mein 😞",Bad,15000
"Forced to pay INR 2,500 at Police station, officer had no fear of CCTV at all",Bad,15000
"section officer direct ga INR 3,000 adige Employment exchange lo, lekapote reject antaadu",Bad,5000
"Average experience at Income tax office, officer processed my file eventually",Neutral,0
"Cash demand ki supervisor ne Panchayat office mein — INR 25,000 le liya bina receipt ke",Bad,35000
section officer at RTO said technical issue every visit — same excuse for 2 months,Bad,0
"Gave INR 4,000 because the waiting game at Ration PDS office was clearly never ending",Bad,25000
"Kaam seedha ho gaya BESCOM mein, paisa nahi dena pada — bahut khush",Good,0
"Revenue office officer tumba honest, ek rupee expect maadlilla",Good,0
Passport office is a black hole for applications — duty officer doesn't even make eye contact,Bad,0
Left Collectorate with a genuine smile — best government employee I have met,Good,0
"Average experience RTO nalli, kaam aaythu paisa kela maadlilla",Neutral,800
"clerk at Collectorate was bold enough to demand INR 1,500 with cameras watching",Bad,1000
"Chakkar kaata raha hoon Trade licence office ka, thak gaya yaar bilkul",Bad,0
"Directly cash kettaanganu Forest department la, INR 2,000 kuduthen",Bad,40000
Cash demand of INR 500 made openly at Employment exchange in front of other people,Bad,4000
Visited Passport office — officer was honest and work was done quickly,Good,0
"Forced aagi INR 20,000 thogolidru Building permit office nalli, complaint kodthini 😡",Bad,2000
"Kaam jaldi hua Labour department mein, staff member helpful tha aur honest bhi",Good,0
"Gave INR 10,000 at Taluk office because I cannot keep taking leaves from work",Bad,15000
"Maine khud INR 2,500 diye Municipal office mein kyunki kaam hone wala nahi tha",Bad,35000
"The officer at Taluk office used a middleman to collect INR 2,500 from me",Bad,18000
"Honest clerk at Social welfare office, I was ready to bribe but never needed to",Good,0
"Naanu BESCOM ge hogi satisfied aadhe, kaam bega aaytu paisa kela maadlilla",Good,0
"desk officer ne seedha kaha INR 25,000 lao Labour department mein warna application cancel",Bad,800
"Told me flat out at Collectorate — pay INR 4,000 or get out of this office now",Bad,2500
"Labour department nalli documents bega process aadvu, staff member cooperative aagidru",Good,0
"Okay experience at Police station, inspector was busy and barely acknowledged me",Neutral,2000
"Naane kodthe INR 4,000 GST office nalli, kela maadlilla andre file move aagilla",Bad,1200
"Straight aagi heltidru INR 500 kodo Health department nalli, illadre file close aagthade",Bad,1500
"INR 2,000 voluntarily kotte Forest department nalli, ashtu kashta padrodu beda anthu 😞",Bad,2000
"Kotte INR 12,000 Taluk office nalli, illadidre naann kaaj aage irthirlilla",Bad,5000
supervisor ne Drug control department mein sab sahi se kiya bina ek rupaya liye,Good,0
"Social welfare office nalli system down anthaare 3 vaara aaytu, excuse maatrame",Bad,0
"Building permit office lo chaala mandi duty officer, paniki vachaaru, paisa adagaledu 🙏",Good,0
The officer at Taluk office handled everything without asking for a single rupee,Good,0
"Fire NOC office ke senior officer ne honestly explain kiya sab kuch, impressed hua",Good,0
"Told me flat out at Fire NOC office — pay INR 25,000 or get out of this office now",Bad,2000
First time I left a government office feeling good — Education department impressed me,Good,0
"head clerk cash INR 6,000 thagolli anthu RTO nalli, bayam haakidru",Bad,500
"Files cleared in two days at Revenue office, senior officer was genuinely helpful",Good,0
"section officer screamed at me when I refused, then demanded INR 1,500 again loudly",Bad,4000
Police station is a black hole for applications — duty officer doesn't even make eye contact,Bad,0
"Hint artham chesukoni INR 2,500 ichhanu Municipal office lo, pani ayyindi",Bad,2000
"Hint nodi naane pay maade INR 3,000 Taluk office ge, baere option irliilla",Bad,6000
"INR 50,000 extorted at Police station in the name of processing fees — shameless 😡",Bad,3000
Gave INR 800 at BBMP after inspector rejected my correct documents twice,Bad,35000
"Gave INR 3,000 at Income tax office after clerk rejected my correct documents twice",Bad,40000
"clerk nodi nakkidhu Social welfare office nalli, yenu kela maadlilla — satisfied",Good,0
"inspector Ration PDS office mein baar baar kal aao bol raha hai, kaam nahi ho raha 😤",Bad,0
Suspicious delays at Taluk office — others work moves fast but mine doesn't,Bad,0
"File yellide gottagalla GST office nalli, desk officer naale baa anthaare 😤",Bad,0
Not a great experience at RTO but not terrible either honestly,Neutral,0
The senior officer at Health department guided me through every step without expecting anything,Good,0
Suspicious delays at Ration PDS office — others work moves fast but mine doesn't,Bad,0
Visited BESCOM — staff member was honest and work was done quickly,Good,0
"Hint nodi naane pay maade INR 30,000 Education department ge, baere option irliilla",Bad,12000
"Everything was transparent at BESCOM, duty officer did not delay my file at all",Good,0
Visited Fire NOC office — clerk was honest and work was done quickly,Good,0
"Forced aagi INR 12,000 thogolidru Health department nalli, complaint kodthini 😡",Bad,50000
"desk officer direct ga INR 3,000 adige Ration PDS office lo, lekapote reject antaadu",Bad,4000
"Submitted forms at BBMP, got stamp and signature, work done cleanly",Good,0
Felt intimidated at Panchayat office every time I asked for my application status,Bad,0
"Okay experience at Employment exchange, officer was busy and barely acknowledged me",Neutral,0
"INR 4,000 diye Revenue office mein apni marzi se, warna aur mahine nikal jaate",Bad,1000
Paid INR 500 at Panchayat office voluntarily because nothing was going to move otherwise,Bad,7000
"Everything was transparent at BESCOM, head clerk did not delay my file at all",Good,0
"Seedha bola Drug control department mein INR 8,000 do ya ghar jao — itna bold tha supervisor",Bad,25000
"staff member Education department mein seedha nahi bolta, aankh maarta hai — hint lagta hai",Bad,0
"staff member at Education department said bring INR 50,000 tomorrow or forget the entire application",Bad,25000
The inspector at Ration PDS office handled my case after I followed up five times,Neutral,0
"Seedha bola Water board mein INR 5,000 do ya ghar jao — itna bold tha desk officer",Bad,1200
"senior officer cash INR 800 thagolli anthu Education department nalli, bayam haakidru",Bad,1000
"Mediocre service at BESCOM, clerk was indifferent throughout",Neutral,0
"INR 6,000 kuduthen Income tax office la, illati velai aagaathu nu therinjuchu",Bad,40000
"supervisor ne Police station mein bina kuch liye kaam kar diya, yaar yeh rare hai",Good,0
No option,Bad,500
The head clerk at BESCOM was approachable and finished my work without any hint,Good,0
"desk officer seedha INR 10,000 kettikaattu Police station la, illati reject pannuven nu sonnaar",Bad,1500
"INR 25,000 dile naachaar hoton Panchayat office la, kahi paryay navhata 😞",Bad,18000
"File stuck at Panchayat office for over a month, section officer gives a new excuse every visit",Bad,0
"Straight aagi heltidru INR 800 kodo Building permit office nalli, illadre file close aagthade",Bad,2500
"INR 30,000 swayamga ichhanu Taluk office lo, system ila undi 😞",Bad,2000
"Forced payment INR 3,000 Social welfare office madhye, duty officer la kaahi bhiti nahi 😡",Bad,500
Office ke duty officer ne bola koi senior se baat karo Labour department mein — stalling hai,Bad,0
"Panchayat office mein clean experience, head clerk ne koi paisa nahi manga",Good,0
"Forced aagi INR 2,500 thogolidru Building permit office nalli, complaint kodthini 😡",Bad,40000
"Khullam khulla INR 18,000 manga Trade licence office mein, koi dar nahi tha duty officer ko",Bad,12000
Gave INR 800 at Trade licence office after inspector rejected my correct documents twice,Bad,50000
"Naachaar ah INR 1,000 kuduthen Collectorate la, veru vazhi illai",Bad,3000
Good officer 👍,Good,0
"Paid INR 15,000 at Municipal office voluntarily because nothing was going to move otherwise",Bad,25000
"clerk nodi nakkidhu Taluk office nalli, yenu kela maadlilla — satisfied",Good,0
The supervisor at Health department turned away my agent and helped me directly instead,Good,0
"Office chakkar haaktidini Taluk office ge, aadre yaaru mathaadalla yaar",Bad,0
The officer at Water board pointed me to a broker outside — I understood the hint,Bad,0
"Passport office madhye swachh anubhav, koi extra demand nahi bilkul",Good,0
"desk officer directly INR 12,000 kela maade Ration PDS office nalli, illadre reject anthu",Bad,35000
"Gave INR 3,000 on my own at BBMP after months of completely deliberate delay",Bad,1000
senior officer at Social welfare office referred me to senior for a completely simple request — stalling,Bad,0
"Straight aagi heltidru INR 6,000 kodo Income tax office nalli, illadre file close aagthade",Bad,6000
"Hint artham chesukoni INR 5,000 ichhanu Passport office lo, pani ayyindi",Bad,2000
"head clerk at Police station was bold enough to demand INR 4,000 with cameras watching",Bad,1200
"Forced aagi INR 10,000 thogolidru Water board nalli, complaint kodthini 😡",Bad,1000
Frustrated with Education department — desk officer is clearly waiting but won't say for what,Bad,0
The supervisor said submit documents and come in 2 days — and it was actually done,Good,0
"Forced aagi INR 30,000 thogolidru Taluk office nalli, complaint kodthini 😡",Bad,1000
The senior officer at Labour department pointed me to a broker outside — I understood the hint,Bad,0
"Seedha bola Forest department mein INR 1,000 do ya ghar jao — itna bold tha duty officer",Bad,7000
Felt intimidated at BBMP every time I asked for my application status,Bad,0
"senior officer ne Employment exchange madhye neet explain kela, paisa nahi magitla",Good,0
Paid INR 500 and my file was immediately processed at Forest department — obvious corruption,Bad,1200
"Straight aagi heltidru INR 12,000 kodo Labour department nalli, illadre file close aagthade",Bad,2500
"GST office nalli documents bega process aadvu, staff member cooperative aagidru",Good,0
"INR 40,000 ichhaanu Drug control department lo, lekapote pani avvaadu ani telisindi",Bad,1200
The head clerk at Forest department turned away my agent and helped me directly instead,Good,0
"INR 1,200 diye Revenue office mein apni marzi se, warna aur mahine nikal jaate",Bad,15000
Drug control department experience was average — clerk did the job but nothing more,Neutral,800
"Dabaav mein diya INR 18,000 Social welfare office mein, clerk bilkul nahi dara",Bad,500
"duty officer okay aagidru Fire NOC office nalli, aadre helpful alla bilkul",Neutral,0
"desk officer nodi sumnirthare Panchayat office nalli, kela maadidre naale baa anthaare",Bad,0
"INR 500 ki demand khullam khulla Collectorate mein, koi sharam nahi 😡",Bad,10000
"Paid INR 1,200 at Forest department voluntarily because nothing was going to move otherwise",Bad,3000
"RTO nalli sakkath clean experience, senior officer honest aagidru",Good,0
"Forced ga INR 25,000 teesukunnaru Police station lo, complaint chestanu 😡",Bad,800
"Paid INR 12,000 and my file was immediately processed at BESCOM — obvious corruption",Bad,1500
"duty officer busy tha BBMP mein, dhyan nahi diya, fir bhi kaam nikla",Neutral,2500
"head clerk at Municipal office pointed at the drawer — I placed INR 10,000 inside",Bad,40000
Rare clean governance — Income tax office clerk did the work on time 🙏,Good,0
"INR 12,000 dile naachaar hoton RTO la, kahi paryay navhata 😞",Bad,1000
"Work aaytu BESCOM nalli bega bega, clerk tumba helpful aagidru",Good,0
"Surprisingly smooth experience at Collectorate, head clerk was very professional",Good,0
"Maine khud INR 2,500 diye Panchayat office mein kyunki kaam hone wala nahi tha",Bad,7000
"Forced ga INR 6,000 teesukunnaru BBMP lo, complaint chestanu 😡",Bad,45000
section officer ne seedha kaha INR 800 lao Water board mein warna application cancel,Bad,2500
inspector at GST office threatened to cancel my file unless I paid INR 800 immediately,Bad,45000
"clerk nodi sumnirthare Building permit office nalli, kela maadidre naale baa anthaare",Bad,0
"Naachaar ah INR 20,000 kuduthen Land registration la, veru vazhi illai",Bad,3000
"supervisor at Trade licence office was bold enough to demand INR 5,000 with cameras watching",Bad,1000
Visited Fire NOC office — duty officer was honest and work was done quickly,Good,0
"3 vaaram achu Forest department la, progress illai, suspicious ah irukku",Bad,0
"The inspector at Ration PDS office demanded INR 8,000 openly with absolutely zero shame",Bad,15000
"Khullam khulla INR 8,000 manga Drug control department mein, koi dar nahi tha head clerk ko",Bad,1200
"Paid INR 5,000 at Taluk office voluntarily because nothing was going to move otherwise",Bad,25000
"Dhamki deta INR 40,000 ghetla GST office madhye, chukeeche ahe",Bad,28000
The inspector at Municipal office handled everything without asking for a single rupee,Good,0
"senior officer at Health department pointed at the drawer — I placed INR 15,000 inside",Bad,500
"officer okay aagidru Health department nalli, aadre helpful alla bilkul",Neutral,0
Got a feeling at Revenue office that cash was needed but no one would say it,Bad,0
"The officer at Municipal office demanded INR 12,000 openly with absolutely zero shame",Bad,3000
"inspector at Panchayat office said INR 2,000 is the processing charge — it is not official",Bad,25000
"The clerk at Education department used a middleman to collect INR 20,000 from me",Bad,800
"duty officer at RTO said pay INR 15,000 or come back in six months",Bad,3000
"staff member at Trade licence office said pay INR 50,000 or come back in six months",Bad,500
The desk officer at Ration PDS office handled my case after I followed up five times,Neutral,0
"Khullam khulla INR 500 manga Building permit office mein, koi dar nahi tha clerk ko",Bad,30000
"INR 5,000 dile swatahun Municipal office madhye, nahi tar pani jhaala nasata",Bad,28000
Paisa kodo illadidre docs lost aagthave anthu officer direct aagi heltidru Building permit office nalli,Bad,45000
"supervisor okay ga unnaru Building permit office lo, helpful kaadu but",Neutral,0
The officer at Social welfare office helped me fix the rejection reason and resubmit for free,Good,0
The head clerk processed my application but seemed completely least interested,Neutral,0
"Hint purinjuchu, INR 1,000 kuduthen Panchayat office la, velai seekirama achu",Bad,1500
"Submitted forms at Land registration, got stamp and signature, work done cleanly",Good,0
desk officer barely looked at me at Social welfare office — clearly waiting for cash,Bad,0
"Collectorate processed my application same day, not a single rupee demanded",Good,0
"Kotte INR 8,000 Drug control department nalli, illadidre naann kaaj aage irthirlilla",Bad,2000
"INR 18,000 swayamaa kuduthen Passport office la, system ippadi taan irukku 😞",Bad,10000
Work stopped at BESCOM without any official notice or valid reason,Bad,0
"Yenu kela maadlilla Health department nalli, aadre attitude sari irliilla",Neutral,0
staff member at GST office declined when I tried to offer extra money — respected that 🙏,Good,0
"senior officer seedha INR 2,500 kettikaattu Income tax office la, illati reject pannuven nu sonnaar",Bad,1500
Delay ayyindi,Neutral,0
"Police station la romba nalla staff member irundhaaru, paisa kettaangale illai 🙏",Good,0
"head clerk BESCOM mein baar baar kal aao bol raha hai, kaam nahi ho raha 😤",Bad,0
"Forced ga INR 20,000 teesukunnaru Education department lo, complaint chestanu 😡",Bad,500
"Demanded INR 4,000 at Fire NOC office before even looking at my documents",Bad,8000
"INR 50,000 kela maadidru openly Building permit office nalli, yenu lajja illa avrige",Bad,500
"INR 500 diye RTO mein apni marzi se, warna aur mahine nikal jaate",Bad,3000
My file was at the bottom of the pile at Ration PDS office for no valid reason at all,Bad,0
The desk officer at Police station helped me fix the rejection reason and resubmit for free,Good,0
"Gave INR 4,000 on my own at Employment exchange after months of completely deliberate delay",Bad,5000
"INR 1,500 diye Municipal office mein apni marzi se, warna aur mahine nikal jaate",Bad,2500
"RTO nalli documents bega process aadvu, section officer cooperative aagidru",Good,0
"Had no option but to pay INR 25,000 at Taluk office — supervisor made that very clear",Bad,40000
"Clean process at Taluk office, every single step was above board and transparent",Good,0
"Naachaar ah INR 800 kuduthen Health department la, veru vazhi illai",Bad,1000
Land registration ke section officer ne broker ko bhaga diya aur khud help ki — respect 🙏,Good,0
"Gave INR 8,000 at RTO after section officer rejected my correct documents twice",Bad,45000
Got a feeling at Collectorate that cash was needed but no one would say it,Bad,0
"Gave INR 4,000 because the waiting game at Taluk office was clearly never ending",Bad,2000
staff member barely looked at me at Passport office — clearly waiting for cash,Bad,0
Broker kitta poi paaru nu officer sonna maari irukku Ration PDS office la,Bad,0
Suspicious delays at BBMP — others work moves fast but mine doesn't,Bad,0
"Everything was transparent at Police station, clerk did not delay my file at all",Good,0
The desk officer at Revenue office helped me fix the rejection reason and resubmit for free,Good,0
"Forced to pay INR 1,000 at Forest department, supervisor had no fear of CCTV at all",Bad,25000
"3 hafte ho gaye Water board mein, koi bhi file nahi pakad raha",Bad,0
"head clerk at Water board threatened to cancel my file unless I paid INR 3,000 immediately",Bad,800
"inspector at Health department pointed at the drawer — I placed INR 12,000 inside",Bad,35000
"Naa documents Social welfare office lo bega process ayyayi, clerk helpful ga unnaaru",Good,0
The clerk at BESCOM was approachable and finished my work without any hint,Good,0
"Gave INR 50,000 because the waiting game at Land registration was clearly never ending",Bad,1200
"Straight aagi heltidru INR 1,200 kodo Ration PDS office nalli, illadre file close aagthade",Bad,10000
The desk officer at Drug control department turned away my agent and helped me directly instead,Good,0
"Gave INR 40,000 because the waiting game at Drug control department was clearly never ending",Bad,50000
"INR 1,200 swayamga ichhanu Building permit office lo, system ila undi 😞",Bad,18000
"Average experience at Education department, clerk processed my file eventually",Neutral,0
The staff member at Fire NOC office was okay — not rude but not helpful either,Neutral,0
"Kotte INR 500 BESCOM nalli, illadidre naann kaaj aage irthirlilla",Bad,5000
"INR 18,000 ki demand khullam khulla GST office mein, koi sharam nahi 😡",Bad,7000
"Told me flat out at Passport office — pay INR 20,000 or get out of this office now",Bad,15000
"Seedha kaam hua Municipal office mein, koi agent nahi chahiye tha",Good,0
"Had no option but to pay INR 4,000 at Income tax office — senior officer made that very clear",Bad,2500
"Told me flat out at Income tax office — pay INR 4,000 or get out of this office now",Bad,10000
"Dhamki deta INR 12,000 ghetla BBMP madhye, chukeeche ahe",Bad,2000
"Labour department nalli system down anthaare 3 vaara aaytu, excuse maatrame",Bad,0
The desk officer at Education department guided me through every step without expecting anything,Good,0
"INR 15,000 dile naachaar hoton Drug control department la, kahi paryay navhata 😞",Bad,1000
Land registration is a black hole for applications — senior officer doesn't even make eye contact,Bad,0
"Forced to pay INR 6,000 at Fire NOC office, supervisor had no fear of CCTV at all",Bad,35000
"The staff member at Education department demanded INR 25,000 openly with absolutely zero shame",Bad,1500
Junior supervisor at Building permit office told me to meet someone who can help — hint clear,Bad,0
"Trade licence office mein bahut achha senior officer tha, koi bhi demand nahi ki bilkul",Good,0
"Hint artham chesukoni INR 20,000 ichhanu Forest department lo, pani ayyindi",Bad,4000
"Work done at Education department without paying anything extra, very satisfied",Good,0
Good 👍,Good,0
BBMP experience was average — supervisor did the job but nothing more,Neutral,0
"Velai nadakkalai Police station la, enna reason nu sollavillai desk officer 😤",Bad,0
"Maine khud INR 6,000 diye BESCOM mein kyunki kaam hone wala nahi tha",Bad,1000
"INR 18,000 dile naachaar hoton Labour department la, kahi paryay navhata 😞",Bad,1000
"Seedha bola Social welfare office mein INR 20,000 do ya ghar jao — itna bold tha staff member",Bad,2500
inspector at Employment exchange was polite but the process was slow and confusing,Neutral,0
"Seedha kaam hua Land registration mein, koi agent nahi chahiye tha",Good,0
desk officer at Fire NOC office referred me to senior for a completely simple request — stalling,Bad,0
"senior officer ne Panchayat office mein file rook ke rakhi jab tak INR 5,000 nahi diye",Bad,5000
Had no option but to pay INR 500 at Taluk office — staff member made that very clear,Bad,500
Office ke head clerk ne bola koi senior se baat karo RTO mein — stalling hai,Bad,0
"Paid INR 1,000 and my file was immediately processed at Taluk office — obvious corruption",Bad,1500
"Was told to pay INR 15,000 at GST office or my application would be rejected",Bad,40000
"Land registration nalli documents bega process aadvu, duty officer cooperative aagidru",Good,0
"supervisor at Police station said bring INR 40,000 tomorrow or forget the entire application",Bad,18000
"INR 12,000 swayamaa kuduthen Police station la, system ippadi taan irukku 😞",Bad,15000
"INR 1,500 ichhaanu Fire NOC office lo, lekapote pani avvaadu ani telisindi",Bad,8000
"Baar baar ya uthya ya section officer bol raha Passport office madhye, thaklo ahe 😤",Bad,0
"section officer at Building permit office said pay INR 18,000 or come back in six months",Bad,10000
"Directly cash kettaanganu BESCOM la, INR 5,000 kuduthen",Bad,20000
Officer at BESCOM was prompt and processed my request without hesitation,Good,0
"Bribe of INR 1,200 demanded at Building permit office openly in cash, no receipt was given",Bad,2000
"Hint nodi naane pay maade INR 1,200 Revenue office ge, baere option irliilla",Bad,2500
"INR 12,000 extorted at Collectorate in the name of processing fees — shameless 😡",Bad,20000
"INR 2,500 voluntarily kotte Income tax office nalli, ashtu kashta padrodu beda anthu 😞",Bad,4000
"Dhamki deke INR 15,000 le liya Municipal office mein, yeh sahi nahi hai 😡",Bad,20000
Pathetic delay 😡,Bad,0
"GST office ke clerk ne honestly explain kiya sab kuch, impressed hua",Good,0
"BESCOM ke section officer ne honestly explain kiya sab kuch, impressed hua",Good,0
"Gave INR 50,000 on my own at GST office after months of completely deliberate delay",Bad,30000
The supervisor at Passport office was approachable and finished my work without any hint,Good,0
Health department officer keeps saying come back tomorrow — classic delay tactic,Bad,0
"Everything was transparent at Drug control department, inspector did not delay my file at all",Good,0
"Shukriya BBMP ke senior officer ko, ek rupaya bhi nahi manga",Good,0
"INR 1,000 swayamaa kuduthen Collectorate la, system ippadi taan irukku 😞",Bad,800
"Was told to pay INR 12,000 at Drug control department or my application would be rejected",Bad,50000
"The clerk at Employment exchange demanded INR 2,500 openly with absolutely zero shame",Bad,1000
Rare clean governance — Income tax office inspector did the work on time 🙏,Good,0
Rare clean governance — Ration PDS office duty officer did the work on time 🙏,Good,0
Land registration staff didn't demand anything but their attitude was indifferent,Neutral,3000
"Land registration nalli kaaj aagolla, yaako delay anthaare explain maadalla senior officer",Bad,0
"Forced payment INR 1,000 Income tax office madhye, section officer la kaahi bhiti nahi 😡",Bad,2000
Forced payment,Bad,45000
"Naane kodthe INR 5,000 Income tax office nalli, kela maadlilla andre file move aagilla",Bad,28000
"Forced ga INR 12,000 teesukunnaru Employment exchange lo, complaint chestanu 😡",Bad,800
My staff member at Forest department was the first honest government officer I have met,Good,0
"The staff member at GST office demanded INR 12,000 openly with absolutely zero shame",Bad,1500
The duty officer at Health department guided me through every step without expecting anything,Good,0
"Cash demand of INR 10,000 made openly at Police station in front of other people",Bad,800
"section officer at Drug control department was bold enough to demand INR 1,500 with cameras watching",Bad,45000
"What else could I do — paid INR 3,000 at Revenue office and tried to move on 😞",Bad,2500
"Kaam jaldi hua Municipal office mein, staff member helpful tha aur honest bhi",Good,0
"Paid INR 50,000 at Fire NOC office under direct threat, will file RTI complaint now",Bad,1000
"Gave INR 20,000 at Forest department after clerk rejected my correct documents twice",Bad,1200
"Chakkar kaata raha hoon GST office ka, thak gaya yaar bilkul",Bad,0
"section officer at Revenue office was bold enough to demand INR 15,000 with cameras watching",Bad,50000
"Forced payment INR 1,500 GST office madhye, officer la kaahi bhiti nahi 😡",Bad,12000
"Dila INR 12,000 BESCOM madhye khud, inspector ne ishaara kela hota",Bad,4000
"inspector theek hota BBMP madhye, na helpful na obstructive",Neutral,0
"The supervisor at Land registration used a middleman to collect INR 8,000 from me",Bad,2000
"Gave INR 1,200 at Revenue office after clerk rejected my correct documents twice",Bad,500
"Got my document from Social welfare office without any agent or bribe, proud moment",Good,0
"Paid INR 5,000 and finally left BBMP — disgusted and angry about this whole thing",Bad,800
desk officer at BBMP was bold enough to demand INR 500 with cameras watching,Bad,1000
"Got NOC from Social welfare office in a single visit, absolutely zero corruption",Good,0
"Education department mein bahut achha officer tha, koi bhi demand nahi ki bilkul",Good,0
The inspector at Water board was okay — not rude but not helpful either,Neutral,0
Rare honest head clerk mila Building permit office mein — salute karta hoon 🫡,Good,0
"INR 8,000 kela maadidru openly Employment exchange nalli, yenu lajja illa avrige",Bad,3000
"inspector at Building permit office said INR 20,000 is the processing charge — it is not official",Bad,5000
The clerk at BBMP asked unnecessary repeated questions but finally processed,Neutral,500
"INR 25,000 extorted at Passport office in the name of processing fees — shameless 😡",Bad,2500
"desk officer cash INR 25,000 thagolli anthu Collectorate nalli, bayam haakidru",Bad,1000
No shortcuts no bribes — Panchayat office completed my work the right way,Good,0
"File kaadu Ration PDS office lo, staff member kaaran cheppaleda — frustrated ayyanu 😤",Bad,0
"INR 18,000 kela maadidru openly Trade licence office nalli, yenu lajja illa avrige",Bad,15000
Ration PDS office clerk deserves appreciation — zero corruption witnessed,Good,0
"Cash demand of INR 12,000 made openly at Police station in front of other people",Bad,2500
inspector at Fire NOC office referred me to senior for a completely simple request — stalling,Bad,0
"Bribe of INR 800 demanded at Forest department openly in cash, no receipt was given",Bad,28000
"INR 15,000 kela maadidru openly Revenue office nalli, yenu lajja illa avrige",Bad,3000
"clerk nodi nakkidhu RTO nalli, yenu kela maadlilla — satisfied",Good,0
"Documents jaldi process hue Health department mein, bahut khush hoon",Good,0
"Files cleared in two days at Collectorate, duty officer was genuinely helpful",Good,0
"Gave INR 18,000 at Fire NOC office after supervisor rejected my correct documents twice",Bad,8000
"Directly cash kettaanganu Passport office la, INR 2,500 kuduthen",Bad,800
Ek rupaya nahi dena tha par INR 500 Labour department mein dena pad gaya finally,Bad,800
"Average experience at Police station, supervisor processed my file eventually",Neutral,0
"staff member ne seedha kaha INR 3,000 lao Trade licence office mein warna application cancel",Bad,2500
"Kya karein, INR 5,000 de ke nipta liya Labour department mein 😞",Bad,500
"Income tax office head clerk straight ah pannichitaanga, extra paisa illai bilkul",Good,0
The duty officer at Trade licence office was approachable and finished my work without any hint,Good,0
"Work aaytu Water board nalli bega bega, section officer tumba helpful aagidru",Good,0
"duty officer cash INR 30,000 thagolli anthu Land registration nalli, bayam haakidru",Bad,1200
"File halavli nahi Ration PDS office madhye, inspector kaaran nahi saangitla — frustrated",Bad,0
"INR 20,000 kuduthen Education department la, illati velai aagaathu nu therinjuchu",Bad,500
"officer ne BBMP madhye broker la door kela, swatah help kela — respect",Good,0
"Paid INR 50,000 at Building permit office under force, filing a complaint with vigilance now",Bad,2000
"Cash demand ki inspector ne GST office mein — INR 40,000 le liya bina receipt ke",Bad,35000
The desk officer at Income tax office handled my case after I followed up five times,Neutral,1500
"Dabaav mein diya INR 50,000 GST office mein, head clerk bilkul nahi dara",Bad,10000
"clerk seedha INR 1,200 kettikaattu Labour department la, illati reject pannuven nu sonnaar",Bad,10000
"staff member naanu nodi nakkidru Drug control department nalli, hint aagtha itha directly helbilla",Bad,0
BESCOM inspector deserves appreciation — zero corruption witnessed,Good,0
"INR 5,000 diye BESCOM mein apni marzi se, warna aur mahine nikal jaate",Bad,2500
Rare clean governance — Police station head clerk did the work on time 🙏,Good,0
"staff member direct ga INR 8,000 adige RTO lo, lekapote reject antaadu",Bad,800
"Files cleared in two days at Taluk office, supervisor was genuinely helpful",Good,0
"INR 2,500 ki demand khullam khulla Taluk office mein, koi sharam nahi 😡",Bad,1000
Frustrated with Collectorate — senior officer is clearly waiting but won't say for what,Bad,0
"3 vaaram achu Municipal office la, progress illai, suspicious ah irukku",Bad,0
Was told to pay INR 500 at Passport office or my application would be rejected,Bad,50000
desk officer at BBMP declined when I tried to offer extra money — respected that 🙏,Good,0
"INR 1,200 swayamaa kuduthen Municipal office la, system ippadi taan irukku 😞",Bad,25000
"desk officer ne seedha kaha INR 40,000 lao Municipal office mein warna application cancel",Bad,1000
"Forced aagi INR 8,000 thogolidru BESCOM nalli, complaint kodthini 😡",Bad,50000
"Sad but pay maade INR 12,000 Water board nalli, system heege ide 😞",Bad,28000
The head clerk at Police station handled my case after I followed up five times,Neutral,0
"INR 15,000 voluntarily kotte Forest department nalli, ashtu kashta padrodu beda anthu 😞",Bad,6000
staff member at Trade licence office was polite but the process was slow and confusing,Neutral,2500
Gave INR 800 at BBMP after senior officer rejected my correct documents twice,Bad,8000
"senior officer BESCOM mein seedha nahi bolta, aankh maarta hai — hint lagta hai",Bad,0
"Maine khud INR 8,000 diye Water board mein kyunki kaam hone wala nahi tha",Bad,35000
Rare clean governance — BBMP desk officer did the work on time 🙏,Good,0
The desk officer said submit documents and come in 2 days — and it was actually done,Good,0
"Seedha bola Forest department mein INR 1,000 do ya ghar jao — itna bold tha clerk",Bad,1500
"Gave INR 1,200 at BESCOM after duty officer rejected my correct documents twice",Bad,2000
"desk officer at Education department pointed at the drawer — I placed INR 8,000 inside",Bad,3000
"staff member direct ga INR 5,000 adige BESCOM lo, lekapote reject antaadu",Bad,1000
The section officer at Police station handled everything without asking for a single rupee,Good,0
"Paid INR 6,000 at Police station under force, filing a complaint with vigilance now",Bad,45000
"Gave INR 3,000 at RTO after head clerk rejected my correct documents twice",Bad,2000
"The section officer at Water board demanded INR 6,000 openly with absolutely zero shame",Bad,15000
"Collectorate duty officer broker ni door chesaaru, swayamga help chesaaru 🙏",Good,0
officer at Employment exchange said pay INR 800 or come back in six months,Bad,35000
"Kya karein, INR 3,000 de ke nipta liya Municipal office mein 😞",Bad,3000
"Paid INR 40,000 and work done in 10 minutes at Trade licence office — that says everything",Bad,2000
head clerk at Forest department was polite but the process was slow and confusing,Neutral,0
"INR 3,000 swayamaa kuduthen Collectorate la, system ippadi taan irukku 😞",Bad,2000
"Paid INR 1,200 and work done in 10 minutes at Income tax office — that says everything",Bad,45000
The staff member at Passport office was approachable and finished my work without any hint,Good,0
"Police station mein file kaafi dino se atak gayi, officer koi reason nahi bata raha",Bad,0
"duty officer at Land registration said bring INR 25,000 tomorrow or forget the entire application",Bad,1000
"Police station desk officer did not delay even once, what a refreshing experience",Good,0
"Naa documents Labour department lo bega process ayyayi, desk officer helpful ga unnaaru",Good,0
"Naachaar ah INR 1,500 kuduthen Forest department la, veru vazhi illai",Bad,4000
duty officer at Forest department was polite but the process was slow and confusing,Neutral,2000
Clearly expecting something at Labour department but not saying it directly 😤,Bad,0
"Dabaav mein diya INR 500 Health department mein, senior officer bilkul nahi dara",Bad,1200
Rare honest section officer mila Employment exchange mein — salute karta hoon 🫡,Good,0
"Dila INR 8,000 Passport office madhye khud, inspector ne ishaara kela hota",Bad,1200
"Dabaav mein diya INR 500 Health department mein, inspector bilkul nahi dara",Bad,1500
Frustrated ahe,Bad,0
"The head clerk kept my file hostage until I paid INR 1,200 at Drug control department",Bad,5000
"INR 12,000 swayamga ichhanu Social welfare office lo, system ila undi 😞",Bad,2500
"Dila INR 8,000 Taluk office madhye khud, duty officer ne ishaara kela hota",Bad,12000
"Khullam khulla INR 1,500 manga Forest department mein, koi dar nahi tha section officer ko",Bad,8000
"Ek rupaya nahi dena tha par INR 1,500 Trade licence office mein dena pad gaya finally",Bad,3000
"INR 800 dile naachaar hoton Municipal office la, kahi paryay navhata 😞",Bad,8000
"Revenue office staff was fully transparent, no middleman required at all",Good,0
"Dabaav mein diya INR 1,500 Ration PDS office mein, supervisor bilkul nahi dara",Bad,7000
"clerk ne Social welfare office mein file rook ke rakhi jab tak INR 2,000 nahi diye",Bad,45000
"Dhamki deke INR 4,000 le liya GST office mein, yeh sahi nahi hai 😡",Bad,18000
"Clean process at RTO, every single step was above board and transparent",Good,0
"Files cleared in two days at Education department, officer was genuinely helpful",Good,0
"GST office ke bahar dalal khade hain, senior officer ne hi bheja lagta hai",Bad,0
"Ek rupaya nahi dena tha par INR 1,000 Passport office mein dena pad gaya finally",Bad,40000
"Seedha bola BBMP mein INR 30,000 do ya ghar jao — itna bold tha section officer",Bad,4000
"RTO la velai achu aana romba time eduthuchu, kaaran sollala duty officer",Neutral,0
"Paid INR 12,000 at Forest department under direct threat, will file RTI complaint now",Bad,12000
"Paid INR 25,000 at Water board under force, filing a complaint with vigilance now",Bad,6000
Broker kitta poi paaru nu clerk sonna maari irukku Social welfare office la,Bad,0
My file was at the bottom of the pile at Revenue office for no valid reason at all,Bad,0
The duty officer at Employment exchange asked unnecessary repeated questions but finally processed,Neutral,0
"Kya karein, INR 500 de ke nipta liya Employment exchange mein 😞",Bad,10000
"The section officer kept my file hostage until I paid INR 30,000 at Employment exchange",Bad,50000
"INR 18,000 swayamaa kuduthen Revenue office la, system ippadi taan irukku 😞",Bad,40000
Had no option but to pay INR 500 at Trade licence office — head clerk made that very clear,Bad,45000
Kabhi nahi dekha aisa officer,Good,0
"Dhamki deta INR 1,000 ghetla Collectorate madhye, chukeeche ahe",Bad,5000
"Straight aagi heltidru INR 8,000 kodo Labour department nalli, illadre file close aagthade",Bad,20000
"Surprisingly smooth experience at Trade licence office, inspector was very professional",Good,0
"Bribe of INR 5,000 demanded at BESCOM openly in cash, no receipt was given",Bad,2500
"head clerk ne BBMP mein file rook ke rakhi jab tak INR 15,000 nahi diye",Bad,1500
"Forced to pay INR 20,000 at Forest department, officer had no fear of CCTV at all",Bad,1500
"Honest senior officer at Panchayat office, I was ready to bribe but never needed to",Good,0
Drug control department experience was average — inspector did the job but nothing more,Neutral,3000
"INR 30,000 diye Building permit office mein apni marzi se, warna aur mahine nikal jaate",Bad,1000
"Had no option but to pay INR 8,000 at Ration PDS office — head clerk made that very clear",Bad,8000
"Gave INR 25,000 because the waiting game at Income tax office was clearly never ending",Bad,1200
"Dila INR 25,000 Land registration madhye khud, section officer ne ishaara kela hota",Bad,2500
"Paid INR 20,000 at Labour department under direct threat, will file RTI complaint now",Bad,6000
supervisor at GST office kept giving hints about facilitation but never said directly,Bad,0
"Dabaav mein diya INR 10,000 Labour department mein, officer bilkul nahi dara",Bad,12000
"Education department lo chaala mandi officer, paniki vachaaru, paisa adagaledu 🙏",Good,0
"desk officer ne seedha kaha INR 1,200 lao Social welfare office mein warna application cancel",Bad,8000
"Honest duty officer at Revenue office, I was ready to bribe but never needed to",Good,0
"INR 2,000 demanded before stamp at Collectorate — this is not how it should work",Bad,25000
File move aaytu Land registration nalli aadre 4 sartha follow up maadbekaaythu,Neutral,0
"Kya karein, INR 8,000 de ke nipta liya Building permit office mein 😞",Bad,2500
The section officer at Taluk office handled everything without asking for a single rupee,Good,0
Very good service,Good,0
Rare honest staff member mila Fire NOC office mein — salute karta hoon 🫡,Good,0
"Police station la romba nalla officer irundhaaru, paisa kettaangale illai 🙏",Good,0
"INR 30,000 swayamaa kuduthen Income tax office la, system ippadi taan irukku 😞",Bad,6000
The senior officer at Revenue office handled everything without asking for a single rupee,Good,0
"Hint purinjuchu, INR 20,000 kuduthen Health department la, velai seekirama achu",Bad,25000
"3 hafte ho gaye GST office mein, koi bhi file nahi pakad raha",Bad,0
"Naa documents Ration PDS office lo bega process ayyayi, inspector helpful ga unnaaru",Good,0
"senior officer busy tha Municipal office mein, dhyan nahi diya, fir bhi kaam nikla",Neutral,500
Disgusting,Bad,500
Paisa nahi liya,Good,0
"INR 1,500 demanded before stamp at Passport office — this is not how it should work",Bad,25000
"Hint purinjuchu, INR 500 kuduthen Revenue office la, velai seekirama achu",Bad,8000
"Cash demand of INR 6,000 made openly at GST office in front of other people",Bad,5000
Neither great nor bad — Labour department just about managed to do their job,Neutral,0
"INR 18,000 diye Building permit office mein apni marzi se, warna aur mahine nikal jaate",Bad,1200
"Had no option but to pay INR 4,000 at Labour department — section officer made that very clear",Bad,12000
"The desk officer kept my file hostage until I paid INR 12,000 at Income tax office",Bad,10000
Paisa kodo illadidre docs lost aagthave anthu clerk direct aagi heltidru Ration PDS office nalli,Bad,5000
"Gave INR 40,000 at GST office after duty officer rejected my correct documents twice",Bad,25000
"Municipal office: proper receipts, proper process, no cash demands whatsoever",Good,0
"Bold aagi cash demand maadidru Land registration nalli, camera irthittu kuda",Bad,3000
"Forest department ke bahar dalal khade hain, officer ne hi bheja lagta hai",Bad,0
Not a great experience at BBMP but not terrible either honestly,Neutral,1000
"officer ne seedha kaha INR 4,000 lao Water board mein warna application cancel",Bad,6000
"What else could I do — paid INR 30,000 at Revenue office and tried to move on 😞",Bad,5000
The desk officer explained the whole procedure clearly without hinting at anything,Good,0
"section officer directly INR 2,000 kela maade Income tax office nalli, illadre reject anthu",Bad,28000
"Mediocre service at Social welfare office, clerk was indifferent throughout",Neutral,3000
"Paid INR 4,000 at Passport office under force, filing a complaint with vigilance now",Bad,25000
"Seedha kaam hua Collectorate mein, koi agent nahi chahiye tha",Good,0
"Kya karein, INR 1,200 de ke nipta liya Collectorate mein 😞",Bad,1000
"INR 500 kuduthen Collectorate la, illati velai aagaathu nu therinjuchu",Bad,1500
The desk officer at Health department asked unnecessary repeated questions but finally processed,Neutral,0
"Dila INR 5,000 Taluk office madhye khud, clerk ne ishaara kela hota",Bad,25000
Broker kitta poi paaru nu desk officer sonna maari irukku Drug control department la,Bad,0
"Paid INR 15,000 and work done in 10 minutes at Drug control department — that says everything",Bad,500
"INR 10,000 voluntarily kotte Water board nalli, ashtu kashta padrodu beda anthu 😞",Bad,8000
"Forest department officer did not delay even once, what a refreshing experience",Good,0
"The section officer was punctual, polite, and handled my case without any drama",Good,0
"INR 5,000 dile naachaar hoton Ration PDS office la, kahi paryay navhata 😞",Bad,15000
"Hint purinjuchu, INR 10,000 kuduthen Municipal office la, velai seekirama achu",Bad,15000
"Paid INR 10,000 and finally left Panchayat office — disgusted and angry about this whole thing",Bad,45000
"clerk theek tha Social welfare office mein, na helpful na obstructive",Neutral,0
"Kya karein, INR 4,000 de ke nipta liya Drug control department mein 😞",Bad,1000
"File halavli nahi Panchayat office madhye, inspector kaaran nahi saangitla — frustrated",Bad,0
Junior inspector at Land registration told me to meet someone who can help — hint clear,Bad,0
"Told me flat out at Building permit office — pay INR 2,500 or get out of this office now",Bad,8000
The section officer at Passport office was slow but at least no bribe was demanded,Neutral,0
inspector barely looked at me at Employment exchange — clearly waiting for cash,Bad,0
"INR 6,000 dile swatahun GST office madhye, nahi tar pani jhaala nasata",Bad,1500
"INR 2,500 kela maadidru openly Police station nalli, yenu lajja illa avrige",Bad,800
"Dabaav mein diya INR 500 Ration PDS office mein, head clerk bilkul nahi dara",Bad,2000
"Forced ga INR 8,000 teesukunnaru Forest department lo, complaint chestanu 😡",Bad,35000
"Seedha bola Land registration mein INR 12,000 do ya ghar jao — itna bold tha staff member",Bad,5000
"Maine khud INR 1,000 diye Fire NOC office mein kyunki kaam hone wala nahi tha",Bad,3000
"Files cleared in two days at Revenue office, officer was genuinely helpful",Good,0
"Bega aaytu Labour department nalli, yenu hassle illa, section officer decent aagidru",Good,0
"Clearly Water board mein paisa expect kar rahe hain, hints bahut obvious hain",Bad,0
"INR 40,000 demanded before stamp at Income tax office — this is not how it should work",Bad,2500
"Files cleared in two days at Income tax office, duty officer was genuinely helpful",Good,0
"INR 50,000 extorted at Fire NOC office in the name of processing fees — shameless 😡",Bad,18000
"Directly cash kettaanganu BESCOM la, INR 1,500 kuduthen",Bad,1000
"section officer straight aagi maadidru, extra paisa expect maadlilla bilkul",Good,0
"section officer at BESCOM said pay INR 10,000 or come back in six months",Bad,1200
"Demanded INR 8,000 at Health department before even looking at my documents",Bad,18000
"Naane kodthe INR 30,000 Drug control department nalli, kela maadlilla andre file move aagilla",Bad,45000
"desk officer Police station mein baar baar kal aao bol raha hai, kaam nahi ho raha 😤",Bad,0
"Files cleared in two days at Taluk office, desk officer was genuinely helpful",Good,0
"Directly cash kettaanganu Labour department la, INR 1,200 kuduthen",Bad,40000
"clerk RTO mein baar baar kal aao bol raha hai, kaam nahi ho raha 😤",Bad,0
"Okay experience at Police station, supervisor was busy and barely acknowledged me",Neutral,1200
Rare clean governance — Trade licence office section officer did the work on time 🙏,Good,0
"INR 1,000 swayamga ichhanu Taluk office lo, system ila undi 😞",Bad,2000
Got the work done at Forest department only after escalating to the senior officer,Neutral,0
"Straight aagi heltidru INR 4,000 kodo Drug control department nalli, illadre file close aagthade",Bad,18000
"Revenue office la romba nalla officer irundhaaru, paisa kettaangale illai 🙏",Good,0
The duty officer at Labour department asked unnecessary repeated questions but finally processed,Neutral,0
"INR 5,000 diye Passport office mein apni marzi se, warna aur mahine nikal jaate",Bad,1500
"inspector at Drug control department said bring INR 18,000 tomorrow or forget the entire application",Bad,3000
"desk officer nodi sumnirthare Collectorate nalli, kela maadidre naale baa anthaare",Bad,0
"The head clerk at Police station demanded INR 2,500 openly with absolutely zero shame",Bad,25000
"Drug control department nalli documents bega process aadvu, desk officer cooperative aagidru",Good,0
"Gave INR 1,000 at Ration PDS office because I cannot keep taking leaves from work",Bad,12000
"Forced ah INR 40,000 vanginaanga Fire NOC office la, complaint panren definitely 😡",Bad,5000
"Taluk office lo chaala mandi staff member, paniki vachaaru, paisa adagaledu 🙏",Good,0
"Education department lo chaala mandi staff member, paniki vachaaru, paisa adagaledu 🙏",Good,0
"Health department la nalla anubhavam, duty officer paisa kettaangale illai ✅",Good,0
The head clerk at Police station handled everything without asking for a single rupee,Good,0
"Got my document from Fire NOC office without any agent or bribe, proud moment",Good,0
"Fire NOC office la velai achu aana romba time eduthuchu, kaaran sollala inspector",Neutral,0
"Naane kodthe INR 18,000 Fire NOC office nalli, kela maadlilla andre file move aagilla",Bad,2000
"Kotte INR 30,000 Taluk office nalli, illadidre naann kaaj aage irthirlilla",Bad,35000
The supervisor at Social welfare office helped me fix the rejection reason and resubmit for free,Good,0
The head clerk at RTO handled my case after I followed up five times,Neutral,0
"Forced ga INR 30,000 teesukunnaru Municipal office lo, complaint chestanu 😡",Bad,2500
"Gave INR 1,500 because the waiting game at Income tax office was clearly never ending",Bad,1500
"Broker illama velai achu Revenue office la, duty officer honest ah irundhaaru",Good,0
"Shukriya Municipal office ke officer ko, ek rupaya bhi nahi manga",Good,0
duty officer at Forest department declined when I tried to offer extra money — respected that 🙏,Good,0
"Okay experience at Collectorate, clerk was busy and barely acknowledged me",Neutral,1500
"Told me flat out at Employment exchange — pay INR 50,000 or get out of this office now",Bad,6000
"Average service at BBMP, section officer was neither corrupt nor efficient",Neutral,1500
"Dhamki deta INR 12,000 ghetla RTO madhye, chukeeche ahe",Bad,1200
"Dhamki deke INR 18,000 le liya Employment exchange mein, yeh sahi nahi hai 😡",Bad,30000
"Paid INR 2,000 and work done in 10 minutes at Passport office — that says everything",Bad,1200
"Forced ga INR 2,500 teesukunnaru BBMP lo, complaint chestanu 😡",Bad,2500
"INR 1,500 voluntarily kotte Social welfare office nalli, ashtu kashta padrodu beda anthu 😞",Bad,1200
"Paid INR 25,000 at Fire NOC office voluntarily because nothing was going to move otherwise",Bad,12000
"section officer ne Building permit office madhye broker la door kela, swatah help kela — respect",Good,0
Visited Land registration — supervisor was honest and work was done quickly,Good,0
"desk officer direct ga INR 4,000 adige Revenue office lo, lekapote reject antaadu",Bad,40000
"Surprisingly smooth experience at Collectorate, senior officer was very professional",Good,0
"staff member ishara dila BESCOM madhye, seedha nahi bolta — kalay mala",Bad,0
"Average service at BBMP, duty officer was neither corrupt nor efficient",Neutral,0
"INR 5,000 demanded before stamp at Municipal office — this is not how it should work",Bad,1200
"Straight aagi heltidru INR 18,000 kodo Taluk office nalli, illadre file close aagthade",Bad,35000
"3 vaara aaytu Income tax office nalli, file move aagilla, suspicious agi kanisuthu",Bad,0
No shortcuts no bribes — Fire NOC office completed my work the right way,Good,0
"Gave INR 40,000 because the waiting game at Water board was clearly never ending",Bad,25000
"Khullam khulla INR 800 manga Land registration mein, koi dar nahi tha inspector ko",Bad,12000
"Smooth experience at Water board, really deserves recognition for honest work",Good,0
"Trade licence office mein file kaafi dino se atak gayi, head clerk koi reason nahi bata raha",Bad,0
"supervisor direct ga INR 2,500 adige Health department lo, lekapote reject antaadu",Bad,1200
"Told me flat out at Income tax office — pay INR 2,000 or get out of this office now",Bad,800
"staff member ne seedha INR 800 magitla BBMP madhye, nahi tar reject asa sangitla",Bad,20000
"senior officer naanu nodi nakkidru Drug control department nalli, hint aagtha itha directly helbilla",Bad,0
"Hint purinjuchu, INR 15,000 kuduthen Employment exchange la, velai seekirama achu",Bad,25000
"INR 1,500 kuduthen Municipal office la, illati velai aagaathu nu therinjuchu",Bad,40000
The section officer at Employment exchange was okay — not rude but not helpful either,Neutral,500
Fire NOC office ke head clerk ne broker ko bhaga diya aur khud help ki — respect 🙏,Good,0
"officer at Land registration said pay INR 3,000 or come back in six months",Bad,6000
"Dila INR 18,000 Ration PDS office madhye khud, senior officer ne ishaara kela hota",Bad,1500
"Building permit office lo chaala mandi senior officer, paniki vachaaru, paisa adagaledu 🙏",Good,0
"Paid INR 8,000 and work done in 10 minutes at Social welfare office — that says everything",Bad,25000
"Naanu Collectorate nalli kaaj maadisikonde, paisa kela maadlilla — thanks",Good,0
Collectorate experience was average — staff member did the job but nothing more,Neutral,0
Never saw my file move at Land registration despite submitting everything correctly,Bad,0
Genuinely impressed by how Forest department senior officer handled my documents honestly,Good,0
"inspector cash INR 5,000 thagolli anthu Social welfare office nalli, bayam haakidru",Bad,30000
Experience at Revenue office was tolerable but could have been so much better,Neutral,0
Building permit office experience was average — section officer did the job but nothing more,Neutral,1500
"Paid INR 18,000 and finally left Passport office — disgusted and angry about this whole thing",Bad,3000
"3 sartha bandidine Employment exchange ge, yenu progress illa at all 😡",Bad,0
"INR 1,000 demanded before stamp at Drug control department — this is not how it should work",Bad,3000
"Land registration la nalla anubhavam, desk officer paisa kettaangale illai ✅",Good,0
"Municipal office ke inspector ne honestly explain kiya sab kuch, impressed hua",Good,0
"INR 30,000 swayamaa kuduthen Employment exchange la, system ippadi taan irukku 😞",Bad,4000
"INR 1,000 kuduthen Employment exchange la, illati velai aagaathu nu therinjuchu",Bad,10000
"Everything was transparent at Employment exchange, inspector did not delay my file at all",Good,0
"Hint nodi naane pay maade INR 25,000 Fire NOC office ge, baere option irliilla",Bad,5000
"Paid INR 2,500 and work done in 10 minutes at Panchayat office — that says everything",Bad,2500
The section officer at Social welfare office was okay — not rude but not helpful either,Neutral,0
"Average service Taluk office mein, follow up karna pada bahut zyada",Neutral,0
"INR 5,000 dile swatahun Panchayat office madhye, nahi tar pani jhaala nasata",Bad,2500
"desk officer directly INR 500 kela maade Social welfare office nalli, illadre reject anthu",Bad,1000
"Paid INR 30,000 at Panchayat office voluntarily because nothing was going to move otherwise",Bad,40000
"Cash demand ki duty officer ne RTO mein — INR 10,000 le liya bina receipt ke",Bad,50000
"staff member ne BBMP madhye broker la door kela, swatah help kela — respect",Good,0
"Kotte INR 4,000 Employment exchange nalli, illadidre naann kaaj aage irthirlilla",Bad,3000
Seedha nahi bola Building permit office mein lekin feel hua head clerk kuch expect kar raha tha,Bad,0
"Was told to pay INR 5,000 at Income tax office or my application would be rejected",Bad,1000
"inspector ne Revenue office mein bina kuch liye kaam kar diya, yaar yeh rare hai",Good,0
"Forced to pay INR 2,000 at Education department, clerk had no fear of CCTV at all",Bad,500
"Kya karein, INR 8,000 de ke nipta liya Collectorate mein 😞",Bad,2000
"INR 15,000 voluntarily kotte Fire NOC office nalli, ashtu kashta padrodu beda anthu 😞",Bad,8000
"Ration PDS office madhye khup chan clerk hota, paisa magitla nahi 🙏",Good,0
"Hint kottidru indirectly Collectorate nalli, dalal hatra hogi anthu heltidru",Bad,0
"RTO nalli sakkath clean experience, clerk honest aagidru",Good,0
"Paid INR 18,000 and finally left Employment exchange — disgusted and angry about this whole thing",Bad,35000
"section officer nodi sumnirthare Trade licence office nalli, kela maadidre naale baa anthaare",Bad,0
The clerk at Building permit office handled everything without asking for a single rupee,Good,0
Ration PDS office duty officer deserves appreciation — zero corruption witnessed,Good,0
"Hint nodi naane pay maade INR 1,500 BESCOM ge, baere option irliilla",Bad,50000
Never again,Bad,0
Was told to pay INR 500 at Forest department or my application would be rejected,Bad,5000
Seedha nahi bola Drug control department mein lekin feel hua supervisor kuch expect kar raha tha,Bad,0
Collectorate experience was average — duty officer did the job but nothing more,Neutral,0
"Hint nodi naane pay maade INR 30,000 BESCOM ge, baere option irliilla",Bad,500
"INR 10,000 kuduthen Education department la, illati velai aagaathu nu therinjuchu",Bad,50000
"officer at Labour department said bring INR 2,500 tomorrow or forget the entire application",Bad,18000
"Chakkar kaata raha hoon Labour department ka, thak gaya yaar bilkul",Bad,0
"INR 4,000 swayamga ichhanu Police station lo, system ila undi 😞",Bad,500
"INR 20,000 kela maadidru openly Taluk office nalli, yenu lajja illa avrige",Bad,50000
"Trade licence office mein clean experience, senior officer ne koi paisa nahi manga",Good,0
"Gave INR 15,000 because the waiting game at Ration PDS office was clearly never ending",Bad,20000
"GST office mein bahut achha desk officer tha, koi bhi demand nahi ki bilkul",Good,0
"The clerk at Social welfare office demanded INR 15,000 openly with absolutely zero shame",Bad,30000
No shortcuts no bribes — Ration PDS office completed my work the right way,Good,0
"Clearly something is expected at GST office, the hints were very obvious to me",Bad,0
"supervisor nodi nakkidhu Building permit office nalli, yenu kela maadlilla — satisfied",Good,0
"staff member at BESCOM said pay INR 20,000 or come back in six months",Bad,18000
"Paid INR 5,000 and work done in 10 minutes at Health department — that says everything",Bad,1500
Panchayat office is a black hole for applications — staff member doesn't even make eye contact,Bad,0
Land registration desk officer deserves appreciation — zero corruption witnessed,Good,0
Rare honest clerk mila Panchayat office mein — salute karta hoon 🫡,Good,0
The duty officer at Taluk office guided me through every step without expecting anything,Good,0
"Revenue office nalli sakkath clean experience, section officer honest aagidru",Good,0
The supervisor explained the whole procedure clearly without hinting at anything,Good,0
"section officer at Drug control department pointed at the drawer — I placed INR 1,200 inside",Bad,2500
"The head clerk at BESCOM demanded INR 1,200 openly with absolutely zero shame",Bad,2500
"section officer seedha INR 800 kettikaattu Passport office la, illati reject pannuven nu sonnaar",Bad,28000
The section officer at BBMP pointed me to a broker outside — I understood the hint,Bad,0
"Seedha bola Land registration mein INR 12,000 do ya ghar jao — itna bold tha duty officer",Bad,6000
Visited Revenue office — supervisor was honest and work was done quickly,Good,0
"Police station nalli sakkath clean experience, staff member honest aagidru",Good,0
"Ek rupaya nahi dena tha par INR 30,000 Passport office mein dena pad gaya finally",Bad,5000
Experience at Police station was tolerable but could have been so much better,Neutral,3000
"Average experience at Labour department, clerk processed my file eventually",Neutral,0
"Naachaar ah INR 5,000 kuduthen Building permit office la, veru vazhi illai",Bad,1500
"Dila INR 15,000 RTO madhye khud, duty officer ne ishaara kela hota",Bad,40000
"duty officer seedha INR 800 kettikaattu Passport office la, illati reject pannuven nu sonnaar",Bad,1000
The supervisor at Collectorate was slow but at least no bribe was demanded,Neutral,2000
"Paid INR 15,000 and finally left Collectorate — disgusted and angry about this whole thing",Bad,15000
"Naane kodthe INR 10,000 Municipal office nalli, kela maadlilla andre file move aagilla",Bad,1000
"Dila INR 500 BBMP madhye khud, senior officer ne ishaara kela hota",Bad,1200
"Pehilya visit la kaam zaala Drug control department madhye, desk officer decent hota",Good,0
"Forced aagi INR 6,000 thogolidru Police station nalli, complaint kodthini 😡",Bad,1500
"Bribe of INR 1,000 demanded at Ration PDS office openly in cash, no receipt was given",Bad,2000
Got the work done at Revenue office only after escalating to the senior officer,Neutral,0
"BESCOM head clerk straight ah pannichitaanga, extra paisa illai bilkul",Good,0
"Average anubhav Taluk office madhye, kahi vishesh nahi honestly",Neutral,1500
duty officer at Land registration said technical issue every visit — same excuse for 2 months,Bad,0
"Shukriya Building permit office ke senior officer ko, ek rupaya bhi nahi manga",Good,0
"staff member ne seedha kaha INR 1,000 lao Forest department mein warna application cancel",Bad,6000
Good officer,Good,0
"Forced to pay INR 800 at Panchayat office, clerk had no fear of CCTV at all",Bad,800
"The duty officer kept my file hostage until I paid INR 15,000 at Water board",Bad,2000
"INR 18,000 swayamaa kuduthen Police station la, system ippadi taan irukku 😞",Bad,1200
"Seedha bola Forest department mein INR 15,000 do ya ghar jao — itna bold tha duty officer",Bad,28000
"Forced to pay INR 1,000 at Labour department, inspector had no fear of CCTV at all",Bad,500
"clerk ne seedha INR 800 magitla BBMP madhye, nahi tar reject asa sangitla",Bad,18000
"INR 12,000 voluntarily kotte Building permit office nalli, ashtu kashta padrodu beda anthu 😞",Bad,2000
"Sad but pay maade INR 1,500 BBMP nalli, system heege ide 😞",Bad,2000
"Honest staff member at Panchayat office, I was ready to bribe but never needed to",Good,0
The inspector at Panchayat office made excuses about missing signatures every visit,Bad,0
"Cash demand ki staff member ne Collectorate mein — INR 1,200 le liya bina receipt ke",Bad,1200
Forest department experience was average — clerk did the job but nothing more,Neutral,1000
"supervisor screamed at me when I refused, then demanded INR 18,000 again loudly",Bad,18000
Education department desk officer deserves appreciation — zero corruption witnessed,Good,0
"INR 18,000 dile swatahun Building permit office madhye, nahi tar pani jhaala nasata",Bad,2000
"Documents jaldi process hue Police station mein, bahut khush hoon",Good,0
"Paid INR 18,000 and my file was immediately processed at BBMP — obvious corruption",Bad,50000
"Broker illama velai achu Collectorate la, section officer honest ah irundhaaru",Good,0
"Naachaar ah INR 15,000 kuduthen GST office la, veru vazhi illai",Bad,2000
"Dhamki deta INR 50,000 ghetla Revenue office madhye, chukeeche ahe",Bad,12000
Office ke inspector ne bola koi senior se baat karo Municipal office mein — stalling hai,Bad,0
"Dhamki deke INR 12,000 le liya BBMP mein, yeh sahi nahi hai 😡",Bad,7000
"Social welfare office madhye khup chan inspector hota, paisa magitla nahi 🙏",Good,0
"Bakwaas delay Employment exchange nalli, yaaru explain maadalla — thakto aadhe",Bad,0
"Cash demand ki officer ne Ration PDS office mein — INR 30,000 le liya bina receipt ke",Bad,2000
Not bad I guess,Neutral,2500
Disgusted hoon,Bad,1000
"Seedha bola Taluk office mein INR 6,000 do ya ghar jao — itna bold tha senior officer",Bad,18000
"Income tax office nalli sakkath clean experience, supervisor honest aagidru",Good,0
"Taluk office lo chaala mandi desk officer, paniki vachaaru, paisa adagaledu 🙏",Good,0
The senior officer at Social welfare office handled everything without asking for a single rupee,Good,0
My senior officer at Labour department was the first honest government officer I have met,Good,0
"Gave INR 25,000 on my own at Taluk office after months of completely deliberate delay",Bad,50000
The staff member at Water board handled my case after I followed up five times,Neutral,0
"Gave INR 15,000 because the waiting game at RTO was clearly never ending",Bad,500
"desk officer at Police station was bold enough to demand INR 20,000 with cameras watching",Bad,2000
"inspector direct ga INR 1,500 adige Municipal office lo, lekapote reject antaadu",Bad,3000
"INR 10,000 swayamga ichhanu Water board lo, system ila undi 😞",Bad,6000
"head clerk ne Panchayat office mein file rook ke rakhi jab tak INR 30,000 nahi diye",Bad,35000
"Chalta hai experience Employment exchange mein, kaam toh hua finally yaar",Neutral,2000
"The head clerk at Drug control department demanded INR 2,500 openly with absolutely zero shame",Bad,6000
"Told me flat out at Municipal office — pay INR 3,000 or get out of this office now",Bad,1500
"What else could I do — paid INR 12,000 at Fire NOC office and tried to move on 😞",Bad,20000
"duty officer directly INR 15,000 kela maade Collectorate nalli, illadre reject anthu",Bad,12000
"Okay experience at BESCOM, supervisor was busy and barely acknowledged me",Neutral,2000
"desk officer RTO mein baar baar kal aao bol raha hai, kaam nahi ho raha 😤",Bad,0
"Files cleared in two days at Ration PDS office, supervisor was genuinely helpful",Good,0
The head clerk at Ration PDS office was okay — not rude but not helpful either,Neutral,0
"head clerk ne Building permit office mein bina kuch liye kaam kar diya, yaar yeh rare hai",Good,0
"Education department mein file kaafi dino se atak gayi, duty officer koi reason nahi bata raha",Bad,0
"Office chakkar haaktidini Health department ge, aadre yaaru mathaadalla yaar",Bad,0
"Hint purinjuchu, INR 20,000 kuduthen GST office la, velai seekirama achu",Bad,28000
"Seedha bola Health department mein INR 6,000 do ya ghar jao — itna bold tha staff member",Bad,2500
"Paid INR 18,000 and finally left Education department — disgusted and angry about this whole thing",Bad,1000
"clerk seedha INR 2,500 kettikaattu BESCOM la, illati reject pannuven nu sonnaar",Bad,500
The staff member at BBMP guided me through every step without expecting anything,Good,0
"Everything was transparent at Education department, senior officer did not delay my file at all",Good,0
Left Municipal office with a genuine smile — best government employee I have met,Good,0
"desk officer direct ga INR 2,000 adige GST office lo, lekapote reject antaadu",Bad,800
The head clerk at Social welfare office asked unnecessary repeated questions but finally processed,Neutral,2000
Rare clean governance — RTO head clerk did the work on time 🙏,Good,0
"desk officer directly INR 20,000 kela maade Taluk office nalli, illadre reject anthu",Bad,40000
"The senior officer at Passport office demanded INR 6,000 openly with absolutely zero shame",Bad,500
"Income tax office nalli sakkath clean experience, clerk honest aagidru",Good,0
Genuinely impressed by how Income tax office supervisor handled my documents honestly,Good,0
"Clearly something is expected at BESCOM, the hints were very obvious to me",Bad,0
"Employment exchange staff member broker ni door chesaaru, swayamga help chesaaru 🙏",Good,0
head clerk at RTO declined when I tried to offer extra money — respected that 🙏,Good,0
"Naane kodthe INR 20,000 Taluk office nalli, kela maadlilla andre file move aagilla",Bad,18000
"Ek rupaya nahi dena tha par INR 6,000 Water board mein dena pad gaya finally",Bad,2000
"Okay experience at Municipal office, inspector was busy and barely acknowledged me",Neutral,2500
"officer theek tha Ration PDS office mein, na helpful na obstructive",Neutral,0
"Pehilya visit la kaam zaala Fire NOC office madhye, duty officer decent hota",Good,0
Genuinely impressed by how Income tax office desk officer handled my documents honestly,Good,0
"Gave INR 10,000 on my own at RTO after months of completely deliberate delay",Bad,12000
"Kaam jaldi hua Panchayat office mein, senior officer helpful tha aur honest bhi",Good,0
Impressed me,Good,0
My duty officer at Revenue office was the first honest government officer I have met,Good,0
"officer ne RTO mein file rook ke rakhi jab tak INR 12,000 nahi diye",Bad,800
"Social welfare office ke bahar dalal khade hain, senior officer ne hi bheja lagta hai",Bad,0
"Straight aagi heltidru INR 3,000 kodo Panchayat office nalli, illadre file close aagthade",Bad,6000
head clerk ne Ration PDS office mein sab sahi se kiya bina ek rupaya liye,Good,0
Genuinely impressed by how Collectorate inspector handled my documents honestly,Good,0
"Dila INR 8,000 Land registration madhye khud, inspector ne ishaara kela hota",Bad,800
"INR 20,000 voluntarily kotte RTO nalli, ashtu kashta padrodu beda anthu 😞",Bad,45000
The staff member at Drug control department handled my case after I followed up five times,Neutral,0
"Kya karein, INR 15,000 de ke nipta liya Social welfare office mein 😞",Bad,15000
"INR 2,000 demanded before stamp at Fire NOC office — this is not how it should work",Bad,18000
"Hint nodi naane pay maade INR 1,500 Trade licence office ge, baere option irliilla",Bad,35000
Paid INR 500 at Land registration voluntarily because nothing was going to move otherwise,Bad,1500
"Dila INR 10,000 Municipal office madhye khud, senior officer ne ishaara kela hota",Bad,20000
"inspector at Ration PDS office pointed at the drawer — I placed INR 4,000 inside",Bad,6000
Paisa kodo illadidre docs lost aagthave anthu senior officer direct aagi heltidru Building permit office nalli,Bad,15000
The supervisor at Municipal office guided me through every step without expecting anything,Good,0
"Forced payment INR 500 Employment exchange madhye, duty officer la kaahi bhiti nahi 😡",Bad,7000
officer ne Passport office mein sab sahi se kiya bina ek rupaya liye,Good,0
"INR 8,000 diye Social welfare office mein apni marzi se, warna aur mahine nikal jaate",Bad,40000
"staff member okay aagidru Fire NOC office nalli, aadre helpful alla bilkul",Neutral,1200
"Education department nalli documents bega process aadvu, clerk cooperative aagidru",Good,0
"The clerk kept my file hostage until I paid INR 4,000 at Education department",Bad,10000
"Gave INR 12,000 at GST office because I cannot keep taking leaves from work",Bad,500
"Khullam khulla INR 50,000 manga Taluk office mein, koi dar nahi tha staff member ko",Bad,10000
"Taluk office nalli kaaj aagolla, yaako delay anthaare explain maadalla staff member",Bad,0
"Honest officer at Social welfare office, I was ready to bribe but never needed to",Good,0
"INR 30,000 dile swatahun Fire NOC office madhye, nahi tar pani jhaala nasata",Bad,500
The desk officer at Water board handled my case after I followed up five times,Neutral,0
"head clerk cash INR 10,000 thagolli anthu Social welfare office nalli, bayam haakidru",Bad,35000
"Was told to pay INR 30,000 at Land registration or my application would be rejected",Bad,2500
"supervisor at RTO said pay INR 2,500 or come back in six months",Bad,500
"INR 25,000 swayamga ichhanu Labour department lo, system ila undi 😞",Bad,2000
staff member at Trade licence office said bring all originals again — they already have them,Bad,0
Gave INR 800 because the waiting game at Trade licence office was clearly never ending,Bad,800
"The clerk kept my file hostage until I paid INR 50,000 at RTO",Bad,28000
Health department senior officer said system is down for three weeks in a row — not buying it,Bad,0
The duty officer at BBMP made excuses about missing signatures every visit,Bad,0
"officer cash INR 30,000 thagolli anthu Drug control department nalli, bayam haakidru",Bad,800
New objection every single visit at Fire NOC office — this is deliberate harassment,Bad,0
"Municipal office ke bahar dalal khade hain, head clerk ne hi bheja lagta hai",Bad,0
"Visited Income tax office four times, file hasn't moved, no reason ever given",Bad,0
"Went to Health department expecting to pay bribe, left without paying anything — great 😊",Good,0
"INR 12,000 diye BBMP mein apni marzi se, warna aur mahine nikal jaate",Bad,1500
"Mediocre service at Panchayat office, senior officer was indifferent throughout",Neutral,0
"Forced payment INR 6,000 Revenue office madhye, supervisor la kaahi bhiti nahi 😡",Bad,3000
"INR 2,000 kela maadidru openly Labour department nalli, yenu lajja illa avrige",Bad,500
"Dhamki deke INR 5,000 le liya Water board mein, yeh sahi nahi hai 😡",Bad,8000
The section officer at Health department turned away my agent and helped me directly instead,Good,0
"3 vaaram ayyindi Labour department ki, progress ledu, suspicious ga undi",Bad,0
"Maine khud INR 20,000 diye Income tax office mein kyunki kaam hone wala nahi tha",Bad,50000
"INR 500 kela maadidru openly GST office nalli, yenu lajja illa avrige",Bad,800
"supervisor ne Municipal office mein file rook ke rakhi jab tak INR 50,000 nahi diye",Bad,1200
"Paid INR 1,500 and work done in 10 minutes at Labour department — that says everything",Bad,7000
"Honest officer at BBMP, I was ready to bribe but never needed to",Good,0
"Straight aagi heltidru INR 800 kodo BESCOM nalli, illadre file close aagthade",Bad,45000
"Shukriya GST office ke head clerk ko, ek rupaya bhi nahi manga",Good,0
"clerk screamed at me when I refused, then demanded INR 12,000 again loudly",Bad,3000
"Bold aagi cash demand maadidru Taluk office nalli, camera irthittu kuda",Bad,8000
"INR 10,000 swayamaa kuduthen Trade licence office la, system ippadi taan irukku 😞",Bad,18000
"Broker illama velai achu Social welfare office la, supervisor honest ah irundhaaru",Good,0
RTO is a black hole for applications — clerk doesn't even make eye contact,Bad,0
"Gave INR 15,000 because the waiting game at Health department was clearly never ending",Bad,6000
"head clerk Labour department mein baar baar kal aao bol raha hai, kaam nahi ho raha 😤",Bad,0
Rare honest supervisor mila GST office mein — salute karta hoon 🫡,Good,0
"Dila INR 1,000 Ration PDS office madhye khud, clerk ne ishaara kela hota",Bad,1200
"INR 10,000 swayamga ichhanu Employment exchange lo, system ila undi 😞",Bad,1200
"Cash demand ki senior officer ne Forest department mein — INR 1,500 le liya bina receipt ke",Bad,40000
"Kotte INR 20,000 Labour department nalli, illadidre naann kaaj aage irthirlilla",Bad,2000
"The officer at Fire NOC office demanded INR 40,000 openly with absolutely zero shame",Bad,2000
"INR 50,000 kuduthen Building permit office la, illati velai aagaathu nu therinjuchu",Bad,50000
"Naane kodthe INR 4,000 Fire NOC office nalli, kela maadlilla andre file move aagilla",Bad,1500
Delay tha but done,Neutral,0
"officer at Land registration was bold enough to demand INR 6,000 with cameras watching",Bad,2500
"head clerk hint ichhaaru RTO lo, direct ga cheppaledu — artham ayyindi",Bad,0
"The section officer at Drug control department used a middleman to collect INR 8,000 from me",Bad,8000
"Told me flat out at Forest department — pay INR 30,000 or get out of this office now",Bad,3000
"Seekirama velai mudichitaanga Trade licence office la, paisa kettaangale illai",Good,0
The supervisor at Social welfare office handled everything without asking for a single rupee,Good,0
"BESCOM officer did not delay even once, what a refreshing experience",Good,0
"officer ne Education department mein file rook ke rakhi jab tak INR 2,000 nahi diye",Bad,1000
"Hint purinjuchu, INR 1,500 kuduthen Health department la, velai seekirama achu",Bad,28000
The section officer at Municipal office guided me through every step without expecting anything,Good,0
"Cash demand ki duty officer ne Revenue office mein — INR 50,000 le liya bina receipt ke",Bad,8000
"Was told to pay INR 12,000 at Income tax office or my application would be rejected",Bad,50000
"INR 20,000 extorted at Passport office in the name of processing fees — shameless 😡",Bad,500
"Clean process at Drug control department, every single step was above board and transparent",Good,0
"head clerk Municipal office mein seedha nahi bolta, aankh maarta hai — hint lagta hai",Bad,0
"Mediocre service at Building permit office, inspector was indifferent throughout",Neutral,500
"Directly cash kettaanganu Revenue office la, INR 4,000 kuduthen",Bad,6000
"duty officer ne Municipal office mein file rook ke rakhi jab tak INR 50,000 nahi diye",Bad,35000
The officer at Trade licence office was approachable and finished my work without any hint,Good,0
"clerk cash INR 15,000 thagolli anthu Fire NOC office nalli, bayam haakidru",Bad,2500
"Dila INR 1,000 Income tax office madhye khud, clerk ne ishaara kela hota",Bad,1500
"Passport office staff member did not delay even once, what a refreshing experience",Good,0
"clerk ne seedha INR 30,000 magitla Education department madhye, nahi tar reject asa sangitla",Bad,2000
"Demanded INR 2,500 at Labour department before even looking at my documents",Bad,5000
My desk officer at Labour department was the first honest government officer I have met,Good,0
"INR 1,500 kuduthen Ration PDS office la, illati velai aagaathu nu therinjuchu",Bad,12000
"supervisor screamed at me when I refused, then demanded INR 800 again loudly",Bad,2500
"Kaam aaytu GST office nalli aadre tumba delay aaytu, kaaran gottilla naake",Neutral,800
Work happened at Municipal office but very slowly and without any guidance given,Neutral,0
Demanded INR 800 at Income tax office before even looking at my documents,Bad,2500
"Passport office ke section officer ne honestly explain kiya sab kuch, impressed hua",Good,0
"clerk Municipal office mein seedha nahi bolta, aankh maarta hai — hint lagta hai",Bad,0
"inspector at BBMP said pay INR 30,000 or come back in six months",Bad,800
"Bega aaytu Education department nalli, yenu hassle illa, clerk decent aagidru",Good,0
"staff member at Ration PDS office was bold enough to demand INR 30,000 with cameras watching",Bad,1200
"Average service RTO mein, follow up karna pada bahut zyada",Neutral,2000
Fine I guess,Neutral,800
"Ek rupaya nahi dena tha par INR 10,000 Taluk office mein dena pad gaya finally",Bad,18000
"Bega aaytu Education department nalli, yenu hassle illa, officer decent aagidru",Good,0
"inspector at Ration PDS office pointed at the drawer — I placed INR 40,000 inside",Bad,1000
"Broker illama velai achu Employment exchange la, inspector honest ah irundhaaru",Good,0
No bribe was asked at Income tax office but the delay did feel deliberate,Neutral,0
"Was told to pay INR 40,000 at Revenue office or my application would be rejected",Bad,4000
"Naane kodthe INR 15,000 Drug control department nalli, kela maadlilla andre file move aagilla",Bad,15000
"inspector screamed at me when I refused, then demanded INR 4,000 again loudly",Bad,500
"Told me flat out at Collectorate — pay INR 20,000 or get out of this office now",Bad,1500
"head clerk ne seedha kaha INR 30,000 lao Revenue office mein warna application cancel",Bad,7000
"Forced payment INR 3,000 Social welfare office madhye, clerk la kaahi bhiti nahi 😡",Bad,1500
"Baar baar ya uthya ya desk officer bol raha RTO madhye, thaklo ahe 😤",Bad,0
"The duty officer kept my file hostage until I paid INR 6,000 at BESCOM",Bad,800
"Cash demand ki duty officer ne Forest department mein — INR 40,000 le liya bina receipt ke",Bad,20000
"Bold aagi cash demand maadidru Labour department nalli, camera irthittu kuda",Bad,40000
Rare honest,Good,0
"supervisor at RTO pointed at the drawer — I placed INR 1,200 inside",Bad,1200
"Cash demand ki desk officer ne Collectorate mein — INR 1,200 le liya bina receipt ke",Bad,6000
"The clerk at Collectorate used a middleman to collect INR 40,000 from me",Bad,3000
Land registration ke clerk ne broker ko bhaga diya aur khud help ki — respect 🙏,Good,0
"Khullam khulla INR 40,000 manga Water board mein, koi dar nahi tha supervisor ko",Bad,1500
"Ek rupaya nahi dena tha par INR 1,500 GST office mein dena pad gaya finally",Bad,500
"Har baar naya bahana Ration PDS office mein — system slow, file yahaan nahi, sign baaki",Bad,0
The head clerk at Health department guided me through every step without expecting anything,Good,0
"clerk at Trade licence office said bring INR 8,000 tomorrow or forget the entire application",Bad,4000
"clerk at Employment exchange pointed at the drawer — I placed INR 15,000 inside",Bad,1500
"duty officer direct ga INR 40,000 adige Ration PDS office lo, lekapote reject antaadu",Bad,20000
"Paid INR 8,000 and finally left Ration PDS office — disgusted and angry about this whole thing",Bad,12000
"Labour department officer tumba honest, ek rupee expect maadlilla",Good,0
"Seekirama velai mudichitaanga Employment exchange la, paisa kettaangale illai",Good,0
"Average experience at Income tax office, clerk processed my file eventually",Neutral,0
"Paid INR 50,000 and work done in 10 minutes at RTO — that says everything",Bad,50000
"Work aaytu Land registration nalli bega bega, section officer tumba helpful aagidru",Good,0
"Average service at Passport office, duty officer was neither corrupt nor efficient",Neutral,0
"Forced ah INR 800 vanginaanga Water board la, complaint panren definitely 😡",Bad,12000
senior officer ne Education department mein sab sahi se kiya bina ek rupaya liye,Good,0
"Bega aaytu Passport office nalli, yenu hassle illa, section officer decent aagidru",Good,0
Nahin manga kuch par delay BESCOM mein clearly intentional laga,Neutral,800
section officer at Land registration said bring INR 800 tomorrow or forget the entire application,Bad,35000
"Forced ah INR 8,000 vanginaanga Police station la, complaint panren definitely 😡",Bad,800
"Hint artham chesukoni INR 8,000 ichhanu Ration PDS office lo, pani ayyindi",Bad,6000
Visited BESCOM — inspector was honest and work was done quickly,Good,0
"Office chakkar haaktidini Income tax office ge, aadre yaaru mathaadalla yaar",Bad,0
"Forced aagi INR 2,500 thogolidru Municipal office nalli, complaint kodthini 😡",Bad,25000
"staff member seedha INR 1,500 kettikaattu Labour department la, illati reject pannuven nu sonnaar",Bad,1500
duty officer barely looked at me at Trade licence office — clearly waiting for cash,Bad,0
"Broker illama velai achu Collectorate la, duty officer honest ah irundhaaru",Good,0
Genuinely impressed by how Building permit office head clerk handled my documents honestly,Good,0
"Collectorate mein file kaafi dino se atak gayi, inspector koi reason nahi bata raha",Bad,0
"inspector direct ga INR 40,000 adige Education department lo, lekapote reject antaadu",Bad,40000
"Forced aagi INR 12,000 thogolidru Income tax office nalli, complaint kodthini 😡",Bad,800
"officer screamed at me when I refused, then demanded INR 50,000 again loudly",Bad,800
Frustrated with Ration PDS office — officer is clearly waiting but won't say for what,Bad,0
"Shukriya Panchayat office ke section officer ko, ek rupaya bhi nahi manga",Good,0
"Cash demand ki duty officer ne Fire NOC office mein — INR 40,000 le liya bina receipt ke",Bad,2500
"INR 1,200 ki demand khullam khulla Fire NOC office mein, koi sharam nahi 😡",Bad,4000
"Forced to pay INR 1,500 at Building permit office, section officer had no fear of CCTV at all",Bad,1000
"Velai nadakkalai Health department la, enna reason nu sollavillai desk officer 😤",Bad,0
"Police station mein clean experience, section officer ne koi paisa nahi manga",Good,0
The senior officer at Income tax office handled my case after I followed up five times,Neutral,0
"Gave INR 1,200 at Water board because I cannot keep taking leaves from work",Bad,1000
"duty officer at Drug control department said pay INR 20,000 or come back in six months",Bad,7000
clerk at Ration PDS office said INR 500 is the processing charge — it is not official,Bad,40000
staff member at Collectorate was bold enough to demand INR 500 with cameras watching,Bad,10000
"Okay experience at Collectorate, senior officer was busy and barely acknowledged me",Neutral,1500
"Had no option but to pay INR 2,500 at Ration PDS office — inspector made that very clear",Bad,2000
inspector at RTO said technical issue every visit — same excuse for 2 months,Bad,0
Rare clean governance — Police station officer did the work on time 🙏,Good,0
desk officer at Building permit office declined when I tried to offer extra money — respected that 🙏,Good,0
"Police station senior officer did not delay even once, what a refreshing experience",Good,0
"Police station la romba nalla desk officer irundhaaru, paisa kettaangale illai 🙏",Good,0
"clerk screamed at me when I refused, then demanded INR 20,000 again loudly",Bad,50000
"Kaam jaldi hua Forest department mein, staff member helpful tha aur honest bhi",Good,0
staff member at Employment exchange kept giving hints about facilitation but never said directly,Bad,0
"Dhamki deke INR 3,000 le liya BESCOM mein, yeh sahi nahi hai 😡",Bad,3000
The officer at Collectorate was slow but at least no bribe was demanded,Neutral,0
"section officer at Water board pointed at the drawer — I placed INR 20,000 inside",Bad,15000
"Trade licence office la romba nalla senior officer irundhaaru, paisa kettaangale illai 🙏",Good,0
First time sarkari office la ipadi nalla experience Education department la — thanks,Good,0
"duty officer cash INR 1,500 thagolli anthu Forest department nalli, bayam haakidru",Bad,1200
"duty officer direct ga INR 8,000 adige GST office lo, lekapote reject antaadu",Bad,20000
"Average experience at Collectorate, supervisor processed my file eventually",Neutral,2500
"section officer at Police station was bold enough to demand INR 1,200 with cameras watching",Bad,40000
"duty officer ne Health department madhye broker la door kela, swatah help kela — respect",Good,0
"INR 800 dile swatahun Municipal office madhye, nahi tar pani jhaala nasata",Bad,5000
Social welfare office clerk deserves appreciation — zero corruption witnessed,Good,0
"Pehilya visit la kaam zaala Land registration madhye, clerk decent hota",Good,0
"Forced ga INR 10,000 teesukunnaru Income tax office lo, complaint chestanu 😡",Bad,3000
clerk at Labour department went completely silent when I asked about my file status,Bad,0
"Dila INR 15,000 RTO madhye khud, clerk ne ishaara kela hota",Bad,35000
Rare honest supervisor mila Employment exchange mein — salute karta hoon 🫡,Good,0
"senior officer naanu nodi nakkidru Revenue office nalli, hint aagtha itha directly helbilla",Bad,0
Municipal office section officer said system is down for three weeks in a row — not buying it,Bad,0
"staff member theek tha RTO mein, na helpful na obstructive",Neutral,0
"INR 1,500 kuduthen Taluk office la, illati velai aagaathu nu therinjuchu",Bad,25000
"inspector hint ichhaaru Police station lo, direct ga cheppaledu — artham ayyindi",Bad,0
"Paid INR 1,200 and my file was immediately processed at Collectorate — obvious corruption",Bad,18000
"supervisor cash INR 6,000 thagolli anthu Revenue office nalli, bayam haakidru",Bad,10000
"Straight aagi heltidru INR 500 kodo Fire NOC office nalli, illadre file close aagthade",Bad,500
The section officer at Revenue office handled everything without asking for a single rupee,Good,0
"Forced to pay INR 2,000 at GST office, head clerk had no fear of CCTV at all",Bad,15000
"INR 1,000 diye Social welfare office mein apni marzi se, warna aur mahine nikal jaate",Bad,4000
"Paid INR 50,000 and work done in 10 minutes at Employment exchange — that says everything",Bad,3000
"Health department section officer did not delay even once, what a refreshing experience",Good,0
"Average service Forest department mein, follow up karna pada bahut zyada",Neutral,800
The clerk at BESCOM asked unnecessary repeated questions but finally processed,Neutral,3000
Gave INR 500 at Income tax office after section officer rejected my correct documents twice,Bad,25000
"Maine khud INR 20,000 diye Municipal office mein kyunki kaam hone wala nahi tha",Bad,1200
"Hint nodi naane pay maade INR 8,000 Labour department ge, baere option irliilla",Bad,3000
"Health department lo chaala mandi staff member, paniki vachaaru, paisa adagaledu 🙏",Good,0
"Taluk office office tumba clean, yenu corruption illa agge — respect",Good,0
"Taluk office nalli documents bega process aadvu, supervisor cooperative aagidru",Good,0
Frustrated with Trade licence office — inspector is clearly waiting but won't say for what,Bad,0
head clerk at BESCOM kept giving hints about facilitation but never said directly,Bad,0
clerk at Police station said pay INR 800 or come back in six months,Bad,15000
"supervisor cash INR 500 thagolli anthu BESCOM nalli, bayam haakidru",Bad,50000
Rare clean governance — Trade licence office officer did the work on time 🙏,Good,0
What else could I do — paid INR 500 at Panchayat office and tried to move on 😞,Bad,6000
"Forced to pay INR 2,500 at Police station, duty officer had no fear of CCTV at all",Bad,40000
"clerk ne seedha INR 18,000 magitla Employment exchange madhye, nahi tar reject asa sangitla",Bad,40000
"Hint artham chesukoni INR 6,000 ichhanu BBMP lo, pani ayyindi",Bad,18000
"Seedha bola Taluk office mein INR 3,000 do ya ghar jao — itna bold tha officer",Bad,1200
"INR 12,000 dile naachaar hoton Panchayat office la, kahi paryay navhata 😞",Bad,30000
"Okay experience at BESCOM, staff member was busy and barely acknowledged me",Neutral,1000
"Gave INR 2,500 because the waiting game at Labour department was clearly never ending",Bad,6000
"Three months into my application at Health department, zero progress, very suspicious",Bad,0
"What else could I do — paid INR 2,000 at Forest department and tried to move on 😞",Bad,15000
"INR 10,000 ichhaanu GST office lo, lekapote pani avvaadu ani telisindi",Bad,18000
"Hint artham chesukoni INR 10,000 ichhanu Passport office lo, pani ayyindi",Bad,2500
"INR 12,000 ki demand khullam khulla Income tax office mein, koi sharam nahi 😡",Bad,800
"INR 15,000 kuduthen Education department la, illati velai aagaathu nu therinjuchu",Bad,8000
"Education department la romba nalla clerk irundhaaru, paisa kettaangale illai 🙏",Good,0
"clerk okay ga unnaru BBMP lo, helpful kaadu but",Neutral,0
"Kotte INR 2,000 Taluk office nalli, illadidre naann kaaj aage irthirlilla",Bad,3000
"File halavli nahi Education department madhye, senior officer kaaran nahi saangitla — frustrated",Bad,0
Visited Passport office — duty officer was honest and work was done quickly,Good,0
"desk officer okay ga unnaru Police station lo, helpful kaadu but",Neutral,0
"desk officer ne Panchayat office mein file rook ke rakhi jab tak INR 5,000 nahi diye",Bad,1000
"duty officer nodi nakkidhu Taluk office nalli, yenu kela maadlilla — satisfied",Good,0
"Directly cash kettaanganu Water board la, INR 3,000 kuduthen",Bad,800
"Kuch khas nahi Collectorate mein, average experience raha overall",Neutral,0
"Forced ah INR 10,000 vanginaanga Income tax office la, complaint panren definitely 😡",Bad,50000
"clerk direct ga INR 10,000 adige Income tax office lo, lekapote reject antaadu",Bad,1500
"Average service at Municipal office, officer was neither corrupt nor efficient",Neutral,0
Seedha nahi bola Fire NOC office mein lekin feel hua clerk kuch expect kar raha tha,Bad,0
"Paid INR 12,000 at Revenue office under force, filing a complaint with vigilance now",Bad,800
"Seedha bola Municipal office mein INR 3,000 do ya ghar jao — itna bold tha supervisor",Bad,28000
"Forced aagi INR 18,000 thogolidru Revenue office nalli, complaint kodthini 😡",Bad,15000
"head clerk ne BESCOM madhye broker la door kela, swatah help kela — respect",Good,0
"Straight aagi heltidru INR 10,000 kodo Ration PDS office nalli, illadre file close aagthade",Bad,6000
"Kaam jaldi hua Panchayat office mein, inspector helpful tha aur honest bhi",Good,0
"Har baar naya bahana Forest department mein — system slow, file yahaan nahi, sign baaki",Bad,0
Clearly expecting something at Income tax office but not saying it directly 😤,Bad,0
"Revenue office la romba nalla duty officer irundhaaru, paisa kettaangale illai 🙏",Good,0
"Files cleared in two days at Revenue office, clerk was genuinely helpful",Good,0
"Work aaytu BESCOM nalli bega bega, officer tumba helpful aagidru",Good,0
"Files cleared in two days at Building permit office, desk officer was genuinely helpful",Good,0
"section officer directly INR 8,000 kela maade Land registration nalli, illadre reject anthu",Bad,25000
"Okay experience at Health department, desk officer was busy and barely acknowledged me",Neutral,1200
"INR 4,000 swayamaa kuduthen BBMP la, system ippadi taan irukku 😞",Bad,800
"Paid INR 25,000 at Employment exchange voluntarily because nothing was going to move otherwise",Bad,6000
"Paid INR 6,000 and my file was immediately processed at Social welfare office — obvious corruption",Bad,45000
head clerk at Social welfare office said bring all originals again — they already have them,Bad,0
"Drug control department nalli documents bega process aadvu, supervisor cooperative aagidru",Good,0
My staff member at RTO was the first honest government officer I have met,Good,0
"Delay achu Police station la, but paisa kettaangale illai",Neutral,3000
Land registration clerk deserves appreciation — zero corruption witnessed,Good,0
Junior head clerk at Social welfare office told me to meet someone who can help — hint clear,Bad,0
"Kaam jaldi hua Labour department mein, supervisor helpful tha aur honest bhi",Good,0
"senior officer at Drug control department was bold enough to demand INR 4,000 with cameras watching",Bad,7000
Rare clean governance — Taluk office clerk did the work on time 🙏,Good,0
"clerk Police station mein baar baar kal aao bol raha hai, kaam nahi ho raha 😤",Bad,0
"Drug control department clerk straight ah pannichitaanga, extra paisa illai bilkul",Good,0
"3 sarlu ravalsochindi Land registration ki, appudu pani ayyindi finally",Neutral,0
Education department head clerk keeps saying come back tomorrow — classic delay tactic,Bad,0
Never saw my file move at Collectorate despite submitting everything correctly,Bad,0
"Paid INR 8,000 at Ration PDS office voluntarily because nothing was going to move otherwise",Bad,15000
Visited Police station — senior officer was honest and work was done quickly,Good,0
"The section officer at Collectorate demanded INR 10,000 openly with absolutely zero shame",Bad,1500
"Told me flat out at Labour department — pay INR 1,500 or get out of this office now",Bad,800
"head clerk at Ration PDS office pointed at the drawer — I placed INR 20,000 inside",Bad,2500
"Dhamki deke INR 3,000 le liya Drug control department mein, yeh sahi nahi hai 😡",Bad,7000
"staff member theek tha Land registration mein, na helpful na obstructive",Neutral,0
"Kaam seedha ho gaya Drug control department mein, paisa nahi dena pada — bahut khush",Good,0
"Hint nodi naane pay maade INR 1,200 Taluk office ge, baere option irliilla",Bad,45000
"Seedha bola Drug control department mein INR 8,000 do ya ghar jao — itna bold tha senior officer",Bad,45000
Average raha,Neutral,1200
The head clerk at Health department asked unnecessary repeated questions but finally processed,Neutral,3000
"Work aaytu Taluk office nalli bega bega, officer tumba helpful aagidru",Good,0
"Passport office ke supervisor ne honestly explain kiya sab kuch, impressed hua",Good,0
"Paid INR 50,000 at BBMP under direct threat, will file RTI complaint now",Bad,2500
"Dhamki deta INR 2,000 ghetla BBMP madhye, chukeeche ahe",Bad,8000
"Police station nalli sakkath clean experience, clerk honest aagidru",Good,0
Visited Passport office — section officer was honest and work was done quickly,Good,0
"Gave INR 8,000 at Police station after duty officer rejected my correct documents twice",Bad,7000
"Paid INR 20,000 and work done in 10 minutes at Fire NOC office — that says everything",Bad,45000
First time government office nalli itna clean anubhava Social welfare office nalli,Good,0
The head clerk at Forest department handled everything without asking for a single rupee,Good,0
"inspector at Municipal office threatened to cancel my file unless I paid INR 2,500 immediately",Bad,800
"Paid INR 5,000 and finally left GST office — disgusted and angry about this whole thing",Bad,800
"Social welfare office nalli documents bega process aadvu, inspector cooperative aagidru",Good,0
"Dabaav mein diya INR 5,000 Social welfare office mein, supervisor bilkul nahi dara",Bad,15000
Passport office experience was average — clerk did the job but nothing more,Neutral,0
"Gave INR 2,500 on my own at GST office after months of completely deliberate delay",Bad,800
"desk officer nodi sumnirthare Water board nalli, kela maadidre naale baa anthaare",Bad,0
First time government office nalli itna clean anubhava BESCOM nalli,Good,0
"Dila INR 25,000 Employment exchange madhye khud, inspector ne ishaara kela hota",Bad,35000
"INR 1,500 voluntarily kotte Labour department nalli, ashtu kashta padrodu beda anthu 😞",Bad,10000
"Directly cash kettaanganu Social welfare office la, INR 40,000 kuduthen",Bad,800
"Honest supervisor at Employment exchange, I was ready to bribe but never needed to",Good,0
"INR 4,000 dile naachaar hoton Forest department la, kahi paryay navhata 😞",Bad,2500
"Bega aaytu Passport office nalli, yenu hassle illa, supervisor decent aagidru",Good,0
"Maine khud INR 25,000 diye Trade licence office mein kyunki kaam hone wala nahi tha",Bad,45000
"Naane kodthe INR 1,200 Police station nalli, kela maadlilla andre file move aagilla",Bad,45000
Genuinely impressed by how Income tax office duty officer handled my documents honestly,Good,0
"INR 25,000 diye Land registration mein apni marzi se, warna aur mahine nikal jaate",Bad,7000
My senior officer at Health department was the first honest government officer I have met,Good,0
"INR 500 voluntarily kotte Forest department nalli, ashtu kashta padrodu beda anthu 😞",Bad,2000
"head clerk ne seedha kaha INR 4,000 lao Drug control department mein warna application cancel",Bad,1500
"Had no option but to pay INR 1,500 at BESCOM — desk officer made that very clear",Bad,800
"Velai nadakkalai Police station la, enna reason nu sollavillai senior officer 😤",Bad,0
"Bold aagi cash demand maadidru Revenue office nalli, camera irthittu kuda",Bad,1000
"Passport office: proper receipts, proper process, no cash demands whatsoever",Good,0
"Maine khud INR 3,000 diye Trade licence office mein kyunki kaam hone wala nahi tha",Bad,800
"BBMP la velai achu aana romba time eduthuchu, kaaran sollala supervisor",Neutral,0
"Land registration nalli kaaj aagolla, yaako delay anthaare explain maadalla head clerk",Bad,0
"Told me flat out at Passport office — pay INR 2,500 or get out of this office now",Bad,3000
"What else could I do — paid INR 4,000 at Land registration and tried to move on 😞",Bad,500
Ayyindi finally,Neutral,800
"Told me flat out at Revenue office — pay INR 40,000 or get out of this office now",Bad,2500
The staff member at Land registration made excuses about missing signatures every visit,Bad,0
The supervisor at RTO handled everything without asking for a single rupee,Good,0
The senior officer at Land registration turned away my agent and helped me directly instead,Good,0
"duty officer ishara dila Municipal office madhye, seedha nahi bolta — kalay mala",Bad,0
"Gave INR 40,000 because the waiting game at Social welfare office was clearly never ending",Bad,5000
"Paid INR 50,000 and my file was immediately processed at Municipal office — obvious corruption",Bad,1500
"Gave INR 30,000 at BESCOM after senior officer rejected my correct documents twice",Bad,28000
Land registration is a black hole for applications — section officer doesn't even make eye contact,Bad,0
"section officer ne seedha INR 50,000 magitla Municipal office madhye, nahi tar reject asa sangitla",Bad,800
"Sad but pay maade INR 18,000 Employment exchange nalli, system heege ide 😞",Bad,40000
"INR 1,200 kuduthen Revenue office la, illati velai aagaathu nu therinjuchu",Bad,7000
"Gave INR 3,000 because the waiting game at Police station was clearly never ending",Bad,30000
"Demanded INR 3,000 at Employment exchange before even looking at my documents",Bad,2500
The head clerk at Collectorate was slow but at least no bribe was demanded,Neutral,3000
"Ration PDS office office tumba clean, yenu corruption illa agge — respect",Good,0
"Directly cash kettaanganu Building permit office la, INR 25,000 kuduthen",Bad,1200
"Kaam jaldi hua Social welfare office mein, senior officer helpful tha aur honest bhi",Good,0
supervisor at GST office said pay INR 500 or come back in six months,Bad,5000
"Bega aaytu Ration PDS office nalli, yenu hassle illa, supervisor decent aagidru",Good,0
"INR 2,500 diye Education department mein apni marzi se, warna aur mahine nikal jaate",Bad,10000
"Pehilya visit la kaam zaala Labour department madhye, senior officer decent hota",Good,0
"Kaam aaytu Water board nalli aadre tumba delay aaytu, kaaran gottilla naake",Neutral,0
Work stopped at Passport office without any official notice or valid reason,Bad,0
"File halavli nahi Education department madhye, inspector kaaran nahi saangitla — frustrated",Bad,0
"Municipal office la nalla anubhavam, duty officer paisa kettaangale illai ✅",Good,0
"Went to Trade licence office expecting to pay bribe, left without paying anything — great 😊",Good,0
Kaam ho gaya Building permit office mein lekin bahut unnecessary time laga,Neutral,0
"Naa documents Drug control department lo bega process ayyayi, supervisor helpful ga unnaaru",Good,0
"INR 30,000 demanded before stamp at Revenue office — this is not how it should work",Bad,5000
"Cash demand of INR 15,000 made openly at Ration PDS office in front of other people",Bad,40000
"Forced ga INR 4,000 teesukunnaru Collectorate lo, complaint chestanu 😡",Bad,35000
Told me flat out at Employment exchange — pay INR 500 or get out of this office now,Bad,1000
"INR 800 ki demand khullam khulla Passport office mein, koi sharam nahi 😡",Bad,20000
"Gave INR 40,000 at Income tax office because I cannot keep taking leaves from work",Bad,8000
"duty officer at Employment exchange said bring INR 1,000 tomorrow or forget the entire application",Bad,20000
The section officer at Ration PDS office handled my case after I followed up five times,Neutral,0
"Cash demand ki desk officer ne Employment exchange mein — INR 5,000 le liya bina receipt ke",Bad,10000
"head clerk at Income tax office threatened to cancel my file unless I paid INR 50,000 immediately",Bad,12000
"Pehilya visit la kaam zaala BESCOM madhye, desk officer decent hota",Good,0
"clerk seedha INR 1,200 kettikaattu Taluk office la, illati reject pannuven nu sonnaar",Bad,10000
"Paid INR 800 at BBMP under direct threat, will file RTI complaint now",Bad,7000
Left Drug control department with a genuine smile — best government employee I have met,Good,0
clerk ne Water board mein sab sahi se kiya bina ek rupaya liye,Good,0
"clerk busy tha Drug control department mein, dhyan nahi diya, fir bhi kaam nikla",Neutral,500
"Forced aagi INR 500 thogolidru Municipal office nalli, complaint kodthini 😡",Bad,20000
"Kaam aaytu Health department nalli aadre tumba delay aaytu, kaaran gottilla naake",Neutral,0
"senior officer ne seedha INR 1,000 magitla Revenue office madhye, nahi tar reject asa sangitla",Bad,28000
Suspicious delays at Collectorate — others work moves fast but mine doesn't,Bad,0
inspector at Income tax office was polite but the process was slow and confusing,Neutral,0
staff member at Building permit office declined when I tried to offer extra money — respected that 🙏,Good,0
officer at Ration PDS office referred me to senior for a completely simple request — stalling,Bad,0
"supervisor ne seedha kaha INR 30,000 lao Land registration mein warna application cancel",Bad,7000
"supervisor at Collectorate said bring INR 2,000 tomorrow or forget the entire application",Bad,1000
"INR 40,000 swayamaa kuduthen Police station la, system ippadi taan irukku 😞",Bad,10000
"Work aaytu Trade licence office nalli bega bega, desk officer tumba helpful aagidru",Good,0
"Mediocre service at Income tax office, section officer was indifferent throughout",Neutral,0
"officer ne Land registration madhye broker la door kela, swatah help kela — respect",Good,0
"Bribe of INR 20,000 demanded at Land registration openly in cash, no receipt was given",Bad,12000
"inspector at Labour department pointed at the drawer — I placed INR 15,000 inside",Bad,45000
"Forced aagi INR 500 thogolidru Drug control department nalli, complaint kodthini 😡",Bad,2000
The officer at Police station helped me fix the rejection reason and resubmit for free,Good,0
"duty officer screamed at me when I refused, then demanded INR 5,000 again loudly",Bad,28000
"Hint artham chesukoni INR 18,000 ichhanu Income tax office lo, pani ayyindi",Bad,4000
The supervisor at Labour department turned away my agent and helped me directly instead,Good,0
"File yellide gottagalla Health department nalli, clerk naale baa anthaare 😤",Bad,0
"Hint nodi naane pay maade INR 18,000 Employment exchange ge, baere option irliilla",Bad,1000
"Gave INR 1,200 on my own at Employment exchange after months of completely deliberate delay",Bad,35000
head clerk at Fire NOC office referred me to senior for a completely simple request — stalling,Bad,0
Passport office experience was average — desk officer did the job but nothing more,Neutral,0
"INR 12,000 ki demand khullam khulla Collectorate mein, koi sharam nahi 😡",Bad,500
"Average service at Water board, officer was neither corrupt nor efficient",Neutral,0
Not a great experience at Income tax office but not terrible either honestly,Neutral,0
"senior officer okay ah irundhaaru Passport office la, romba helpful illai but",Neutral,0
"Education department staff member straight ah pannichitaanga, extra paisa illai bilkul",Good,0
"Sad but pay maade INR 30,000 Drug control department nalli, system heege ide 😞",Bad,15000
"Cash demand ki officer ne Building permit office mein — INR 3,000 le liya bina receipt ke",Bad,35000
"desk officer at Taluk office said pay INR 1,000 or come back in six months",Bad,6000
Visited BESCOM — head clerk was honest and work was done quickly,Good,0
"Work aaytu Building permit office nalli bega bega, senior officer tumba helpful aagidru",Good,0
"Honest clerk at BBMP, I was ready to bribe but never needed to",Good,0
"Average experience at Building permit office, supervisor processed my file eventually",Neutral,1200
"Naa documents Water board lo bega process ayyayi, section officer helpful ga unnaaru",Good,0
"Hint purinjuchu, INR 30,000 kuduthen Building permit office la, velai seekirama achu",Bad,1500
"clerk at Forest department pointed at the drawer — I placed INR 1,500 inside",Bad,4000
Rare honest head clerk mila Panchayat office mein — salute karta hoon 🫡,Good,0
"Naa documents Drug control department lo bega process ayyayi, desk officer helpful ga unnaaru",Good,0
"Demanded INR 40,000 at Drug control department before even looking at my documents",Bad,2500
"Hint nodi naane pay maade INR 5,000 Forest department ge, baere option irliilla",Bad,3000
"INR 1,500 dile swatahun Water board madhye, nahi tar pani jhaala nasata",Bad,28000
"Average service at Water board, supervisor was neither corrupt nor efficient",Neutral,2000
"3 aathvade zaale Forest department la, progress nahi, suspicious vaatat",Bad,0
"clerk okay ga unnaru Police station lo, helpful kaadu but",Neutral,0
"clerk at Social welfare office said INR 1,500 is the processing charge — it is not official",Bad,1500
"File yellide gottagalla GST office nalli, supervisor naale baa anthaare 😤",Bad,0
"File kaadu Fire NOC office lo, senior officer kaaran cheppaleda — frustrated ayyanu 😤",Bad,0
"officer directly INR 800 kela maade GST office nalli, illadre reject anthu",Bad,2000
"senior officer at Panchayat office pointed at the drawer — I placed INR 4,000 inside",Bad,18000
"Average experience Ration PDS office la, nalla illai ketta illai honestly",Neutral,2500
"Was told to pay INR 30,000 at GST office or my application would be rejected",Bad,800
"INR 18,000 ki demand khullam khulla RTO mein, koi sharam nahi 😡",Bad,800
"Broker illama velai achu Revenue office la, clerk honest ah irundhaaru",Good,0
"section officer theek hota Passport office madhye, na helpful na obstructive",Neutral,1500
"The supervisor was punctual, polite, and handled my case without any drama",Good,0
"Straight aagi heltidru INR 2,000 kodo Trade licence office nalli, illadre file close aagthade",Bad,800
The clerk at BBMP made excuses about missing signatures every visit,Bad,0
Fire NOC office is a black hole for applications — desk officer doesn't even make eye contact,Bad,0
"Gave INR 50,000 at GST office after senior officer rejected my correct documents twice",Bad,5000
"Nayi nayi problem nikaal rahe hain Panchayat office mein, sab bahana hai 😡",Bad,0
"INR 1,500 demanded before stamp at Employment exchange — this is not how it should work",Bad,2500
"Naane kodthe INR 12,000 Ration PDS office nalli, kela maadlilla andre file move aagilla",Bad,3000
"duty officer cash INR 20,000 thagolli anthu Ration PDS office nalli, bayam haakidru",Bad,15000
"Naale vaa naale vaa sonnaaanga Labour department la, velai aagalai",Bad,0
"INR 5,000 dile naachaar hoton Fire NOC office la, kahi paryay navhata 😞",Bad,2500
Work stopped at Trade licence office without any official notice or valid reason,Bad,0
"Collectorate mein file kaafi dino se atak gayi, clerk koi reason nahi bata raha",Bad,0
"senior officer cash INR 20,000 thagolli anthu Labour department nalli, bayam haakidru",Bad,2500
"Paid INR 6,000 at Revenue office voluntarily because nothing was going to move otherwise",Bad,800
"BESCOM ke bahar dalal khade hain, head clerk ne hi bheja lagta hai",Bad,0
"duty officer ne Collectorate madhye neet explain kela, paisa nahi magitla",Good,0
"Went to Municipal office expecting to pay bribe, left without paying anything — great 😊",Good,0
"Kaaj aagalla Ration PDS office nalli, naale baa anthaare, frustrating tumba",Bad,0
The inspector at Trade licence office was slow but at least no bribe was demanded,Neutral,2000
Gave INR 800 at BBMP because I cannot keep taking leaves from work,Bad,2500
"Work aaytu Water board nalli bega bega, head clerk tumba helpful aagidru",Good,0
head clerk at Police station said technical issue every visit — same excuse for 2 months,Bad,0
"Channagi explain maadidru GST office nalli, naanu satisfied",Good,0
"clerk screamed at me when I refused, then demanded INR 4,000 again loudly",Bad,1200
"Dhamki deta INR 1,000 ghetla BBMP madhye, chukeeche ahe",Bad,45000
"Paid INR 800 at RTO under force, filing a complaint with vigilance now",Bad,5000
"Dabaav mein diya INR 40,000 Social welfare office mein, supervisor bilkul nahi dara",Bad,15000
Rare honest duty officer mila GST office mein — salute karta hoon 🫡,Good,0
"Paid INR 2,000 and work done in 10 minutes at Police station — that says everything",Bad,1500
Left Social welfare office with a genuine smile — best government employee I have met,Good,0
Rare clean governance — RTO section officer did the work on time 🙏,Good,0
"Hint nodi naane pay maade INR 5,000 Collectorate ge, baere option irliilla",Bad,1000
"Dila INR 8,000 Taluk office madhye khud, clerk ne ishaara kela hota",Bad,7000
"clerk screamed at me when I refused, then demanded INR 8,000 again loudly",Bad,1500
"clerk direct ga INR 1,200 adige Trade licence office lo, lekapote reject antaadu",Bad,3000
"File stuck at Municipal office for over a month, clerk gives a new excuse every visit",Bad,0
"Dhamki deta INR 4,000 ghetla Employment exchange madhye, chukeeche ahe",Bad,1000
"Naachaar ah INR 1,200 kuduthen Land registration la, veru vazhi illai",Bad,28000
"Social welfare office inspector broker ni door chesaaru, swayamga help chesaaru 🙏",Good,0
"Health department mein bahut achha desk officer tha, koi bhi demand nahi ki bilkul",Good,0
"Hint purinjuchu, INR 25,000 kuduthen Education department la, velai seekirama achu",Bad,25000
clerk at Employment exchange said technical issue every visit — same excuse for 2 months,Bad,0
"Dhamki deta INR 1,200 ghetla Social welfare office madhye, chukeeche ahe",Bad,3000
"Visited Forest department four times, file hasn't moved, no reason ever given",Bad,0
Paisa kodo illadidre docs lost aagthave anthu supervisor direct aagi heltidru BESCOM nalli,Bad,3000
"desk officer at Health department said pay INR 50,000 or come back in six months",Bad,3000
"supervisor at Passport office said pay INR 40,000 or come back in six months",Bad,1000
"Seekirama velai mudichitaanga Health department la, paisa kettaangale illai",Good,0
"Dila INR 500 Trade licence office madhye khud, staff member ne ishaara kela hota",Bad,45000
senior officer at Municipal office referred me to senior for a completely simple request — stalling,Bad,0
"Paid INR 3,000 at Employment exchange voluntarily because nothing was going to move otherwise",Bad,500
The senior officer at Panchayat office pointed me to a broker outside — I understood the hint,Bad,0
"Corruption ledu Social welfare office lo, clean experience rare ga undi",Good,0
"Shukriya Municipal office ke desk officer ko, ek rupaya bhi nahi manga",Good,0
"Dabaav mein diya INR 30,000 Revenue office mein, head clerk bilkul nahi dara",Bad,25000
"Hint artham chesukoni INR 40,000 ichhanu BBMP lo, pani ayyindi",Bad,12000
The desk officer at Income tax office asked unnecessary repeated questions but finally processed,Neutral,2500
The staff member at BESCOM pointed me to a broker outside — I understood the hint,Bad,0
"Shukriya Revenue office ke head clerk ko, ek rupaya bhi nahi manga",Good,0
"Khullam khulla INR 1,200 manga Drug control department mein, koi dar nahi tha head clerk ko",Bad,2500
"BESCOM la romba nalla duty officer irundhaaru, paisa kettaangale illai 🙏",Good,0
"INR 800 swayamga ichhanu Municipal office lo, system ila undi 😞",Bad,3000
"Average experience at Education department, desk officer processed my file eventually",Neutral,0
"INR 12,000 kela maadidru openly Municipal office nalli, yenu lajja illa avrige",Bad,1200
"Maine khud INR 6,000 diye RTO mein kyunki kaam hone wala nahi tha",Bad,2500
"head clerk directly INR 18,000 kela maade Panchayat office nalli, illadre reject anthu",Bad,500
"Naane kodthe INR 50,000 Police station nalli, kela maadlilla andre file move aagilla",Bad,1500
"Health department officer did not delay even once, what a refreshing experience",Good,0
"INR 12,000 extorted at Revenue office in the name of processing fees — shameless 😡",Bad,50000
clerk barely looked at me at Land registration — clearly waiting for cash,Bad,0
desk officer barely looked at me at RTO — clearly waiting for cash,Bad,0
"staff member ne Building permit office mein bina kuch liye kaam kar diya, yaar yeh rare hai",Good,0
Nahin manga kuch par delay Collectorate mein clearly intentional laga,Neutral,0
"Gave INR 30,000 at Collectorate because I cannot keep taking leaves from work",Bad,5000
"Had no option but to pay INR 18,000 at Forest department — supervisor made that very clear",Bad,2000
"Straight aagi heltidru INR 20,000 kodo BESCOM nalli, illadre file close aagthade",Bad,2500
Paisa kodo illadidre docs lost aagthave anthu section officer direct aagi heltidru Taluk office nalli,Bad,20000
"INR 40,000 demanded before stamp at BESCOM — this is not how it should work",Bad,1000
"supervisor theek hota BBMP madhye, na helpful na obstructive",Neutral,0
Paisa kodo illadidre docs lost aagthave anthu staff member direct aagi heltidru Collectorate nalli,Bad,28000
"Naachaar ah INR 3,000 kuduthen Income tax office la, veru vazhi illai",Bad,7000
supervisor at Forest department said INR 800 is the processing charge — it is not official,Bad,500
"Hint purinjuchu, INR 18,000 kuduthen Forest department la, velai seekirama achu",Bad,500
"Bakwaas delay Passport office nalli, yaaru explain maadalla — thakto aadhe",Bad,0
Officer Trade licence office nalli tumba helpful aagidru yenu extra kela maadlilla,Good,0
"Average experience at Education department, supervisor processed my file eventually",Neutral,0
"duty officer directly INR 18,000 kela maade Panchayat office nalli, illadre reject anthu",Bad,2000
Paisa kodo illadidre docs lost aagthave anthu clerk direct aagi heltidru Collectorate nalli,Bad,1000
"INR 18,000 demanded before stamp at Panchayat office — this is not how it should work",Bad,2500
"Hint artham chesukoni INR 12,000 ichhanu Municipal office lo, pani ayyindi",Bad,2000
"duty officer ne seedha kaha INR 6,000 lao BESCOM mein warna application cancel",Bad,5000
"Social welfare office head clerk broker ni door chesaaru, swayamga help chesaaru 🙏",Good,0
"Surprisingly smooth experience at Income tax office, officer was very professional",Good,0
"Velai nadakkalai Labour department la, enna reason nu sollavillai senior officer 😤",Bad,0
"section officer cash INR 4,000 thagolli anthu Ration PDS office nalli, bayam haakidru",Bad,25000
"Building permit office lo chaala mandi supervisor, paniki vachaaru, paisa adagaledu 🙏",Good,0
"File moved at Taluk office after a week, no clear explanation for the delay",Neutral,3000
"The inspector at GST office demanded INR 50,000 openly with absolutely zero shame",Bad,2500
"Kotte INR 800 BBMP nalli, illadidre naann kaaj aage irthirlilla",Bad,6000
"Water board ke desk officer ne honestly explain kiya sab kuch, impressed hua",Good,0
"INR 40,000 ki demand khullam khulla Municipal office mein, koi sharam nahi 😡",Bad,5000
"Kaaj aagalla Panchayat office nalli, naale baa anthaare, frustrating tumba",Bad,0
"Delay chaala jaasti Ration PDS office lo, vere karanam undali anukunnaanu",Bad,0
"Drug control department nalli sakkath clean experience, head clerk honest aagidru",Good,0
"Forced aagi INR 5,000 thogolidru Labour department nalli, complaint kodthini 😡",Bad,10000
"Naane kodthe INR 5,000 Social welfare office nalli, kela maadlilla andre file move aagilla",Bad,5000
"Mediocre service at Labour department, head clerk was indifferent throughout",Neutral,0
"File kaadu Building permit office lo, officer kaaran cheppaleda — frustrated ayyanu 😤",Bad,0
The inspector at Social welfare office was approachable and finished my work without any hint,Good,0
Paisa adagaledu,Good,0
"Panchayat office mein clean experience, section officer ne koi paisa nahi manga",Good,0
"desk officer at Collectorate said pay INR 5,000 or come back in six months",Bad,8000
"Delay chaala jaasti Social welfare office lo, vere karanam undali anukunnaanu",Bad,0
"BESCOM processed my application same day, not a single rupee demanded",Good,0
"Forest department office tumba clean, yenu corruption illa agge — respect",Good,0
"Maine khud INR 5,000 diye Municipal office mein kyunki kaam hone wala nahi tha",Bad,12000
Zaala finally,Neutral,0
No help at all,Bad,0
Paisa kodo illadidre docs lost aagthave anthu supervisor direct aagi heltidru Collectorate nalli,Bad,7000
"officer at Building permit office threatened to cancel my file unless I paid INR 1,500 immediately",Bad,1500
"Had no option but to pay INR 5,000 at Land registration — supervisor made that very clear",Bad,45000
"Naa documents Social welfare office lo bega process ayyayi, senior officer helpful ga unnaaru",Good,0
Paisa kodo illadidre docs lost aagthave anthu officer direct aagi heltidru Drug control department nalli,Bad,25000
"Paid INR 25,000 at Municipal office voluntarily because nothing was going to move otherwise",Bad,45000
"inspector ne Municipal office mein bina kuch liye kaam kar diya, yaar yeh rare hai",Good,0
Satisfied hoon,Good,0
"Was told to pay INR 40,000 at Education department or my application would be rejected",Bad,30000
The staff member at Water board guided me through every step without expecting anything,Good,0
"senior officer cash INR 20,000 thagolli anthu Police station nalli, bayam haakidru",Bad,5000
"Paid INR 1,500 and finally left Municipal office — disgusted and angry about this whole thing",Bad,10000
section officer at Municipal office declined when I tried to offer extra money — respected that 🙏,Good,0
"INR 4,000 swayamga ichhanu Water board lo, system ila undi 😞",Bad,1500
"Paid INR 40,000 and my file was immediately processed at Ration PDS office — obvious corruption",Bad,1000
"Sad but pay maade INR 8,000 Education department nalli, system heege ide 😞",Bad,25000
"Naachaar ah INR 15,000 kuduthen Collectorate la, veru vazhi illai",Bad,2500
Experience at Municipal office was tolerable but could have been so much better,Neutral,0
"inspector direct ga INR 1,000 adige Panchayat office lo, lekapote reject antaadu",Bad,2500
"INR 1,000 ichhaanu Drug control department lo, lekapote pani avvaadu ani telisindi",Bad,2000
"INR 50,000 ki demand khullam khulla Police station mein, koi sharam nahi 😡",Bad,1500
"Land registration nalli documents bega process aadvu, desk officer cooperative aagidru",Good,0
"Dhamki deta INR 2,000 ghetla Forest department madhye, chukeeche ahe",Bad,7000
Paisa kodo illadidre docs lost aagthave anthu officer direct aagi heltidru Passport office nalli,Bad,15000
"clerk at Ration PDS office pointed at the drawer — I placed INR 15,000 inside",Bad,6000
No bribe was asked at Taluk office but the delay did feel deliberate,Neutral,0
"Naa documents BESCOM lo bega process ayyayi, section officer helpful ga unnaaru",Good,0
The section officer at Labour department was approachable and finished my work without any hint,Good,0
"File halavli nahi Ration PDS office madhye, clerk kaaran nahi saangitla — frustrated",Bad,0
"head clerk cash INR 2,500 thagolli anthu RTO nalli, bayam haakidru",Bad,1000
"INR 12,000 swayamga ichhanu Health department lo, system ila undi 😞",Bad,2500
"INR 3,000 diye Revenue office mein apni marzi se, warna aur mahine nikal jaate",Bad,2500
The clerk at Water board was slow but at least no bribe was demanded,Neutral,800
The inspector at BBMP pointed me to a broker outside — I understood the hint,Bad,0
"Khullam khulla INR 1,500 manga Ration PDS office mein, koi dar nahi tha officer ko",Bad,5000
"Files cleared in two days at Revenue office, desk officer was genuinely helpful",Good,0
"Paid INR 10,000 at Land registration under force, filing a complaint with vigilance now",Bad,2000
"Naane kodthe INR 2,500 Forest department nalli, kela maadlilla andre file move aagilla",Bad,6000
Seedha nahi bola Income tax office mein lekin feel hua staff member kuch expect kar raha tha,Bad,0
"INR 4,000 ichhaanu BESCOM lo, lekapote pani avvaadu ani telisindi",Bad,35000
"Paid INR 1,000 and finally left Forest department — disgusted and angry about this whole thing",Bad,1000
"Social welfare office ke bahar dalal khade hain, supervisor ne hi bheja lagta hai",Bad,0
The senior officer at Trade licence office was approachable and finished my work without any hint,Good,0
"clerk ne Collectorate madhye neet explain kela, paisa nahi magitla",Good,0
"head clerk okay aagidru Employment exchange nalli, aadre helpful alla bilkul",Neutral,0
"Paid INR 25,000 at Collectorate under direct threat, will file RTI complaint now",Bad,800
"senior officer at Drug control department pointed at the drawer — I placed INR 12,000 inside",Bad,2500
"Files cleared in two days at RTO, senior officer was genuinely helpful",Good,0
head clerk at Fire NOC office was polite but the process was slow and confusing,Neutral,1200
"officer ne seedha INR 2,500 magitla Water board madhye, nahi tar reject asa sangitla",Bad,1500
officer at Employment exchange pointed at the drawer — I placed INR 500 inside,Bad,2000
"Dabaav mein diya INR 1,000 Social welfare office mein, supervisor bilkul nahi dara",Bad,45000
"Work aaytu Building permit office nalli bega bega, head clerk tumba helpful aagidru",Good,0
"Income tax office nalli sakkath clean experience, head clerk honest aagidru",Good,0
"clerk ne Passport office mein file rook ke rakhi jab tak INR 4,000 nahi diye",Bad,40000
"Had no option but to pay INR 40,000 at Collectorate — supervisor made that very clear",Bad,500
"INR 6,000 swayamaa kuduthen Employment exchange la, system ippadi taan irukku 😞",Bad,35000
Got a feeling at RTO that cash was needed but no one would say it,Bad,0
"senior officer theek hota Panchayat office madhye, na helpful na obstructive",Neutral,0
"clerk at BESCOM threatened to cancel my file unless I paid INR 5,000 immediately",Bad,15000
"Clearly Social welfare office mein paisa expect kar rahe hain, hints bahut obvious hain",Bad,0
"Dhamki deta INR 800 ghetla Education department madhye, chukeeche ahe",Bad,3000
"desk officer BESCOM mein seedha nahi bolta, aankh maarta hai — hint lagta hai",Bad,0
Quick service,Good,0
"File stuck at Collectorate for over a month, staff member gives a new excuse every visit",Bad,0
"Seedha bola Trade licence office mein INR 2,500 do ya ghar jao — itna bold tha inspector",Bad,18000
"Clearly something is expected at Land registration, the hints were very obvious to me",Bad,0
"Employment exchange supervisor broker ni door chesaaru, swayamga help chesaaru 🙏",Good,0
"Naane kodthe INR 1,500 Forest department nalli, kela maadlilla andre file move aagilla",Bad,1500
"Shukriya Revenue office ke staff member ko, ek rupaya bhi nahi manga",Good,0
officer at Building permit office said technical issue every visit — same excuse for 2 months,Bad,0
inspector at RTO declined when I tried to offer extra money — respected that 🙏,Good,0
Rare clean governance — Income tax office officer did the work on time 🙏,Good,0
BBMP is a black hole for applications — section officer doesn't even make eye contact,Bad,0
"Gave INR 50,000 because the waiting game at Trade licence office was clearly never ending",Bad,7000
"INR 8,000 kuduthen BBMP la, illati velai aagaathu nu therinjuchu",Bad,3000
"INR 800 ichhaanu RTO lo, lekapote pani avvaadu ani telisindi",Bad,8000
duty officer at Health department was polite but the process was slow and confusing,Neutral,0
The head clerk at Drug control department turned away my agent and helped me directly instead,Good,0
Rare clean governance — RTO supervisor did the work on time 🙏,Good,0
Officer Fire NOC office nalli tumba helpful aagidru yenu extra kela maadlilla,Good,0
"Land registration mein bahut achha desk officer tha, koi bhi demand nahi ki bilkul",Good,0
"Maine khud INR 1,500 diye Education department mein kyunki kaam hone wala nahi tha",Bad,1500
Broker kitta poi paaru nu inspector sonna maari irukku Social welfare office la,Bad,0
"Paid INR 1,000 at Panchayat office under force, filing a complaint with vigilance now",Bad,500
Hopeless,Bad,0
"Delay achu Education department la, but paisa kettaangale illai",Neutral,0
"Cash demand of INR 6,000 made openly at Municipal office in front of other people",Bad,2500
"head clerk direct ga INR 30,000 adige Land registration lo, lekapote reject antaadu",Bad,500
"Kya karein, INR 5,000 de ke nipta liya Land registration mein 😞",Bad,1500
"duty officer at GST office was bold enough to demand INR 50,000 with cameras watching",Bad,800
"supervisor at Land registration was bold enough to demand INR 1,000 with cameras watching",Bad,800
"Cash demand of INR 2,500 made openly at Building permit office in front of other people",Bad,2000
"Hint artham chesukoni INR 1,000 ichhanu Employment exchange lo, pani ayyindi",Bad,5000
Had to visit Municipal office three times for something that should take one visit,Neutral,0
"Hint nodi naane pay maade INR 8,000 GST office ge, baere option irliilla",Bad,3000
The supervisor at Health department guided me through every step without expecting anything,Good,0
"inspector at BBMP said INR 6,000 is the processing charge — it is not official",Bad,18000
"Kaam jaldi hua Labour department mein, desk officer helpful tha aur honest bhi",Good,0
"Average experience at Employment exchange, head clerk processed my file eventually",Neutral,0
"inspector at BESCOM said INR 1,200 is the processing charge — it is not official",Bad,500
The section officer at Forest department turned away my agent and helped me directly instead,Good,0
"Taluk office nalli sakkath clean experience, duty officer honest aagidru",Good,0
"Was told to pay INR 1,200 at Income tax office or my application would be rejected",Bad,12000
RTO inspector said system is down for three weeks in a row — not buying it,Bad,0
"Three months into my application at Land registration, zero progress, very suspicious",Bad,0
"The supervisor at Income tax office demanded INR 25,000 openly with absolutely zero shame",Bad,12000
"Bribe of INR 15,000 demanded at Drug control department openly in cash, no receipt was given",Bad,45000
"What else could I do — paid INR 18,000 at Health department and tried to move on 😞",Bad,30000
"Naane kodthe INR 800 BBMP nalli, kela maadlilla andre file move aagilla",Bad,12000
"Hint purinjuchu, INR 12,000 kuduthen BBMP la, velai seekirama achu",Bad,3000
"Municipal office ke supervisor ne honestly explain kiya sab kuch, impressed hua",Good,0
"duty officer at Labour department threatened to cancel my file unless I paid INR 4,000 immediately",Bad,3000
"inspector at Municipal office was bold enough to demand INR 40,000 with cameras watching",Bad,10000
"Hint artham chesukoni INR 25,000 ichhanu Fire NOC office lo, pani ayyindi",Bad,1500
clerk barely looked at me at Education department — clearly waiting for cash,Bad,0
The desk officer at Collectorate used a middleman to collect INR 800 from me,Bad,2000
Municipal office staff finally did the job but the process was unnecessarily complicated,Neutral,0
"INR 40,000 diye Forest department mein apni marzi se, warna aur mahine nikal jaate",Bad,1500
"Velai nadakkalai Health department la, enna reason nu sollavillai senior officer 😤",Bad,0
Social welfare office head clerk said system is down for three weeks in a row — not buying it,Bad,0
"Told me flat out at Education department — pay INR 1,500 or get out of this office now",Bad,1500
"Forced ah INR 18,000 vanginaanga Building permit office la, complaint panren definitely 😡",Bad,40000
"INR 15,000 demanded before stamp at Land registration — this is not how it should work",Bad,2500
officer at Revenue office went completely silent when I asked about my file status,Bad,0
The inspector at Fire NOC office was okay — not rude but not helpful either,Neutral,0
"BESCOM lo chaala mandi supervisor, paniki vachaaru, paisa adagaledu 🙏",Good,0
The supervisor at Trade licence office was slow but at least no bribe was demanded,Neutral,1500
"Naachaar ah INR 18,000 kuduthen Income tax office la, veru vazhi illai",Bad,2500
"Everything was transparent at Collectorate, inspector did not delay my file at all",Good,0
Collectorate experience was average — clerk did the job but nothing more,Neutral,0
"Hint nodi naane pay maade INR 50,000 Passport office ge, baere option irliilla",Bad,6000
"officer seedha INR 1,000 kettikaattu Social welfare office la, illati reject pannuven nu sonnaar",Bad,8000
"INR 30,000 kela maadidru openly Land registration nalli, yenu lajja illa avrige",Bad,30000
"Average service at Passport office, senior officer was neither corrupt nor efficient",Neutral,3000
"supervisor direct ga INR 3,000 adige Employment exchange lo, lekapote reject antaadu",Bad,28000
"Dila INR 8,000 Drug control department madhye khud, inspector ne ishaara kela hota",Bad,20000
"Hint nodi naane pay maade INR 10,000 Social welfare office ge, baere option irliilla",Bad,1200
"The head clerk kept my file hostage until I paid INR 1,000 at Passport office",Bad,1000
"supervisor seedha INR 6,000 kettikaattu Fire NOC office la, illati reject pannuven nu sonnaar",Bad,8000
senior officer at RTO kept giving hints about facilitation but never said directly,Bad,0
"Documents jaldi process hue Fire NOC office mein, bahut khush hoon",Good,0
"3 murai vanthen Building permit office la, appuram taan velai achu finally",Neutral,0
"Roju raa roju raa antunnaaru Building permit office lo, pani kaadu really",Bad,0
"File halavli nahi Trade licence office madhye, section officer kaaran nahi saangitla — frustrated",Bad,0
"Gave INR 2,500 at Taluk office because I cannot keep taking leaves from work",Bad,2000
"Naanu Social welfare office nalli kaaj maadisikonde, paisa kela maadlilla — thanks",Good,0
"Fire NOC office inspector did not delay even once, what a refreshing experience",Good,0
"Forced to pay INR 18,000 at Taluk office, supervisor had no fear of CCTV at all",Bad,3000
"Demanded INR 8,000 at Panchayat office before even looking at my documents",Bad,800
"INR 15,000 voluntarily kotte BESCOM nalli, ashtu kashta padrodu beda anthu 😞",Bad,28000
Rare honest supervisor mila Income tax office mein — salute karta hoon 🫡,Good,0
"Kya karein, INR 40,000 de ke nipta liya Health department mein 😞",Bad,3000
Social welfare office staff finally did the job but the process was unnecessarily complicated,Neutral,500
Visited Passport office — senior officer was honest and work was done quickly,Good,0
"desk officer direct ga INR 25,000 adige Panchayat office lo, lekapote reject antaadu",Bad,3000
"Gave INR 2,500 on my own at Drug control department after months of completely deliberate delay",Bad,35000
"inspector hint kuduttaaru BESCOM la, direct ah sollavillai — purinjuchu",Bad,0
head clerk at Forest department declined when I tried to offer extra money — respected that 🙏,Good,0
"supervisor okay aagidru Fire NOC office nalli, aadre helpful alla bilkul",Neutral,500
section officer at RTO declined when I tried to offer extra money — respected that 🙏,Good,0
clerk at Trade licence office was polite but the process was slow and confusing,Neutral,3000
"Dhamki deta INR 3,000 ghetla Education department madhye, chukeeche ahe",Bad,5000
"Dhamki deta INR 2,500 ghetla Ration PDS office madhye, chukeeche ahe",Bad,3000
The clerk at Social welfare office handled everything without asking for a single rupee,Good,0
"Hint artham chesukoni INR 10,000 ichhanu Building permit office lo, pani ayyindi",Bad,2500
"Education department la romba nalla senior officer irundhaaru, paisa kettaangale illai 🙏",Good,0
"Went to Police station expecting to pay bribe, left without paying anything — great 😊",Good,0
"INR 3,000 extorted at Municipal office in the name of processing fees — shameless 😡",Bad,2500
"officer at Police station said pay INR 8,000 or come back in six months",Bad,25000
"Directly cash kettaanganu Water board la, INR 1,500 kuduthen",Bad,15000
Corrupt system,Bad,0
The supervisor at Health department asked unnecessary repeated questions but finally processed,Neutral,1000
"INR 2,500 kuduthen Forest department la, illati velai aagaathu nu therinjuchu",Bad,1500
"Baar baar ya uthya ya senior officer bol raha RTO madhye, thaklo ahe 😤",Bad,0
The clerk at Social welfare office asked unnecessary repeated questions but finally processed,Neutral,0
"INR 500 dile swatahun Land registration madhye, nahi tar pani jhaala nasata",Bad,500
"Naachaar ah INR 25,000 kuduthen Panchayat office la, veru vazhi illai",Bad,500
"What else could I do — paid INR 1,200 at Taluk office and tried to move on 😞",Bad,10000
Seedha bola BBMP mein INR 800 do ya ghar jao — itna bold tha supervisor,Bad,4000
Revenue office is a black hole for applications — desk officer doesn't even make eye contact,Bad,0
"section officer busy tha Municipal office mein, dhyan nahi diya, fir bhi kaam nikla",Neutral,0
"Work aaytu Trade licence office nalli bega bega, head clerk tumba helpful aagidru",Good,0
Paisa nahi,Good,0
"Hint purinjuchu, INR 1,200 kuduthen BBMP la, velai seekirama achu",Bad,6000
"3 mahine ho gaye BBMP mein, application ka koi pata nahi",Bad,0
"supervisor at Panchayat office was bold enough to demand INR 18,000 with cameras watching",Bad,2000
"inspector direct ga INR 500 adige Panchayat office lo, lekapote reject antaadu",Bad,6000
"Demanded INR 20,000 at BESCOM before even looking at my documents",Bad,25000
"Taluk office nalli documents bega process aadvu, section officer cooperative aagidru",Good,0
"The clerk kept my file hostage until I paid INR 10,000 at Police station",Bad,1000
"Chakkar kaata raha hoon Land registration ka, thak gaya yaar bilkul",Bad,0
"Forced payment INR 18,000 Employment exchange madhye, desk officer la kaahi bhiti nahi 😡",Bad,30000
"Files cleared in two days at Passport office, senior officer was genuinely helpful",Good,0
The duty officer processed my application but seemed completely least interested,Neutral,0
"Bega aaytu Ration PDS office nalli, yenu hassle illa, inspector decent aagidru",Good,0
"Chalta hai experience Taluk office mein, kaam toh hua finally yaar",Neutral,800
"The desk officer at Taluk office used a middleman to collect INR 12,000 from me",Bad,1200
"3 sartha bandidine Fire NOC office ge, yenu progress illa at all 😡",Bad,0
senior officer at Education department said technical issue every visit — same excuse for 2 months,Bad,0
"INR 30,000 ichhaanu Taluk office lo, lekapote pani avvaadu ani telisindi",Bad,12000
"INR 8,000 swayamga ichhanu Income tax office lo, system ila undi 😞",Bad,3000
"Submitted forms at Employment exchange, got stamp and signature, work done cleanly",Good,0
"Trade licence office la romba nalla desk officer irundhaaru, paisa kettaangale illai 🙏",Good,0
The officer processed my application but seemed completely least interested,Neutral,0
"inspector at RTO pointed at the drawer — I placed INR 1,200 inside",Bad,3000
The duty officer at Taluk office turned away my agent and helped me directly instead,Good,0
"staff member Health department mein seedha nahi bolta, aankh maarta hai — hint lagta hai",Bad,0
"Was told to pay INR 12,000 at RTO or my application would be rejected",Bad,10000
The senior officer at BBMP asked unnecessary repeated questions but finally processed,Neutral,500
"Kotte INR 4,000 Police station nalli, illadidre naann kaaj aage irthirlilla",Bad,50000
"Khullam khulla INR 20,000 manga Municipal office mein, koi dar nahi tha officer ko",Bad,25000
"Honest inspector at Panchayat office, I was ready to bribe but never needed to",Good,0
"Cash demand ki senior officer ne Revenue office mein — INR 50,000 le liya bina receipt ke",Bad,45000
"Ek rupaya nahi dena tha par INR 30,000 Fire NOC office mein dena pad gaya finally",Bad,10000
"senior officer cash INR 3,000 thagolli anthu Collectorate nalli, bayam haakidru",Bad,40000
"File yellide gottagalla Employment exchange nalli, section officer naale baa anthaare 😤",Bad,0
clerk at Trade licence office said bring all originals again — they already have them,Bad,0
"Straight aagi heltidru INR 30,000 kodo Drug control department nalli, illadre file close aagthade",Bad,800
"What else could I do — paid INR 8,000 at Income tax office and tried to move on 😞",Bad,4000
"INR 4,000 dile swatahun Employment exchange madhye, nahi tar pani jhaala nasata",Bad,1000
"INR 2,500 voluntarily kotte Revenue office nalli, ashtu kashta padrodu beda anthu 😞",Bad,1500
Nahin manga kuch par delay Municipal office mein clearly intentional laga,Neutral,0
"Police station mein clean experience, duty officer ne koi paisa nahi manga",Good,0
Passport office is a black hole for applications — clerk doesn't even make eye contact,Bad,0
"Average experience at Land registration, section officer processed my file eventually",Neutral,0
"BBMP staff member straight ah pannichitaanga, extra paisa illai bilkul",Good,0
"The officer at Revenue office used a middleman to collect INR 8,000 from me",Bad,7000
"INR 5,000 swayamga ichhanu Municipal office lo, system ila undi 😞",Bad,30000
supervisor at Forest department said pay INR 800 or come back in six months,Bad,800
clerk at Taluk office said bring all originals again — they already have them,Bad,0
Had to visit Panchayat office three times for something that should take one visit,Neutral,0
"Khullam khulla INR 1,200 manga GST office mein, koi dar nahi tha desk officer ko",Bad,28000
"duty officer ne seedha kaha INR 2,000 lao Passport office mein warna application cancel",Bad,5000
Work happened at Income tax office but very slowly and without any guidance given,Neutral,2500
Seedha bola Panchayat office mein INR 800 do ya ghar jao — itna bold tha desk officer,Bad,800
"Was told to pay INR 15,000 at Fire NOC office or my application would be rejected",Bad,2500
Had no option but to pay INR 800 at Forest department — section officer made that very clear,Bad,1200
"INR 50,000 dile naachaar hoton Water board la, kahi paryay navhata 😞",Bad,2000
"Straight aagi heltidru INR 1,500 kodo Social welfare office nalli, illadre file close aagthade",Bad,1000
"senior officer nodi sumnirthare Trade licence office nalli, kela maadidre naale baa anthaare",Bad,0
"Mediocre service at BESCOM, staff member was indifferent throughout",Neutral,0
Salute 🫡,Good,0
"INR 1,500 diye Drug control department mein apni marzi se, warna aur mahine nikal jaate",Bad,15000
"Paid INR 30,000 and my file was immediately processed at Employment exchange — obvious corruption",Bad,1000
Education department experience was average — head clerk did the job but nothing more,Neutral,0
"GST office section officer broker ni door chesaaru, swayamga help chesaaru 🙏",Good,0
"Okay experience at Social welfare office, officer was busy and barely acknowledged me",Neutral,2500
Paid INR 800 and work done in 10 minutes at GST office — that says everything,Bad,28000
"Paid INR 1,000 at Land registration voluntarily because nothing was going to move otherwise",Bad,2500
"inspector nodi nakkidhu Land registration nalli, yenu kela maadlilla — satisfied",Good,0
"Cash demand ki duty officer ne Income tax office mein — INR 30,000 le liya bina receipt ke",Bad,800
"Trade licence office la romba nalla supervisor irundhaaru, paisa kettaangale illai 🙏",Good,0
"File kaadu Education department lo, supervisor kaaran cheppaleda — frustrated ayyanu 😤",Bad,0
"Shukriya Trade licence office ke desk officer ko, ek rupaya bhi nahi manga",Good,0
"Paid INR 6,000 and work done in 10 minutes at Drug control department — that says everything",Bad,3000
"Dabaav mein diya INR 1,200 Taluk office mein, head clerk bilkul nahi dara",Bad,1500
"officer at RTO pointed at the drawer — I placed INR 1,200 inside",Bad,10000
"Shukriya Income tax office ke senior officer ko, ek rupaya bhi nahi manga",Good,0
"Average service at Water board, duty officer was neither corrupt nor efficient",Neutral,0
"Gave INR 20,000 on my own at Taluk office after months of completely deliberate delay",Bad,12000
Bilkul theek,Good,0
No shortcuts no bribes — Income tax office completed my work the right way,Good,0
The section officer explained the whole procedure clearly without hinting at anything,Good,0
"duty officer ne seedha kaha INR 8,000 lao Labour department mein warna application cancel",Bad,1200
Paid INR 500 and work done in 10 minutes at Revenue office — that says everything,Bad,40000
"senior officer okay aagidru Employment exchange nalli, aadre helpful alla bilkul",Neutral,0
"The section officer at Water board used a middleman to collect INR 4,000 from me",Bad,800
"officer at Drug control department pointed at the drawer — I placed INR 30,000 inside",Bad,2000
Genuinely impressed by how Drug control department supervisor handled my documents honestly,Good,0
"Land registration staff was fully transparent, no middleman required at all",Good,0
"Corruption illai GST office la, clean experience romba nalla irundhuchu",Good,0
"Kaam jaldi hua Panchayat office mein, desk officer helpful tha aur honest bhi",Good,0
"Hint artham chesukoni INR 1,200 ichhanu Ration PDS office lo, pani ayyindi",Bad,8000
Officer at BBMP was prompt and processed my request without hesitation,Good,0
"senior officer at Social welfare office pointed at the drawer — I placed INR 50,000 inside",Bad,6000
"Sad but pay maade INR 500 Income tax office nalli, system heege ide 😞",Bad,3000
"The staff member at Water board demanded INR 1,000 openly with absolutely zero shame",Bad,800
"Baar baar ya uthya ya staff member bol raha Police station madhye, thaklo ahe 😤",Bad,0
officer at Water board declined when I tried to offer extra money — respected that 🙏,Good,0
"Naane kodthe INR 2,000 Drug control department nalli, kela maadlilla andre file move aagilla",Bad,8000
"INR 4,000 dile swatahun Health department madhye, nahi tar pani jhaala nasata",Bad,500
"inspector direct ga INR 20,000 adige Trade licence office lo, lekapote reject antaadu",Bad,2500
"Hint purinjuchu, INR 15,000 kuduthen GST office la, velai seekirama achu",Bad,8000
"Fire NOC office nalli sakkath clean experience, officer honest aagidru",Good,0
The inspector at Building permit office used a middleman to collect INR 800 from me,Bad,500
"Was told to pay INR 10,000 at Social welfare office or my application would be rejected",Bad,500
"Average service BBMP mein, follow up karna pada bahut zyada",Neutral,800
"section officer RTO mein seedha nahi bolta, aankh maarta hai — hint lagta hai",Bad,0
"staff member directly INR 5,000 kela maade Ration PDS office nalli, illadre reject anthu",Bad,500
"staff member at Building permit office was bold enough to demand INR 3,000 with cameras watching",Bad,2500
"staff member direct ga INR 1,500 adige Water board lo, lekapote reject antaadu",Bad,1200
"Taluk office nalli kaaj aagolla, yaako delay anthaare explain maadalla clerk",Bad,0
"Manchiga chesaaru Police station lo, seekaragaa pani chesaaru, satisfied",Good,0
"Paid INR 25,000 and my file was immediately processed at Collectorate — obvious corruption",Bad,35000
"Hint purinjuchu, INR 1,500 kuduthen BBMP la, velai seekirama achu",Bad,45000
staff member at Police station said INR 500 is the processing charge — it is not official,Bad,7000
"Naane kodthe INR 800 Trade licence office nalli, kela maadlilla andre file move aagilla",Bad,50000
Frustrated with Taluk office — desk officer is clearly waiting but won't say for what,Bad,0
"Forced aagi INR 2,500 thogolidru Health department nalli, complaint kodthini 😡",Bad,25000
"Social welfare office nalli documents bega process aadvu, officer cooperative aagidru",Good,0
"What else could I do — paid INR 10,000 at Building permit office and tried to move on 😞",Bad,15000
Seedha nahi bola Drug control department mein lekin feel hua senior officer kuch expect kar raha tha,Bad,0
Seedha nahi bola BESCOM mein lekin feel hua senior officer kuch expect kar raha tha,Bad,0
Paisa kodo illadidre docs lost aagthave anthu officer direct aagi heltidru BESCOM nalli,Bad,1200
"Had no option but to pay INR 2,500 at Employment exchange — desk officer made that very clear",Bad,35000
officer at Health department was polite but the process was slow and confusing,Neutral,0
"desk officer theek tha Ration PDS office mein, na helpful na obstructive",Neutral,1500
"Corruption ledu Police station lo, clean experience rare ga undi",Good,0
"Education department lo chaala mandi duty officer, paniki vachaaru, paisa adagaledu 🙏",Good,0
"Told me flat out at Taluk office — pay INR 12,000 or get out of this office now",Bad,1000
"File stuck at Municipal office for over a month, officer gives a new excuse every visit",Bad,0
"section officer cash INR 10,000 thagolli anthu Labour department nalli, bayam haakidru",Bad,7000
"Revenue office nalli sakkath clean experience, clerk honest aagidru",Good,0
"Pehilya visit la kaam zaala Land registration madhye, duty officer decent hota",Good,0
"The supervisor at Employment exchange used a middleman to collect INR 6,000 from me",Bad,3000
"officer at Water board said INR 1,000 is the processing charge — it is not official",Bad,1500
"Health department mein bahut achha senior officer tha, koi bhi demand nahi ki bilkul",Good,0
"Everything was transparent at Municipal office, desk officer did not delay my file at all",Good,0
"INR 3,000 voluntarily kotte Collectorate nalli, ashtu kashta padrodu beda anthu 😞",Bad,50000
"Paid INR 25,000 at Panchayat office under force, filing a complaint with vigilance now",Bad,28000
"Land registration la nalla anubhavam, supervisor paisa kettaangale illai ✅",Good,0
"Average service at Education department, head clerk was neither corrupt nor efficient",Neutral,0
"Paid INR 50,000 and work done in 10 minutes at Collectorate — that says everything",Bad,2000
"Paid INR 2,500 at Forest department under force, filing a complaint with vigilance now",Bad,1500
"Bold aagi cash demand maadidru Panchayat office nalli, camera irthittu kuda",Bad,40000
"Sad but pay maade INR 2,000 BBMP nalli, system heege ide 😞",Bad,1200
The inspector at Taluk office made excuses about missing signatures every visit,Bad,0
"Average experience at Employment exchange, desk officer processed my file eventually",Neutral,500
The staff member at Taluk office handled everything without asking for a single rupee,Good,0
Employment exchange experience was average — officer did the job but nothing more,Neutral,0
Employment exchange lo pani ayyindi kaani chaala time pattindi unnecessarily,Neutral,1000
"BESCOM officer tumba honest, ek rupee expect maadlilla",Good,0
"Naa documents Drug control department lo bega process ayyayi, section officer helpful ga unnaaru",Good,0
"INR 1,200 kuduthen Police station la, illati velai aagaathu nu therinjuchu",Bad,28000
"Straight aagi heltidru INR 50,000 kodo RTO nalli, illadre file close aagthade",Bad,18000
"Dila INR 500 Education department madhye khud, senior officer ne ishaara kela hota",Bad,40000
"Panchayat office nalli kaaj aagolla, yaako delay anthaare explain maadalla duty officer",Bad,0
"supervisor hint ichhaaru Forest department lo, direct ga cheppaledu — artham ayyindi",Bad,0
"Social welfare office la nalla anubhavam, officer paisa kettaangale illai ✅",Good,0
"staff member nodi sumnirthare Trade licence office nalli, kela maadidre naale baa anthaare",Bad,0
"INR 500 ki demand khullam khulla Water board mein, koi sharam nahi 😡",Bad,7000
First time government office nalli itna clean anubhava Collectorate nalli,Good,0
"INR 1,000 swayamga ichhanu GST office lo, system ila undi 😞",Bad,3000
Extortion ahe,Bad,28000
"Social welfare office nalli documents bega process aadvu, staff member cooperative aagidru",Good,0
"The head clerk at Taluk office used a middleman to collect INR 20,000 from me",Bad,10000
"Pehilya visit la kaam zaala Drug control department madhye, officer decent hota",Good,0
My file was at the bottom of the pile at Education department for no valid reason at all,Bad,0
"Seedha bola RTO mein INR 25,000 do ya ghar jao — itna bold tha supervisor",Bad,500
"Forced to pay INR 4,000 at Building permit office, supervisor had no fear of CCTV at all",Bad,800
"INR 25,000 ki demand khullam khulla Drug control department mein, koi sharam nahi 😡",Bad,1200
"Sad but pay maade INR 500 Land registration nalli, system heege ide 😞",Bad,1000
"Collectorate office tumba clean, yenu corruption illa agge — respect",Good,0
"Surprisingly smooth experience at Education department, officer was very professional",Good,0
"Shukriya Income tax office ke desk officer ko, ek rupaya bhi nahi manga",Good,0
"supervisor okay ga unnaru BBMP lo, helpful kaadu but",Neutral,0
"Seedha bola RTO mein INR 40,000 do ya ghar jao — itna bold tha supervisor",Bad,7000
"Gave INR 15,000 at Education department after officer rejected my correct documents twice",Bad,800
"supervisor at Panchayat office said pay INR 5,000 or come back in six months",Bad,5000
section officer at Education department was polite but the process was slow and confusing,Neutral,0
"clerk ne BESCOM mein file rook ke rakhi jab tak INR 30,000 nahi diye",Bad,18000
Employment exchange clerk keeps saying come back tomorrow — classic delay tactic,Bad,0
"What else could I do — paid INR 2,000 at Taluk office and tried to move on 😞",Bad,500
"desk officer ne seedha INR 800 magitla Income tax office madhye, nahi tar reject asa sangitla",Bad,10000
Paisa kodo illadidre docs lost aagthave anthu duty officer direct aagi heltidru Land registration nalli,Bad,3000
"supervisor ne BESCOM mein bina kuch liye kaam kar diya, yaar yeh rare hai",Good,0
"duty officer nodi nakkidhu Building permit office nalli, yenu kela maadlilla — satisfied",Good,0
Rare clean governance — Police station clerk did the work on time 🙏,Good,0
"staff member ne seedha INR 18,000 magitla Revenue office madhye, nahi tar reject asa sangitla",Bad,3000
The duty officer at Employment exchange used a middleman to collect INR 800 from me,Bad,25000
"duty officer at BBMP was bold enough to demand INR 6,000 with cameras watching",Bad,45000
"senior officer seedha INR 20,000 kettikaattu Municipal office la, illati reject pannuven nu sonnaar",Bad,800
"INR 6,000 dile swatahun Fire NOC office madhye, nahi tar pani jhaala nasata",Bad,800
"File moved at Employment exchange after a week, no clear explanation for the delay",Neutral,3000
"Kaaj aagalla Labour department nalli, naale baa anthaare, frustrating tumba",Bad,0
"Hint nodi naane pay maade INR 20,000 Passport office ge, baere option irliilla",Bad,15000
"Shukriya GST office ke inspector ko, ek rupaya bhi nahi manga",Good,0
"Khullam khulla INR 30,000 manga BBMP mein, koi dar nahi tha desk officer ko",Bad,1500
"Hint purinjuchu, INR 5,000 kuduthen Taluk office la, velai seekirama achu",Bad,10000
The head clerk explained the whole procedure clearly without hinting at anything,Good,0
"Delay chaala jaasti BBMP lo, vere karanam undali anukunnaanu",Bad,0
"Drug control department desk officer straight ah pannichitaanga, extra paisa illai bilkul",Good,0
"Pehilya visit la kaam zaala Labour department madhye, head clerk decent hota",Good,0
"The desk officer kept my file hostage until I paid INR 25,000 at Labour department",Bad,7000
"File halavli nahi Social welfare office madhye, staff member kaaran nahi saangitla — frustrated",Bad,0
"Paid INR 4,000 and finally left Land registration — disgusted and angry about this whole thing",Bad,15000
"3 baar aana pada Passport office mein, tab jaake kaam hua finally",Neutral,2500
The officer at BESCOM was approachable and finished my work without any hint,Good,0
"Was told to pay INR 10,000 at Land registration or my application would be rejected",Bad,15000
"Gave INR 1,200 at Police station after duty officer rejected my correct documents twice",Bad,3000
"head clerk RTO mein seedha nahi bolta, aankh maarta hai — hint lagta hai",Bad,0
"Cash demand ki section officer ne Building permit office mein — INR 2,000 le liya bina receipt ke",Bad,18000
Rare honest supervisor mila Land registration mein — salute karta hoon 🫡,Good,0
"Panchayat office staff was fully transparent, no middleman required at all",Good,0
Thanks,Good,0
"Work done at Employment exchange without paying anything extra, very satisfied",Good,0
"Sad but pay maade INR 3,000 Police station nalli, system heege ide 😞",Bad,25000
"BESCOM la romba nalla section officer irundhaaru, paisa kettaangale illai 🙏",Good,0
"Bribe of INR 2,000 demanded at Building permit office openly in cash, no receipt was given",Bad,28000
"The section officer at Trade licence office demanded INR 4,000 openly with absolutely zero shame",Bad,500
"3 mahine ho gaye Building permit office mein, application ka koi pata nahi",Bad,0
"Seedha bola BBMP mein INR 5,000 do ya ghar jao — itna bold tha officer",Bad,6000
"supervisor direct ga INR 800 adige Police station lo, lekapote reject antaadu",Bad,1500
"INR 25,000 ki demand khullam khulla BESCOM mein, koi sharam nahi 😡",Bad,1200
"Dabaav mein diya INR 5,000 Social welfare office mein, clerk bilkul nahi dara",Bad,1200
"Maine khud INR 12,000 diye Passport office mein kyunki kaam hone wala nahi tha",Bad,7000
"INR 500 kuduthen Drug control department la, illati velai aagaathu nu therinjuchu",Bad,45000
"Employment exchange officer broker ni door chesaaru, swayamga help chesaaru 🙏",Good,0
"staff member at Collectorate was bold enough to demand INR 8,000 with cameras watching",Bad,1200
"Told me flat out at Education department — pay INR 5,000 or get out of this office now",Bad,18000
Seedha nahi bola Water board mein lekin feel hua officer kuch expect kar raha tha,Bad,0
"INR 15,000 ichhaanu Income tax office lo, lekapote pani avvaadu ani telisindi",Bad,3000
"Bega aaytu Trade licence office nalli, yenu hassle illa, officer decent aagidru",Good,0
"Bribe of INR 800 demanded at Social welfare office openly in cash, no receipt was given",Bad,4000
"supervisor at GST office said pay INR 3,000 or come back in six months",Bad,6000
"Health department la nalla anubhavam, inspector paisa kettaangale illai ✅",Good,0
"Everything was transparent at Collectorate, staff member did not delay my file at all",Good,0
"Bribe of INR 12,000 demanded at Health department openly in cash, no receipt was given",Bad,12000
"Paid INR 3,000 at Municipal office under force, filing a complaint with vigilance now",Bad,1200
"Files cleared in two days at Education department, inspector was genuinely helpful",Good,0
"GST office nalli documents bega process aadvu, inspector cooperative aagidru",Good,0
Rare honest clerk mila Fire NOC office mein — salute karta hoon 🫡,Good,0
"Dhamki deta INR 8,000 ghetla Municipal office madhye, chukeeche ahe",Bad,28000
"INR 30,000 kela maadidru openly Water board nalli, yenu lajja illa avrige",Bad,15000
"Mediocre service at Income tax office, clerk was indifferent throughout",Neutral,0
"Gave INR 2,500 at Drug control department after clerk rejected my correct documents twice",Bad,500
"Dabaav mein diya INR 18,000 Revenue office mein, senior officer bilkul nahi dara",Bad,6000
"INR 2,000 ki demand khullam khulla Trade licence office mein, koi sharam nahi 😡",Bad,1500
"supervisor ne seedha INR 2,000 magitla Education department madhye, nahi tar reject asa sangitla",Bad,500
Health department head clerk deserves appreciation — zero corruption witnessed,Good,0
"Broker illama velai achu Water board la, head clerk honest ah irundhaaru",Good,0
"Ek rupaya nahi dena tha par INR 4,000 Education department mein dena pad gaya finally",Bad,40000
